film_id,actor_id,role,order_in_cast
100017,nm0478439,,
100017,nm0511892,,
100017,nm0629855,,
100017,nm0824785,,
100017,nm2185539,,
100017,nm2766807,,
100017,nm4210000,,
100017,nm4913654,,
100017,nm5114875,,
100017,nm5319332,,
100042,nm0001559,,
100042,nm0232655,,
100042,nm0255695,,
100042,nm0256216,,
100042,nm0335497,,
100042,nm0539439,,
100042,nm0565887,,
100042,nm0634282,,
100042,nm0862915,,
100042,nm0905422,,
100838,nm4469206,,
101938,nm0000022,,
101938,nm0001544,,
101938,nm0027323,,
101938,nm0151370,,
101938,nm0388303,,
101938,nm0392442,,
101938,nm0549773,,
101938,nm0579663,,
101938,nm0619798,,
101938,nm0621002,,
102150,nm0000734,,
102150,nm0001654,,
102150,nm0146928,,
102150,nm0448366,,
102150,nm0485537,,
102150,nm0514344,,
102150,nm0606998,,
102150,nm0794700,,
102150,nm0856074,,
102150,nm0943837,,
102248,nm0161275,,
102248,nm0477231,,
102248,nm0490615,,
102248,nm0512752,,
102248,nm0656647,,
102248,nm0875023,,
102248,nm1507401,,
102248,nm1843042,,
102248,nm2051160,,
102248,nm2055642,,
102677,nm0241121,,
102677,nm0500976,,
102677,nm1995246,,
102677,nm2428982,,
102677,nm3437014,,
102677,nm3437713,,
102677,nm3506633,,
102677,nm3636232,,
102677,nm4903396,,
102677,nm4904166,,
1029,nm0001359,,
1029,nm0082884,,
1029,nm0088285,,
1029,nm0112395,,
1029,nm0158897,,
1029,nm0249893,,
1029,nm0271658,,
1029,nm0303990,,
1029,nm16907947,,
1029,nm16908065,,
102972,nm1040775,,
102972,nm1041989,,
102972,nm1173131,,
102972,nm1395349,,
102972,nm1570941,,
102972,nm2412822,,
102972,nm3503715,,
102972,nm3504435,,
102972,nm4633791,,
102972,nm4637133,,
1030,nm0000822,,
1030,nm0000999,,
1030,nm0001682,,
1030,nm0001859,,
1030,nm0197715,,
1030,nm0443801,,
1030,nm0551171,,
1030,nm0604670,,
1030,nm0714761,,
1030,nm0879006,,
103139,nm0324496,,
103139,nm11450626,,
103139,nm11450627,,
103139,nm11450628,,
103139,nm1253955,,
103139,nm1360152,,
103139,nm1411991,,
103139,nm1896168,,
103139,nm4568834,,
103139,nm5017775,,
103241,nm0001322,,
103241,nm0002369,,
103241,nm0039510,,
103241,nm0086262,,
103241,nm0221107,,
103241,nm0362570,,
103241,nm0365281,,
103241,nm0431139,,
103241,nm0731499,,
103241,nm0861530,,
103614,nm0007395,,
103614,nm0139003,,
103614,nm0294617,,
103614,nm0358373,,
103614,nm0441471,,
103614,nm1464252,,
103614,nm2382425,,
103614,nm2384572,,
103614,nm2385361,,
103614,nm2386690,,
104243,nm0003244,,
104243,nm0004874,,
104243,nm0087245,,
104243,nm0755267,,
104243,nm0874232,,
104243,nm0881631,,
104243,nm0940158,,
104243,nm1074355,,
104243,nm1176985,,
104243,nm2506835,,
104504,nm0576017,,
104504,nm0654295,,
104504,nm0919996,,
104504,nm1146916,,
104504,nm1393363,,
104504,nm1469275,,
104504,nm1717541,,
104504,nm1978998,,
104504,nm3055497,,
104504,nm3568338,,
104843,nm0000205,,
104843,nm0089485,,
104843,nm0339304,,
104843,nm0705537,,
104843,nm0742694,,
104843,nm0766924,,
104843,nm1239813,,
104843,nm2967091,,
104843,nm4048956,,
104843,nm4743361,,
105084,nm0012778,,
105084,nm1004887,,
105084,nm1059103,,
105084,nm1299011,,
105084,nm1656076,,
105084,nm1967908,,
105084,nm3013596,,
105084,nm3741799,,
105084,nm4455797,,
105084,nm4619181,,
105144,nm0056249,,
105144,nm0162882,,
105144,nm0184392,,
105144,nm0541909,,
105144,nm0611889,,
105144,nm0726994,,
105144,nm0818454,,
105144,nm0970075,,
105144,nm2724626,,
105446,nm1007182,,
105446,nm1007742,,
105446,nm1039851,,
105446,nm1039991,,
105446,nm1040735,,
105446,nm1040975,,
105446,nm1041360,,
105446,nm1041585,,
105446,nm1041693,,
105446,nm1233508,,
105470,nm0000276,,
105470,nm0000418,,
105470,nm0005068,,
105470,nm0189488,,
105470,nm0604510,,
105470,nm1162399,,
105470,nm1463426,,
105470,nm1571804,,
105470,nm2267372,,
105470,nm2471273,,
105952,nm1899576,,
105952,nm3195039,,
106822,nm0045011,,
106822,nm0059303,,
106822,nm0160739,,
106822,nm0397066,,
106822,nm0474400,,
106822,nm0883438,,
106822,nm0888597,,
106822,nm3147745,,
106822,nm3520541,,
106822,nm8273482,,
107430,nm0000951,,
107430,nm0030516,,
107430,nm0031398,,
107430,nm0158078,,
107430,nm0359969,,
107430,nm0446037,,
107430,nm0488048,,
107430,nm0588984,,
107430,nm0828572,,
107430,nm0864869,,
107432,nm0000910,,
107432,nm0001195,,
107432,nm0001637,,
107432,nm0001695,,
107432,nm0002118,,
107432,nm0051628,,
107432,nm0154868,,
107432,nm0314328,,
107432,nm0397397,,
107432,nm0567756,,
107466,nm0256387,,
107466,nm0290986,,
107466,nm0415617,,
107466,nm0442008,,
107466,nm0502425,,
107466,nm0581909,,
107466,nm0705118,,
107466,nm0706182,,
107466,nm0870094,,
107466,nm0870170,,
107658,nm0000288,,
107658,nm0000489,,
107658,nm0000961,,
107658,nm0030153,,
107658,nm0257810,,
107658,nm0638837,,
107658,nm0681754,,
107658,nm0831419,,
107658,nm0946670,,
107658,nm0948772,,
107747,nm0031412,,
107747,nm0097736,,
107747,nm0129411,,
107747,nm0133719,,
107747,nm0323619,,
107747,nm0364800,,
107747,nm0493449,,
107747,nm0526927,,
107747,nm0556209,,
107747,nm0665003,,
108936,nm0001479,,
108936,nm0001635,,
108936,nm0116897,,
108936,nm0151370,,
108936,nm0156005,,
108936,nm0164003,,
108936,nm0182617,,
108936,nm0317224,,
108936,nm0336770,,
108936,nm0452128,,
109203,nm0203076,,
109203,nm0249086,,
109203,nm0291829,,
109203,nm0297249,,
109203,nm0511798,,
109203,nm0607504,,
109203,nm0871876,,
109203,nm0874502,,
109203,nm0926183,,
109203,nm0939931,,
109241,nm0008506,,
109241,nm0094858,,
109241,nm0480850,,
109241,nm0545838,,
109241,nm0951456,,
109241,nm1082477,,
109241,nm1493817,,
109241,nm1763487,,
109241,nm3362182,,
109241,nm5370774,,
109353,nm0001079,,
109353,nm0020367,,
109353,nm0151370,,
109353,nm0197314,,
109353,nm0290190,,
109353,nm0414090,,
109353,nm0528658,,
109353,nm0639385,,
109353,nm0801193,,
109353,nm0931525,,
109793,nm0001248,,
109793,nm0083280,,
109793,nm0119321,,
109793,nm0201673,,
109793,nm0205040,,
109793,nm0281661,,
109793,nm0593523,,
109793,nm0910611,,
109793,nm0932565,,
109793,nm5650959,,
110223,nm0000634,,
110223,nm0292802,,
110223,nm0420383,,
110223,nm0447305,,
110223,nm0744395,,
110223,nm0770711,,
110223,nm0797268,,
110223,nm0813961,,
110223,nm0931702,,
110223,nm0934179,,
110316,nm0000809,,
110316,nm0077987,,
110316,nm0320762,,
110316,nm0327262,,
110316,nm0501256,,
110316,nm0508293,,
110316,nm0671844,,
110316,nm0812073,,
110316,nm0895761,,
110316,nm1164241,,
110560,nm0007127,,
110560,nm0044011,,
110560,nm0095718,,
110560,nm0115429,,
110560,nm0261390,,
110560,nm0299233,,
110560,nm0367742,,
110560,nm0494863,,
110560,nm0512305,,
110560,nm0823592,,
110763,nm0000649,,
110763,nm0001156,,
110763,nm0004767,,
110763,nm0110708,,
110763,nm0137030,,
110763,nm0221615,,
110763,nm0691170,,
110763,nm0853041,,
110763,nm0893666,,
110763,nm0957922,,
112001,nm0020200,,
112001,nm0057422,,
112001,nm0086706,,
112001,nm0137046,,
112001,nm0140895,,
112001,nm0201626,,
112001,nm0335070,,
112001,nm0417552,,
112001,nm0522767,,
112001,nm0855763,,
112204,nm0015391,,
112204,nm0096458,,
112204,nm0247702,,
112204,nm0254381,,
112204,nm0307500,,
112204,nm0363515,,
112204,nm0371754,,
112204,nm0681740,,
112204,nm0852365,,
112204,nm0949355,,
1128,nm0000105,,
1128,nm0000130,,
1128,nm0001358,,
1128,nm0001463,,
1128,nm0002144,,
1128,nm0040662,,
1128,nm0134110,,
1128,nm0194234,,
1128,nm0477341,,
1128,nm0593792,,
113492,nm0000748,,
113492,nm0000891,,
113492,nm0027566,,
113492,nm0054253,,
113492,nm0179786,,
113492,nm0237025,,
113492,nm0313438,,
113492,nm0502766,,
113492,nm0665842,,
113492,nm0702798,,
113585,nm0000817,,
113585,nm0001651,,
113585,nm0113184,,
113585,nm0163785,,
113585,nm0206478,,
113585,nm0281329,,
113585,nm0322345,,
113585,nm0455491,,
113585,nm0541766,,
113585,nm0849586,,
113989,nm0001577,,
113989,nm0002183,,
113989,nm0003110,,
113989,nm0018540,,
113989,nm0036427,,
113989,nm0178439,,
113989,nm0241523,,
113989,nm0364200,,
113989,nm0387561,,
113989,nm0514250,,
114172,nm0163648,,
114172,nm0217567,,
114172,nm0272059,,
114172,nm0310980,,
114172,nm0364710,,
114172,nm0521919,,
114172,nm0531759,,
114172,nm0568282,,
114172,nm0668391,,
114172,nm0721706,,
114396,nm0000518,,
114396,nm0004747,,
114396,nm0034733,,
114396,nm0206257,,
114396,nm0671567,,
114396,nm1065229,,
114396,nm1502216,,
114396,nm2790265,,
114396,nm3265604,,
114396,nm5550165,,
114429,nm0049658,,
114429,nm0119664,,
114429,nm0133852,,
114429,nm0162502,,
114429,nm0347270,,
114429,nm0578979,,
114429,nm0751917,,
114429,nm0764010,,
114429,nm0798611,,
114429,nm0874579,,
114642,nm0010958,,
114642,nm0011389,,
114642,nm0032221,,
114642,nm0068235,,
114642,nm0163417,,
114642,nm0399955,,
114642,nm0444740,,
114642,nm0729480,,
114642,nm0920328,,
114642,nm0920607,,
114818,nm0004695,,
114818,nm0197647,,
114818,nm0933940,,
114818,nm1159180,,
114818,nm2395937,,
114818,nm2626488,,
114818,nm3707003,,
114818,nm4535518,,
1155,nm0054007,,
1155,nm0330682,,
1155,nm0563414,,
1155,nm0637477,,
1155,nm0698231,,
1155,nm0843115,,
1155,nm0844378,,
1155,nm0936789,,
1155,nm2131243,,
1155,nm2134327,,
115779,nm0001316,,
115779,nm0341100,,
115779,nm0491048,,
115779,nm0531705,,
115779,nm0550615,,
115779,nm0725122,,
115779,nm0752846,,
115779,nm0836724,,
115779,nm0873845,,
115779,nm3023064,,
115784,nm0001316,,
115784,nm0047459,,
115784,nm0086176,,
115784,nm0086560,,
115784,nm0103362,,
115784,nm0288830,,
115784,nm0443891,,
115784,nm0491048,,
115784,nm0535006,,
115784,nm0665886,,
115903,nm0001953,,
115903,nm0406099,,
115903,nm0458460,,
115903,nm0652311,,
115903,nm0716795,,
115903,nm0825587,,
115903,nm1432815,,
115903,nm2011824,,
115903,nm2356421,,
115903,nm3896742,,
116283,nm0194621,,
116283,nm0579239,,
116283,nm0673028,,
116283,nm0758394,,
116283,nm1370030,,
116283,nm1370969,,
1163,nm0001960,,
1163,nm0214549,,
1163,nm0298843,,
1163,nm0309395,,
1163,nm0471164,,
1163,nm0805858,,
1163,nm0851731,,
1163,nm0859740,,
1163,nm0959113,,
1163,nm0959897,,
116487,nm0207338,,
116487,nm0273075,,
116487,nm0667065,,
116487,nm1049183,,
116487,nm1104624,,
116487,nm1388724,,
116487,nm1920729,,
116487,nm1955631,,
116487,nm2778847,,
116487,nm3960953,,
116489,nm0590819,,
116489,nm1248314,,
116489,nm1502238,,
116489,nm1727781,,
116489,nm2072214,,
116489,nm2297989,,
116489,nm2991045,,
116489,nm4083763,,
116489,nm4966502,,
116489,nm5042046,,
116604,nm0001016,,
116604,nm0094188,,
116604,nm0528433,,
116604,nm0908914,,
116604,nm3061733,,
116604,nm3075837,,
116604,nm3194118,,
116604,nm3374112,,
116604,nm3426766,,
116604,nm4866661,,
116927,nm0007218,,
116927,nm0007941,,
116927,nm0140865,,
116927,nm0182579,,
116927,nm0199335,,
116927,nm0337113,,
116927,nm0625167,,
116927,nm0723634,,
116927,nm0816475,,
116927,nm0926338,,
116929,nm0029456,,
116929,nm0099608,,
116929,nm0114319,,
116929,nm0141651,,
116929,nm0255199,,
116929,nm0281955,,
116929,nm0387561,,
116929,nm0397397,,
116929,nm0558434,,
116929,nm0857124,,
117312,nm0462094,,
117312,nm0638762,,
117312,nm1440023,,
117312,nm2009674,,
117312,nm2444835,,
117312,nm2753909,,
117312,nm3991275,,
117312,nm5917942,,
117312,nm7970074,,
117312,nm7970075,,
117348,nm0001836,,
117348,nm0005026,,
117348,nm0005406,,
117348,nm0065128,,
117348,nm0232800,,
117348,nm0765493,,
117348,nm0796676,,
117348,nm1056583,,
117348,nm1442940,,
117348,nm2172081,,
117590,nm0000098,,
117590,nm0000228,,
117590,nm0000867,,
117590,nm0004937,,
117590,nm0005441,,
117590,nm0052186,,
117590,nm0206359,,
117590,nm0837177,,
117590,nm0910607,,
117590,nm1517976,,
117644,nm0056719,,
117644,nm0146928,,
117644,nm0245304,,
117644,nm0253141,,
117644,nm0523089,,
117644,nm0533692,,
117644,nm0582551,,
117644,nm0612847,,
117644,nm0642180,,
117644,nm0821282,,
117668,nm0024414,,
117668,nm1555535,,
117668,nm1572177,,
117668,nm3012273,,
117668,nm3449847,,
117668,nm3775036,,
117668,nm3908997,,
117668,nm3917038,,
117668,nm4676086,,
117668,nm4686782,,
117877,nm0023832,,
117877,nm0126870,,
117877,nm0169300,,
117877,nm0255475,,
117877,nm0271408,,
117877,nm0435726,,
117877,nm0603586,,
117877,nm0699659,,
117877,nm1460782,,
117877,nm2082567,,
118470,nm0049673,,
118470,nm0080811,,
118470,nm0092231,,
118470,nm0106394,,
118470,nm0144693,,
118470,nm0534972,,
118470,nm0677595,,
118470,nm0824389,,
118470,nm0892891,,
118470,nm0959672,,
118736,nm0000919,,
118736,nm0096338,,
118736,nm0179059,,
118736,nm0248815,,
118736,nm0266741,,
118736,nm0271417,,
118736,nm0293771,,
118736,nm0541446,,
118736,nm0580664,,
118736,nm0650753,,
118800,nm0177260,,
118800,nm0338427,,
118800,nm0375036,,
118800,nm0489861,,
118800,nm0506582,,
118800,nm0511798,,
118800,nm0523051,,
118800,nm0548971,,
118800,nm0599727,,
118800,nm0887610,,
119035,nm0018131,,
119035,nm0093585,,
119035,nm0136529,,
119035,nm0209634,,
119035,nm0267838,,
119035,nm0347842,,
119035,nm0376101,,
119035,nm0551429,,
119035,nm0587401,,
119035,nm0889242,,
119155,nm0000245,,
119155,nm0001774,,
119155,nm0001813,,
119155,nm0005562,,
119155,nm0176869,,
119155,nm0315041,,
119155,nm1405398,,
119155,nm1711114,,
119155,nm1785339,,
119155,nm2313103,,
119208,nm0000026,,
119208,nm0000910,,
119208,nm0062667,,
119208,nm0104770,,
119208,nm0288830,,
119208,nm0309641,,
119208,nm0422436,,
119208,nm0634313,,
119208,nm0682074,,
119208,nm0768178,,
1197,nm0000144,,
1197,nm0000393,,
1197,nm0000625,,
1197,nm0000705,,
1197,nm0000764,,
1197,nm0001302,,
1197,nm0001597,,
1197,nm0001697,,
1197,nm0001728,,
1197,nm0177228,,
120234,nm0083433,,
120234,nm0121819,,
120234,nm0183764,,
120234,nm0189972,,
120234,nm0341558,,
120234,nm0500588,,
120234,nm0538472,,
120234,nm0550552,,
120234,nm0599766,,
120234,nm0793916,,
120252,nm0001549,,
120252,nm0030194,,
120252,nm0185883,,
120252,nm0219666,,
120252,nm0335070,,
120252,nm0410361,,
120252,nm0455490,,
120252,nm0488814,,
120252,nm0548001,,
120252,nm0926691,,
120490,nm0001119,,
120490,nm0001811,,
120490,nm0191745,,
120490,nm0509776,,
120490,nm0521112,,
120490,nm0562807,,
120490,nm0654089,,
120490,nm0674629,,
120490,nm0846407,,
120490,nm0866835,,
121194,nm0000505,,
121194,nm0005442,,
121194,nm0187719,,
121194,nm1018488,,
121194,nm1347153,,
121194,nm1748489,,
121194,nm2072060,,
121194,nm2126101,,
121194,nm2375297,,
121194,nm3164835,,
121277,nm0112492,,
121277,nm0416849,,
121277,nm0793532,,
121277,nm1438275,,
121277,nm1731487,,
121277,nm1792652,,
121277,nm1807645,,
121277,nm2929749,,
121277,nm3151284,,
121277,nm3542367,,
121296,nm0000886,,
121296,nm0001121,,
121296,nm0001450,,
121296,nm0001500,,
121296,nm0001693,,
121296,nm0062642,,
121296,nm0262748,,
121296,nm0285576,,
121296,nm0667292,,
121296,nm0819238,,
121300,nm0117697,,
121300,nm0350351,,
121300,nm0540804,,
121300,nm0559326,,
121300,nm0846281,,
121300,nm1070602,,
121300,nm1183178,,
121300,nm1579899,,
121300,nm1959500,,
121300,nm3457170,,
121350,nm0004767,,
121350,nm0198030,,
121350,nm0272462,,
121350,nm0287804,,
121350,nm0331054,,
121350,nm0331068,,
121350,nm0331189,,
121350,nm0364375,,
121350,nm0391400,,
121350,nm0432921,,
121626,nm0001547,,
121626,nm0002022,,
121626,nm0041466,,
121626,nm0218131,,
121626,nm0223290,,
121626,nm0418148,,
121626,nm0581277,,
121626,nm0624883,,
121626,nm0833865,,
121626,nm0915557,,
121693,nm0003224,,
121693,nm0071636,,
121693,nm0151420,,
121693,nm0166477,,
121693,nm0267912,,
121693,nm0694205,,
121693,nm0731376,,
121693,nm0862086,,
121693,nm0907404,,
121693,nm2272904,,
121731,nm0023569,,
121731,nm0078921,,
121731,nm0168939,,
121731,nm0382954,,
121731,nm0603646,,
121731,nm0752878,,
121731,nm0888349,,
121731,nm0914246,,
121731,nm0935996,,
121731,nm0950958,,
121827,nm0042960,,
121827,nm0052435,,
121827,nm0055151,,
121827,nm0122834,,
121827,nm0232213,,
121827,nm0239041,,
121827,nm0247305,,
121827,nm0521937,,
121827,nm0928207,,
121827,nm0946363,,
121847,nm0001179,,
121847,nm0001514,,
121847,nm0002145,,
121847,nm0019704,,
121847,nm0072578,,
121847,nm0171713,,
121847,nm0407810,,
121847,nm0603682,,
121847,nm0688384,,
121847,nm0846407,,
121913,nm0070757,,
121913,nm0170969,,
121913,nm0201728,,
121913,nm0259816,,
121913,nm0307325,,
121913,nm0371123,,
121913,nm0445523,,
121913,nm0728230,,
121913,nm0892473,,
121913,nm0940579,,
122009,nm0001195,,
122009,nm0183918,,
122009,nm0269771,,
122009,nm0363227,,
122009,nm0443889,,
122009,nm0637789,,
122009,nm0689461,,
122009,nm0907386,,
122009,nm0949835,,
122009,nm4594399,,
122216,nm0000817,,
122216,nm0000859,,
122216,nm0041172,,
122216,nm0206478,,
122216,nm0242562,,
122216,nm0318070,,
122216,nm0352774,,
122216,nm0385594,,
122216,nm0455491,,
122216,nm0671738,,
122226,nm0007217,,
122226,nm0103708,,
122226,nm0195235,,
122226,nm0213619,,
122226,nm0504125,,
122226,nm0574686,,
122226,nm0604605,,
122226,nm0656712,,
122226,nm0725891,,
122226,nm0757064,,
122441,nm0000587,,
122441,nm0113632,,
122441,nm0174928,,
122441,nm0370144,,
122441,nm0396819,,
122441,nm0447648,,
122441,nm0448256,,
122441,nm0507714,,
122441,nm0568493,,
122441,nm0939642,,
122476,nm0004980,,
122476,nm0005535,,
122476,nm0006718,,
122476,nm0018416,,
122476,nm0237222,,
122476,nm0414130,,
122476,nm0437283,,
122476,nm0586951,,
122476,nm0587431,,
122476,nm0915762,,
122657,nm0308299,,
122657,nm1638013,,
122657,nm1724709,,
122657,nm2077552,,
122657,nm2209074,,
122657,nm2339092,,
122657,nm2755651,,
122657,nm3083922,,
122657,nm4635205,,
122657,nm4637088,,
122741,nm0000811,,
122741,nm0002088,,
122741,nm0039068,,
122741,nm0197673,,
122741,nm0424706,,
122741,nm0566947,,
122741,nm0658885,,
122741,nm0725543,,
122741,nm0877069,,
122741,nm2453597,,
122928,nm0129254,,
122928,nm0215803,,
122928,nm0273312,,
122928,nm0303918,,
122928,nm0520636,,
122928,nm0554970,,
122928,nm0555056,,
122928,nm0616414,,
122928,nm0654841,,
122928,nm0959575,,
122956,nm0003895,,
122956,nm0012395,,
122956,nm0187981,,
122956,nm0417644,,
122958,nm0001019,,
122958,nm0152420,,
122958,nm0193495,,
122958,nm0400194,,
122958,nm0437076,,
122958,nm0499223,,
122958,nm0598282,,
122958,nm0613787,,
122958,nm0817275,,
122958,nm0925857,,
123065,nm12929562,,
123065,nm2551393,,
123065,nm2616477,,
123065,nm2622794,,
123065,nm3118933,,
123065,nm3119031,,
123065,nm3665757,,
123065,nm3666482,,
123065,nm3889821,,
123065,nm3890763,,
123246,nm0138885,,
123246,nm0160130,,
123246,nm0260722,,
123246,nm0269709,,
123246,nm0357111,,
123246,nm0510134,,
123246,nm0663183,,
123246,nm0828523,,
123246,nm0886870,,
123246,nm0949876,,
123258,nm0000057,,
123258,nm0001366,,
123258,nm0099583,,
123258,nm0131593,,
123258,nm0191745,,
123258,nm0210116,,
123258,nm0278740,,
123258,nm0395004,,
123258,nm0424228,,
123258,nm0731182,,
123391,nm0000855,,
123391,nm0004700,,
123391,nm0004734,,
123391,nm0005292,,
123391,nm0005350,,
123391,nm0034733,,
123391,nm0346595,,
123391,nm0465311,,
123391,nm0803370,,
123391,nm0816669,,
123495,nm0002901,,
123495,nm0005417,,
123495,nm0086205,,
123495,nm0109785,,
123495,nm0160085,,
123495,nm0370035,,
123495,nm0376307,,
123495,nm0818055,,
123495,nm1490362,,
123495,nm1517976,,
123816,nm0163816,,
123816,nm0213895,,
123816,nm0330961,,
123816,nm0362522,,
123816,nm0378209,,
123816,nm0394588,,
123816,nm0405035,,
123816,nm0516994,,
123816,nm0690905,,
123816,nm0915614,,
123951,nm0000564,,
123951,nm0000587,,
123951,nm0014873,,
123951,nm0335141,,
123951,nm0376101,,
123951,nm0607579,,
123951,nm0717980,,
123951,nm0756660,,
123951,nm0787825,,
123951,nm0869548,,
124374,nm0001893,,
124374,nm0036500,,
124374,nm0042453,,
124374,nm0057092,,
124374,nm0108406,,
124374,nm0151449,,
124374,nm0161396,,
124374,nm0223190,,
124374,nm0721851,,
124374,nm0848315,,
124829,nm0026039,,
124829,nm0074405,,
124829,nm0218075,,
124829,nm0370886,,
124829,nm0376535,,
124829,nm0513854,,
124829,nm0527996,,
124829,nm0634929,,
124829,nm0664048,,
124829,nm0696105,,
124881,nm0000003,,
124881,nm0000963,,
124881,nm0205784,,
124881,nm0231728,,
124881,nm0294393,,
124881,nm0604098,,
124881,nm0631307,,
124881,nm0721073,,
124881,nm0885098,,
124881,nm0896060,,
125029,nm0000052,,
125029,nm0097840,,
125029,nm0145734,,
125029,nm0217356,,
125029,nm0221232,,
125029,nm0659333,,
125029,nm0684952,,
125029,nm0873385,,
125029,nm0898408,,
125029,nm0900557,,
125219,nm0000063,,
125219,nm0002016,,
125219,nm0096470,,
125219,nm0231529,,
125219,nm0393464,,
125219,nm0579820,,
125219,nm0587637,,
125219,nm0598500,,
125219,nm0856673,,
125219,nm0869947,,
125259,nm0000010,,
125259,nm0001766,,
125259,nm0028647,,
125259,nm0239210,,
125259,nm0445100,,
125259,nm0552683,,
125259,nm0682074,,
125259,nm0722438,,
125259,nm0752278,,
125259,nm0942926,,
125295,nm0001654,,
125295,nm0004864,,
125295,nm0037816,,
125295,nm0291821,,
125295,nm0308642,,
125295,nm0444411,,
125295,nm0491591,,
125295,nm0504196,,
125295,nm0680883,,
125295,nm0877185,,
125435,nm0000616,,
125435,nm0001729,,
125435,nm0151895,,
125435,nm0199939,,
125435,nm0436442,,
125435,nm0778931,,
125435,nm1513736,,
125435,nm1927199,,
125435,nm2441623,,
125435,nm3057362,,
125636,nm0410968,,
125636,nm0457492,,
125636,nm0467248,,
125636,nm0594381,,
125636,nm0606168,,
125636,nm0753479,,
125636,nm2918539,,
125636,nm2968232,,
125636,nm3727181,,
125636,nm5659833,,
126134,nm0406732,,
126134,nm0412537,,
126134,nm0441098,,
126134,nm0463202,,
126134,nm0559618,,
126134,nm0613472,,
126134,nm0645237,,
126134,nm0794027,,
126134,nm1076976,,
126134,nm1508979,,
126136,nm0008506,,
126136,nm0149260,,
126136,nm0268543,,
126136,nm0310865,,
126136,nm0371891,,
126136,nm0490702,,
126136,nm0681714,,
126136,nm0751606,,
126290,nm0000061,,
126290,nm0111297,,
126290,nm0206141,,
126290,nm0260020,,
126290,nm0403636,,
126290,nm0716417,,
126290,nm0847939,,
126290,nm0872456,,
126290,nm0915913,,
126290,nm0949835,,
1263,nm0000134,,
1263,nm0000658,,
1263,nm0000686,,
1263,nm0001030,,
1263,nm0001169,,
1263,nm0001698,,
1263,nm0017377,,
1263,nm0039625,,
1263,nm0782132,,
1263,nm0831471,,
126719,nm0001228,,
126719,nm0001726,,
126719,nm0014873,,
126719,nm0137967,,
126719,nm0275072,,
126719,nm0486351,,
126719,nm0521151,,
126719,nm0685174,,
126719,nm0715274,,
126719,nm0927770,,
127453,nm0051282,,
127453,nm0125588,,
127453,nm0941575,,
127453,nm1338476,,
127453,nm1461130,,
127453,nm1682799,,
127453,nm1708631,,
127453,nm1731321,,
127453,nm3427576,,
127453,nm6793148,,
127494,nm0159802,,
127494,nm0379274,,
127494,nm0389298,,
127494,nm0430746,,
127494,nm0605786,,
127494,nm0617073,,
127494,nm0639152,,
127494,nm0643916,,
127494,nm0738231,,
127494,nm0954627,,
127847,nm0012026,,
127847,nm0186255,,
128015,nm0000910,,
128015,nm0000964,,
128015,nm0001055,,
128015,nm0166076,,
128015,nm0197689,,
128015,nm0324026,,
128015,nm0566948,,
128015,nm0746169,,
128015,nm0899091,,
128015,nm0930711,,
128287,nm0051086,,
128287,nm0077340,,
128287,nm0116552,,
128287,nm0201638,,
128287,nm0221107,,
128287,nm0254995,,
128287,nm0431145,,
128287,nm0523791,,
128287,nm0553361,,
128287,nm0679959,,
128439,nm5857646,,
128439,nm7444554,,
128884,nm0000805,,
128884,nm0078109,,
128884,nm0099366,,
128884,nm0186567,,
128884,nm0220142,,
128884,nm0305368,,
128884,nm0491763,,
128884,nm0509811,,
128884,nm0561284,,
128884,nm0893341,,
128886,nm0000945,,
128886,nm0002769,,
128886,nm0004462,,
128886,nm0050983,,
128886,nm0068873,,
128886,nm0077277,,
128886,nm0144045,,
128886,nm0176155,,
128886,nm0305488,,
128886,nm0900062,,
128977,nm0083234,,
128977,nm0088396,,
128977,nm0136789,,
128977,nm0138405,,
128977,nm0184781,,
128977,nm0301556,,
128977,nm0320760,,
128977,nm0693868,,
128977,nm0759826,,
128977,nm0816182,,
129445,nm0044972,,
129445,nm0196726,,
129445,nm0234689,,
129445,nm0487810,,
129445,nm0491422,,
129445,nm0529581,,
129445,nm0663592,,
129445,nm0693625,,
129445,nm0698935,,
129445,nm0747027,,
129532,nm0005216,,
129532,nm0291694,,
129532,nm0649876,,
129532,nm1352305,,
129532,nm1461267,,
129532,nm1595817,,
129532,nm1830810,,
129532,nm2807507,,
129532,nm2959880,,
129532,nm3908980,,
129707,nm0032628,,
129707,nm0092961,,
129707,nm0243233,,
129707,nm0936403,,
129707,nm1312575,,
129707,nm1404239,,
129707,nm1913063,,
129707,nm2255973,,
129707,nm3251539,,
129707,nm6980631,,
129731,nm0004647,,
129731,nm0007023,,
129731,nm0132035,,
129731,nm0185954,,
129731,nm0273368,,
129731,nm0302624,,
129731,nm0307451,,
129731,nm0539455,,
129731,nm0743751,,
129731,nm1342455,,
129820,nm0000130,,
129820,nm0000673,,
129820,nm0520064,,
129820,nm0740946,,
129820,nm1214509,,
129820,nm1638333,,
129820,nm1821327,,
129820,nm2980031,,
129820,nm4311746,,
129820,nm6099344,,
129947,nm0057370,,
129947,nm0204305,,
129947,nm0291637,,
129947,nm0405028,,
129947,nm0460808,,
129947,nm0504492,,
129947,nm0550181,,
129947,nm0888841,,
129947,nm0910571,,
129947,nm0928349,,
129990,nm0001886,,
129990,nm0005471,,
129990,nm0042106,,
129990,nm0059840,,
129990,nm0135548,,
129990,nm0173909,,
129990,nm0303148,,
129990,nm0720381,,
129990,nm0726741,,
129990,nm0784857,,
130152,nm0111702,,
130152,nm0139428,,
130152,nm0382995,,
130152,nm0407810,,
130152,nm0416228,,
130152,nm0572808,,
130152,nm0630132,,
130152,nm0789070,,
130152,nm0826944,,
130152,nm0923664,,
130213,nm0000024,,
130213,nm0001332,,
130213,nm0001826,,
130213,nm0230774,,
130213,nm0255946,,
130213,nm0716124,,
130213,nm0827298,,
130213,nm0871434,,
130213,nm0939909,,
130213,nm4349808,,
130600,nm0136072,,
130600,nm0202933,,
130600,nm0256174,,
130600,nm0325520,,
130600,nm0564692,,
130600,nm0572813,,
130600,nm0601124,,
130600,nm0647795,,
130600,nm11768246,,
130600,nm8333049,,
130648,nm0001933,,
130648,nm0026563,,
130648,nm0043280,,
130648,nm0109050,,
130648,nm0190194,,
130648,nm0236907,,
130648,nm0290839,,
130648,nm0380242,,
130648,nm0481714,,
130648,nm0906587,,
130792,nm0000580,,
130792,nm0000793,,
130792,nm0149973,,
130792,nm0151361,,
130792,nm0193509,,
130792,nm0335562,,
130792,nm0629735,,
130792,nm0654275,,
130792,nm0766329,,
130792,nm0852072,,
130830,nm0000106,,
130830,nm0001434,,
130830,nm0001445,,
130830,nm0001740,,
130830,nm0154412,,
130830,nm0219106,,
130830,nm0224532,,
130830,nm0551667,,
130830,nm0919361,,
130830,nm0949477,,
130874,nm0015239,,
130874,nm0019132,,
130874,nm0038898,,
130874,nm0049979,,
130874,nm0446037,,
130874,nm0564790,,
130874,nm0625037,,
130874,nm0738746,,
130874,nm0814216,,
130874,nm15187656,,
130928,nm0124693,,
130928,nm0193632,,
130928,nm0203959,,
130928,nm0265562,,
130928,nm0282547,,
130928,nm0312890,,
130928,nm0339374,,
130928,nm0445305,,
130928,nm0607897,,
130928,nm0950859,,
131009,nm0098524,,
131009,nm0279074,,
131009,nm0282403,,
131009,nm0290903,,
131009,nm0314305,,
131009,nm0643805,,
131009,nm0645178,,
131009,nm0695608,,
131009,nm0845609,,
131009,nm0932535,,
131118,nm0104710,,
131118,nm0127265,,
131118,nm0290903,,
131118,nm0314305,,
131118,nm0452361,,
131118,nm0627021,,
131118,nm0634663,,
131118,nm0698487,,
131118,nm0815359,,
131118,nm2060799,,
131296,nm0192035,,
131296,nm0280553,,
131296,nm0362970,,
131296,nm0365076,,
131296,nm0371824,,
131296,nm0915865,,
131310,nm0000149,,
131310,nm0001321,,
131310,nm0280242,,
131310,nm0430687,,
131310,nm0626728,,
131310,nm0767254,,
131310,nm0934750,,
131341,nm0001204,,
131341,nm0001412,,
131341,nm0001640,,
131341,nm0001967,,
131341,nm0004345,,
131341,nm0201089,,
131341,nm0405035,,
131341,nm0489837,,
131341,nm0662943,,
131341,nm2565799,,
131417,nm0001559,,
131417,nm0002095,,
131417,nm0056719,,
131417,nm0215260,,
131417,nm0307986,,
131417,nm0761340,,
131417,nm0791805,,
131417,nm0832561,,
131417,nm0848251,,
131417,nm0928207,,
131421,nm0000670,,
131421,nm0001572,,
131421,nm0001759,,
131421,nm0040797,,
131421,nm0049340,,
131421,nm0059905,,
131421,nm0443577,,
131421,nm0689488,,
131421,nm0818880,,
131421,nm0862963,,
131460,nm0070511,,
131460,nm0129712,,
131460,nm0172884,,
131460,nm0337106,,
131460,nm0414046,,
131460,nm0588519,,
131460,nm0709587,,
131460,nm0780838,,
131460,nm0808864,,
131788,nm0000922,,
131788,nm0001959,,
131788,nm0122036,,
131788,nm0128280,,
131788,nm0191442,,
131788,nm0484641,,
131788,nm0599824,,
131788,nm0609182,,
131788,nm0667326,,
131788,nm0818274,,
131866,nm0002240,,
131866,nm0005557,,
131866,nm0182581,,
131866,nm0348314,,
131866,nm0567397,,
131866,nm0605042,,
131866,nm0642289,,
131866,nm0791636,,
131866,nm0907529,,
131866,nm1129319,,
131876,nm0128698,,
131876,nm0281859,,
131876,nm0488467,,
131876,nm0564726,,
131876,nm0581141,,
131876,nm0732811,,
131876,nm0970173,,
131876,nm1133379,,
131876,nm1133696,,
131876,nm1133736,,
131902,nm0169456,,
131902,nm0260267,,
131902,nm0441955,,
131902,nm0444289,,
131902,nm0553080,,
131902,nm0637508,,
131902,nm0712021,,
131902,nm0755974,,
131902,nm0868072,,
131902,nm2614437,,
132022,nm0001859,,
132022,nm0001902,,
132022,nm0323597,,
132022,nm0445291,,
132022,nm0448337,,
132022,nm0560451,,
132022,nm0667323,,
132022,nm0869852,,
132022,nm1795616,,
132022,nm4834807,,
1321,nm0000256,,
1321,nm0001162,,
1321,nm0048917,,
1321,nm0067643,,
1321,nm0323093,,
1321,nm0443343,,
1321,nm0562201,,
1321,nm0622544,,
1321,nm0752761,,
1321,nm0774516,,
132438,nm0000685,,
132438,nm0001077,,
132438,nm0056763,,
132438,nm0119612,,
132438,nm0379468,,
132438,nm0452701,,
132438,nm0639392,,
132438,nm0674012,,
132438,nm0919623,,
132438,nm0952365,,
132868,nm0064225,,
132868,nm0140865,,
132868,nm0247305,,
132868,nm0279963,,
132868,nm0288304,,
132868,nm0466505,,
132868,nm0510989,,
132868,nm0560091,,
132868,nm0721660,,
132868,nm0817692,,
132922,nm0002098,,
132922,nm0032198,,
132922,nm0080616,,
132922,nm0088629,,
132922,nm0115070,,
132922,nm0217262,,
132922,nm0716718,,
132922,nm0759477,,
132922,nm0784106,,
132922,nm0864081,,
133029,nm0023493,,
133029,nm0051036,,
133029,nm0193509,,
133029,nm0615223,,
133029,nm0798398,,
133029,nm0801473,,
133029,nm0854124,,
133029,nm0887224,,
133029,nm2052474,,
133029,nm2059261,,
133199,nm0052138,,
133199,nm0129751,,
133199,nm0203466,,
133199,nm0329426,,
133199,nm0368522,,
133199,nm0568375,,
133199,nm0809148,,
133199,nm0862569,,
133199,nm0926036,,
133199,nm0951546,,
133233,nm0287182,,
133233,nm0564502,,
133233,nm0668845,,
133233,nm1279721,,
133233,nm1658459,,
133233,nm3353363,,
133233,nm5268129,,
133233,nm5268152,,
133233,nm5406430,,
133233,nm5589121,,
133272,nm0001698,,
133272,nm0026035,,
133272,nm0076396,,
133272,nm0110480,,
133272,nm0247856,,
133272,nm0738746,,
133272,nm0815433,,
133272,nm0930286,,
133272,nm0935592,,
133383,nm0215541,,
133383,nm0646010,,
133383,nm0749545,,
133383,nm0869088,,
133383,nm1235867,,
133383,nm1281229,,
133383,nm1296762,,
133383,nm1705638,,
133383,nm2475119,,
133383,nm3016653,,
133413,nm0135221,,
133413,nm0516266,,
133413,nm0764445,,
133413,nm1074245,,
133413,nm1443527,,
133413,nm2212031,,
133413,nm2804503,,
133413,nm3554379,,
133413,nm3729721,,
133413,nm4981516,,
133443,nm0006511,,
133443,nm0038680,,
133443,nm0167649,,
133443,nm0493222,,
133443,nm1083338,,
133443,nm1784581,,
133443,nm2656786,,
133443,nm3219637,,
133443,nm3880243,,
133443,nm6393485,,
133535,nm0033636,,
133535,nm0170664,,
133535,nm0292187,,
133535,nm0372164,,
133535,nm0380690,,
133535,nm0447648,,
133535,nm0513520,,
133535,nm0692883,,
133535,nm0732305,,
133535,nm0913993,,
133541,nm0004839,,
133541,nm0339008,,
133541,nm0532342,,
133541,nm0642230,,
133541,nm0893783,,
133541,nm1448814,,
133541,nm1714703,,
133541,nm2293315,,
133541,nm3010504,,
133541,nm4825388,,
133712,nm0015253,,
133712,nm0059847,,
133712,nm0277145,,
133712,nm0293981,,
133712,nm0412124,,
133712,nm0616556,,
133712,nm0625986,,
133712,nm0699631,,
133712,nm0720064,,
133712,nm0790208,,
133751,nm0001088,,
133751,nm0014994,,
133751,nm0226446,,
133751,nm0399031,,
133751,nm0497763,,
133751,nm0514905,,
133751,nm0862479,,
133751,nm0926183,,
133751,nm0948070,,
133751,nm1796608,,
134053,nm0099054,,
134053,nm0133962,,
134053,nm0147721,,
134053,nm0211006,,
134053,nm0273888,,
134053,nm0302624,,
134053,nm0549203,,
134053,nm0598720,,
134053,nm0713999,,
134053,nm3930878,,
134214,nm0000172,,
134214,nm0000323,,
134214,nm0000404,,
134214,nm0001838,,
134214,nm0200452,,
134214,nm11837337,,
134214,nm1276507,,
134214,nm2321715,,
134214,nm3542065,,
134214,nm7088459,,
134260,nm0000587,,
134260,nm0007042,,
134260,nm0075671,,
134260,nm0250619,,
134260,nm0514263,,
134260,nm0809544,,
134260,nm0821734,,
134260,nm0861639,,
134260,nm0882853,,
134260,nm1791933,,
134294,nm0000587,,
134294,nm0001637,,
134294,nm0001832,,
134294,nm0001859,,
134294,nm0391361,,
134294,nm0549325,,
134294,nm0574534,,
134294,nm0590796,,
134294,nm0609216,,
134294,nm0936476,,
134615,nm0029018,,
134615,nm0125909,,
134615,nm0326599,,
134615,nm0359077,,
134615,nm0415932,,
134615,nm0435934,,
134615,nm0457870,,
134615,nm0705952,,
134615,nm0871143,,
134615,nm0883033,,
134657,nm0038988,,
134657,nm0046347,,
134657,nm0052757,,
134657,nm0412404,,
134657,nm0899042,,
134657,nm0915385,,
134657,nm1364509,,
134657,nm2464346,,
134657,nm2610996,,
134657,nm3575889,,
134957,nm1099909,,
134957,nm1125529,,
134957,nm1126338,,
134957,nm1127163,,
134957,nm1127373,,
134957,nm1138642,,
134957,nm1231723,,
134957,nm1233862,,
134957,nm1234132,,
134957,nm1235455,,
134963,nm0059607,,
134963,nm0148041,,
134963,nm0393389,,
134963,nm0491490,,
134963,nm0542063,,
134963,nm0551277,,
134963,nm0583857,,
134963,nm0766056,,
134963,nm0768747,,
134963,nm0816474,,
135087,nm0000733,,
135087,nm0002094,,
135087,nm0204566,,
135087,nm0272794,,
135087,nm0542063,,
135087,nm0580479,,
135087,nm0602242,,
135087,nm0729676,,
135087,nm0744349,,
135087,nm0832375,,
135382,nm0059196,,
135382,nm0059852,,
135382,nm0139213,,
135382,nm0223953,,
135382,nm0224215,,
135382,nm0346745,,
135382,nm0491490,,
135382,nm0558089,,
135382,nm0769265,,
135382,nm0855225,,
135599,nm0019528,,
135599,nm0103038,,
135599,nm0243806,,
135599,nm0502458,,
135599,nm0846488,,
135599,nm0898546,,
135599,nm0912396,,
135599,nm1560201,,
135599,nm2325602,,
135599,nm2752910,,
135856,nm3548095,,
136174,nm0077983,,
136174,nm0088940,,
136174,nm0089029,,
136174,nm0108523,,
136174,nm0153222,,
136174,nm0201638,,
136174,nm0582890,,
136174,nm0637660,,
136174,nm0653620,,
136174,nm0814773,,
136180,nm0049833,,
136180,nm0070858,,
136180,nm0177815,,
136180,nm0217369,,
136180,nm0320030,,
136180,nm0346581,,
136180,nm0417236,,
136180,nm0664132,,
136180,nm0814773,,
136180,nm0819477,,
136261,nm0131033,,
136261,nm0408636,,
136261,nm0409420,,
136261,nm0660119,,
136846,nm0124279,,
136846,nm0186045,,
136846,nm0292841,,
136846,nm0336531,,
136846,nm0371441,,
136846,nm0380638,,
136846,nm0419028,,
136846,nm0551062,,
136846,nm0567449,,
136846,nm0916732,,
136986,nm0002043,,
136986,nm0006762,,
136986,nm0409779,,
136986,nm0451148,,
136986,nm0451600,,
136986,nm0700876,,
136986,nm0787889,,
136986,nm0894340,,
136986,nm1031817,,
136986,nm1566068,,
137319,nm0000372,,
137319,nm0001524,,
137319,nm0141697,,
137319,nm0171829,,
137319,nm0205423,,
137319,nm0300083,,
137319,nm0376101,,
137319,nm0413559,,
137319,nm0661585,,
137319,nm0840303,,
137427,nm0046337,,
137427,nm0086205,,
137427,nm0173304,,
137427,nm1017206,,
137427,nm1127901,,
137427,nm1205674,,
137427,nm1397643,,
137427,nm1936366,,
137427,nm2607735,,
137427,nm3011553,,
1376,nm0000479,,
1376,nm0000559,,
1376,nm0000638,,
1376,nm0001150,,
1376,nm0001420,,
1376,nm0001786,,
1376,nm0382819,,
1376,nm0501697,,
1376,nm0629667,,
1376,nm0943553,,
138124,nm0001418,,
138124,nm0004897,,
138124,nm0166935,,
138124,nm0192368,,
138124,nm0239583,,
138124,nm0266674,,
138124,nm0275198,,
138124,nm0485810,,
138124,nm0488174,,
138124,nm0884306,,
138428,nm0087794,,
138428,nm0289545,,
138428,nm0532458,,
138428,nm1417917,,
138428,nm2490775,,
138428,nm3866873,,
138428,nm3873995,,
138428,nm3875218,,
138428,nm4125906,,
138428,nm4127298,,
138820,nm0011490,,
138820,nm0283314,,
138820,nm0354978,,
138820,nm0491591,,
138820,nm0606998,,
138820,nm0610950,,
138820,nm0681055,,
138820,nm0681608,,
138820,nm0790788,,
138820,nm0925929,,
139022,nm0001604,,
139022,nm0001836,,
139022,nm0005113,,
139022,nm0005532,,
139022,nm0005568,,
139022,nm0060302,,
139022,nm0534380,,
139022,nm0692677,,
139022,nm0826186,,
139022,nm0887110,,
139505,nm0038273,,
139505,nm0407507,,
139505,nm0463592,,
139505,nm0962476,,
139505,nm1200517,,
139505,nm1213158,,
139505,nm1299912,,
139505,nm1331849,,
139505,nm1883706,,
139505,nm2648539,,
139725,nm0000018,,
139725,nm0000305,,
139725,nm0000362,,
139725,nm0001153,,
139725,nm0031171,,
139725,nm0104507,,
139725,nm0114436,,
139725,nm0247642,,
139725,nm0504492,,
139725,nm0835144,,
139909,nm0147757,,
139909,nm0247353,,
139909,nm0399685,,
139909,nm0423866,,
139909,nm0515556,,
139909,nm0577764,,
139909,nm0584541,,
139909,nm0644430,,
139909,nm0843183,,
139909,nm1796105,,
139950,nm0162911,,
139950,nm0541751,,
139950,nm0862584,,
139950,nm0897715,,
139950,nm1087555,,
139950,nm1215814,,
139950,nm1594999,,
139950,nm1779438,,
139950,nm1968793,,
139950,nm2388620,,
139978,nm0021541,,
139978,nm0030382,,
139978,nm0273090,,
139978,nm0563481,,
139978,nm0612219,,
139978,nm0678378,,
139978,nm0714805,,
139978,nm0897715,,
139978,nm0897716,,
139978,nm0904371,,
140058,nm0003104,,
140058,nm0024728,,
140058,nm0084114,,
140058,nm0094326,,
140058,nm0094885,,
140058,nm0440487,,
140058,nm0715577,,
140058,nm0750968,,
140058,nm0884835,,
140058,nm1177038,,
140273,nm0004571,,
140273,nm0357020,,
140273,nm0540170,,
140273,nm0993783,,
140273,nm1444954,,
140273,nm2951316,,
140273,nm3021272,,
140273,nm3594981,,
140273,nm3595044,,
140273,nm3668656,,
140435,nm0041172,,
140435,nm0203383,,
140435,nm0336790,,
140435,nm0382954,,
140435,nm0507221,,
140435,nm0626371,,
140435,nm0700711,,
140435,nm0717046,,
140435,nm0815439,,
140435,nm0873845,,
140894,nm0030614,,
140894,nm0037706,,
140894,nm0078469,,
140894,nm0248314,,
140894,nm0253463,,
140894,nm0350208,,
140894,nm0501660,,
140894,nm0585108,,
140894,nm0690743,,
140894,nm0767411,,
141034,nm0073031,,
141034,nm0104069,,
141034,nm0131039,,
141034,nm0215019,,
141034,nm0465260,,
141034,nm0490240,,
141034,nm0656511,,
141034,nm0825003,,
141034,nm0884534,,
141034,nm0895372,,
141203,nm0012881,,
141203,nm0032552,,
141203,nm0221216,,
141203,nm0253913,,
141203,nm0467745,,
141203,nm0665599,,
141203,nm0700869,,
141203,nm0700875,,
141203,nm0787462,,
141203,nm1241914,,
141279,nm0039989,,
141279,nm0202375,,
141279,nm0203836,,
141279,nm0332135,,
141279,nm0392669,,
141279,nm0496489,,
141279,nm0782225,,
141281,nm0000051,,
141281,nm0001765,,
141281,nm0001800,,
141281,nm0104507,,
141281,nm0226970,,
141281,nm0385976,,
141281,nm0544347,,
141281,nm0556876,,
141281,nm0643105,,
141281,nm0760203,,
141357,nm0001040,,
141357,nm0001831,,
141357,nm0210295,,
141357,nm0510557,,
141357,nm0642444,,
141357,nm0642912,,
141357,nm0659502,,
141357,nm0761836,,
141357,nm0765883,,
141357,nm0910982,,
141365,nm0000442,,
141365,nm0001092,,
141365,nm0177241,,
141365,nm0237428,,
141365,nm0437742,,
141365,nm0576444,,
141365,nm0778543,,
141365,nm0844505,,
141365,nm0860315,,
141365,nm0898869,,
1415,nm0000366,,
1415,nm0000809,,
1415,nm0044865,,
1415,nm0079236,,
1415,nm0080020,,
1415,nm0194759,,
1415,nm0221527,,
1415,nm0536095,,
1415,nm0673592,,
1415,nm0729686,,
141515,nm0185819,,
141515,nm0244075,,
141515,nm0334150,,
141515,nm0531808,,
141515,nm0567945,,
141515,nm0607375,,
141515,nm0657891,,
141515,nm0876128,,
141515,nm0910180,,
141515,nm1385120,,
141524,nm2652025,,
141550,nm0277556,,
141550,nm1027672,,
141550,nm2266493,,
141550,nm2564938,,
141550,nm3418737,,
141550,nm3507755,,
141550,nm3620209,,
141550,nm3872839,,
141550,nm3887625,,
141550,nm3963624,,
141588,nm0404158,,
141886,nm0088860,,
141886,nm0198723,,
141886,nm0220706,,
141886,nm0255398,,
141886,nm0255958,,
141886,nm0305488,,
141886,nm0381211,,
141886,nm0524632,,
141886,nm0576793,,
141886,nm0903567,,
142020,nm0000086,,
142020,nm0202994,,
142020,nm0216610,,
142020,nm0312985,,
142020,nm0622145,,
142020,nm0656153,,
142020,nm0699510,,
142020,nm0723623,,
142020,nm0767038,,
142020,nm0884876,,
142170,nm0038322,,
142170,nm0406592,,
142170,nm0437704,,
142170,nm0590942,,
142170,nm0613522,,
142170,nm0619227,,
142170,nm0619821,,
142170,nm0620263,,
142170,nm1211298,,
142170,nm2087692,,
142262,nm0113505,,
142262,nm0198941,,
142262,nm0211243,,
142262,nm0522789,,
142262,nm0556401,,
142262,nm0683119,,
142262,nm0719692,,
142262,nm0809855,,
142262,nm0822984,,
142262,nm0885427,,
142268,nm0025857,,
142268,nm0513299,,
142268,nm0516652,,
142268,nm0556005,,
142268,nm0758090,,
142268,nm0863816,,
142268,nm1269532,,
142268,nm1320509,,
142268,nm1490339,,
142268,nm5307532,,
142634,nm1027703,,
142634,nm1508186,,
142634,nm1587783,,
142634,nm1642009,,
142634,nm1862701,,
142634,nm1868836,,
142634,nm2071149,,
142634,nm2253764,,
142634,nm2255249,,
142895,nm0041172,,
142895,nm0071992,,
142895,nm0164883,,
142895,nm0293415,,
142895,nm0335517,,
142895,nm0392004,,
142895,nm0456660,,
142895,nm0654239,,
142895,nm0707771,,
142895,nm0826479,,
143547,nm0416291,,
143547,nm0731937,,
143547,nm0811217,,
143547,nm1546077,,
143547,nm2301662,,
143547,nm2852199,,
143547,nm4375626,,
143547,nm4431536,,
143547,nm4716477,,
143547,nm4760919,,
143689,nm0002668,,
143689,nm0017493,,
143689,nm0178858,,
143689,nm0250658,,
143689,nm0282562,,
143689,nm0478915,,
143689,nm0483177,,
143689,nm0553281,,
143689,nm0567706,,
143689,nm0795221,,
144078,nm0149051,,
144078,nm0166452,,
144078,nm0197542,,
144078,nm0288207,,
144078,nm0449489,,
144078,nm0554370,,
144078,nm0686375,,
144078,nm0687847,,
144078,nm0732430,,
144078,nm0750530,,
144192,nm1278482,,
144192,nm5126771,,
144192,nm5126844,,
144212,nm0497362,,
144212,nm0814171,,
144212,nm0949167,,
144212,nm1085861,,
144212,nm1086926,,
144212,nm1117728,,
144212,nm1392076,,
144212,nm1773400,,
144212,nm2465452,,
144212,nm3067749,,
144442,nm0644905,,
144442,nm1058565,,
144442,nm1138201,,
144442,nm1255246,,
144442,nm1367681,,
144442,nm1392076,,
144442,nm2011387,,
144442,nm2175143,,
144442,nm3666111,,
144442,nm3676100,,
144478,nm0110334,,
144478,nm0159802,,
144478,nm0406059,,
144478,nm0657867,,
144478,nm1561982,,
144478,nm1753621,,
144478,nm3429997,,
144478,nm5555418,,
144478,nm5555419,,
144478,nm6001666,,
144552,nm0156430,,
144552,nm0158605,,
144552,nm0161177,,
144552,nm0516284,,
144552,nm0719016,,
144552,nm0719104,,
144552,nm0938893,,
144552,nm1750943,,
144552,nm2656702,,
144552,nm2906761,,
144770,nm0442873,,
144770,nm0557904,,
144770,nm0586346,,
144770,nm1133824,,
144770,nm1216345,,
144770,nm1392075,,
144770,nm1536988,,
144770,nm2112748,,
144770,nm2122010,,
144770,nm3660768,,
144838,nm0001654,,
144838,nm0053616,,
144838,nm0146185,,
144838,nm0485509,,
144838,nm0528705,,
144838,nm0665886,,
144838,nm0702798,,
144838,nm0733480,,
144838,nm0922818,,
144838,nm0943988,,
144906,nm0000454,,
144906,nm0186051,,
144906,nm0193411,,
144906,nm0327602,,
144906,nm0450494,,
144906,nm0478682,,
144906,nm0641397,,
144906,nm0703549,,
144906,nm0842110,,
144906,nm0915618,,
144914,nm0004571,,
144914,nm0993783,,
144914,nm1444606,,
144914,nm1470733,,
144914,nm2635051,,
144914,nm3247853,,
144914,nm4964930,,
144914,nm6852394,,
144914,nm6870300,,
144914,nm6870305,,
144998,nm0037259,,
144998,nm0049673,,
144998,nm0254995,,
144998,nm0266886,,
144998,nm0379678,,
144998,nm0521224,,
144998,nm0552328,,
144998,nm0555961,,
144998,nm0748204,,
144998,nm0876121,,
145106,nm0009349,,
145106,nm0260304,,
145106,nm0493938,,
145106,nm0892383,,
145106,nm1497050,,
145106,nm2259318,,
145106,nm2261396,,
145106,nm4016914,,
145106,nm4445004,,
145106,nm4511641,,
145586,nm0312575,,
145586,nm0380881,,
145586,nm0502262,,
145586,nm0502819,,
145586,nm0543188,,
145586,nm0598443,,
145586,nm0639521,,
145586,nm0759757,,
145586,nm0885386,,
145586,nm1091972,,
145612,nm0053245,,
145612,nm0148974,,
145612,nm0211922,,
145612,nm0243493,,
145612,nm0334970,,
145612,nm0676131,,
145612,nm0696163,,
145612,nm0870362,,
145612,nm0890416,,
145612,nm0898004,,
145626,nm0001374,,
145626,nm0097917,,
145626,nm0134932,,
145626,nm0145428,,
145626,nm0218634,,
145626,nm0320988,,
145626,nm0527938,,
145626,nm0543188,,
145626,nm0579632,,
145626,nm0709681,,
145849,nm0143140,,
145849,nm0166047,,
145849,nm0215019,,
145849,nm0333466,,
145849,nm0362927,,
145849,nm0368246,,
145849,nm0620705,,
145849,nm0835962,,
145849,nm0855359,,
145849,nm0953400,,
145871,nm0014800,,
145871,nm0031979,,
145871,nm0083234,,
145871,nm0087126,,
145871,nm0233946,,
145871,nm0350196,,
145871,nm0473228,,
145871,nm0557421,,
145871,nm0873549,,
145871,nm0892891,,
145875,nm0054879,,
145875,nm0088377,,
145875,nm0122505,,
145875,nm0318202,,
145875,nm0443016,,
145875,nm0473228,,
145875,nm0507708,,
145875,nm0539942,,
145875,nm0616830,,
145875,nm0843401,,
146090,nm1389535,,
146090,nm1866391,,
146090,nm2055197,,
146090,nm2346665,,
146090,nm2517742,,
146090,nm3001807,,
146090,nm4285133,,
146090,nm4852914,,
146090,nm4991332,,
146090,nm6313315,,
146172,nm0002043,,
146172,nm0006763,,
146172,nm0073426,,
146172,nm0412917,,
146172,nm0456094,,
146172,nm0784018,,
146172,nm0882892,,
146172,nm1025166,,
146172,nm1030382,,
146172,nm1066022,,
146188,nm0006763,,
146188,nm0083238,,
146188,nm0451321,,
146188,nm0455454,,
146188,nm0611573,,
146188,nm0619324,,
146188,nm0664109,,
146188,nm0894340,,
146188,nm0971111,,
146188,nm1603618,,
146313,nm4752172,,
146694,nm0005169,,
146694,nm0005308,,
146694,nm0006351,,
146694,nm0215281,,
146694,nm0232800,,
146694,nm0831467,,
146694,nm1117644,,
146694,nm1514370,,
146694,nm2002833,,
146694,nm3148484,,
146760,nm0001012,,
146760,nm0001995,,
146760,nm0064988,,
146760,nm0131039,,
146760,nm0146243,,
146760,nm0158323,,
146760,nm0261159,,
146760,nm0584879,,
146760,nm0661541,,
146760,nm0899821,,
1468,nm0000407,,
1468,nm0004937,,
1468,nm0005067,,
1468,nm0150966,,
1468,nm0203508,,
1468,nm0488506,,
1468,nm0602027,,
1468,nm0801502,,
1468,nm0905294,,
1468,nm0949521,,
146832,nm0134910,,
146832,nm0144669,,
146832,nm0234581,,
146832,nm0383819,,
146832,nm0411299,,
146832,nm0547363,,
146832,nm0665109,,
146832,nm0773183,,
146832,nm0851669,,
146832,nm0920942,,
146984,nm0000367,,
146984,nm0098959,,
146984,nm0173354,,
146984,nm0347453,,
146984,nm0361824,,
146984,nm0451828,,
146984,nm0483776,,
146984,nm0491763,,
146984,nm0609526,,
146984,nm0674877,,
147172,nm0004365,,
147172,nm0004843,,
147172,nm0020274,,
147172,nm0227313,,
147172,nm0339615,,
147172,nm0377947,,
147172,nm0682474,,
147172,nm0715731,,
147172,nm0798132,,
147172,nm0941134,,
147194,nm0009372,,
147194,nm0009373,,
147194,nm0019136,,
147194,nm0299540,,
147194,nm0495543,,
147194,nm0529265,,
147194,nm0700127,,
147194,nm0759962,,
147194,nm0805797,,
147194,nm0843520,,
147198,nm0007069,,
147198,nm0014800,,
147198,nm0025308,,
147198,nm0099366,,
147198,nm0138405,,
147198,nm0144579,,
147198,nm0349869,,
147198,nm0494527,,
147198,nm0734000,,
147198,nm0761172,,
1474,nm0000357,,
1474,nm0000741,,
1474,nm0001737,,
1474,nm0001773,,
1474,nm0001851,,
1474,nm0005447,,
1474,nm0228336,,
1474,nm0301696,,
1474,nm0403134,,
1474,nm0536723,,
147934,nm0014650,,
147934,nm0135671,,
147934,nm0194672,,
147934,nm0220956,,
147934,nm0519500,,
147934,nm0754584,,
147934,nm0816428,,
147934,nm0850680,,
147934,nm0867158,,
147934,nm1930705,,
147952,nm0001890,,
147952,nm0040374,,
147952,nm0045784,,
147952,nm0146928,,
147952,nm0232766,,
147952,nm0268225,,
147952,nm0452128,,
147952,nm0512267,,
147952,nm0570451,,
147952,nm0940579,,
148038,nm0197656,,
148038,nm0212524,,
148038,nm0216220,,
148038,nm0347149,,
148038,nm0369854,,
148038,nm0665473,,
148038,nm0686539,,
148038,nm0751085,,
148038,nm1340424,,
148038,nm4942550,,
148062,nm0054007,,
148062,nm0082761,,
148062,nm0245859,,
148062,nm0245919,,
148062,nm0333289,,
148062,nm0392976,,
148062,nm0465787,,
148062,nm0480656,,
148062,nm0806874,,
148062,nm0830857,,
148106,nm0304593,,
148106,nm0505591,,
148106,nm2459979,,
148106,nm2700625,,
148106,nm2734357,,
148106,nm3097097,,
148106,nm3371387,,
148106,nm3462502,,
148106,nm3694593,,
148106,nm5280835,,
148118,nm0025821,,
148118,nm0133547,,
148118,nm0179783,,
148118,nm0365835,,
148118,nm0520859,,
148118,nm0561231,,
148118,nm0590158,,
148118,nm0627546,,
148118,nm0879646,,
148118,nm1677738,,
148184,nm0001588,,
148184,nm0173399,,
148184,nm0265761,,
148184,nm0307752,,
148184,nm0308523,,
148184,nm0439332,,
148184,nm0503811,,
148184,nm0670081,,
148184,nm0822034,,
148184,nm0891631,,
148212,nm0457048,,
148212,nm0492342,,
148212,nm0669968,,
148212,nm0687847,,
148212,nm0734745,,
148212,nm0775214,,
148212,nm0825952,,
148212,nm0951828,,
148212,nm11621213,,
148212,nm2196065,,
148222,nm0320942,,
148222,nm0381450,,
148222,nm0451699,,
148222,nm0521955,,
148222,nm0626259,,
148222,nm0643518,,
148222,nm0722388,,
148222,nm0724844,,
148222,nm0768334,,
148222,nm0922671,,
1484,nm0000205,,
1484,nm0000630,,
1484,nm0001714,,
1484,nm0001804,,
1484,nm0204706,,
1484,nm0335789,,
1484,nm0569790,,
1484,nm0573715,,
1484,nm0575198,,
1484,nm0892956,,
148486,nm0088098,,
148486,nm0491768,,
148486,nm0750412,,
148486,nm0860690,,
148486,nm1338532,,
148486,nm1662316,,
148486,nm1752190,,
148486,nm2071929,,
148486,nm2829975,,
148486,nm2915053,,
148634,nm0001772,,
148634,nm0143295,,
148634,nm0385644,,
148634,nm0734442,,
148634,nm0791874,,
148634,nm0795345,,
148634,nm1417647,,
148634,nm2837751,,
148634,nm3518982,,
148634,nm6605979,,
148755,nm0162948,,
148755,nm0205793,,
148755,nm0536009,,
148755,nm0700478,,
148755,nm0761457,,
148755,nm0856187,,
148755,nm0864243,,
148755,nm1095905,,
148755,nm1099375,,
148755,nm1099477,,
148994,nm0155631,,
148994,nm0156982,,
148994,nm0160843,,
148994,nm0297143,,
148994,nm0348441,,
148994,nm0508380,,
148994,nm0862479,,
148994,nm13829388,,
148994,nm1817619,,
148994,nm2003063,,
149072,nm0044762,,
149072,nm0068599,,
149072,nm0202966,,
149072,nm0378200,,
149072,nm0502015,,
149072,nm1392572,,
149072,nm2342614,,
149072,nm2349372,,
149072,nm2718512,,
149072,nm3162144,,
149104,nm0096737,,
149104,nm0279148,,
149104,nm0368506,,
149104,nm0458033,,
149104,nm0484736,,
149104,nm0511288,,
149104,nm0511862,,
149104,nm0658073,,
149104,nm0902299,,
149104,nm0955195,,
149252,nm0007219,,
149252,nm0020703,,
149252,nm0296859,,
149252,nm0394477,,
149252,nm0414090,,
149252,nm0576120,,
149252,nm0599790,,
149252,nm0627840,,
149252,nm0926475,,
149252,nm8521274,,
149354,nm0000491,,
149354,nm0000981,,
149354,nm0001848,,
149354,nm0054697,,
149354,nm0275486,,
149354,nm0688132,,
149354,nm0748973,,
149354,nm1078479,,
149354,nm1293885,,
149354,nm2336966,,
149466,nm0586249,,
149466,nm11931621,,
149466,nm1655689,,
149466,nm2202409,,
149466,nm2254706,,
149466,nm2919270,,
149466,nm3390465,,
149466,nm4920648,,
149466,nm8395318,,
149592,nm0158785,,
149592,nm0304709,,
149592,nm0510948,,
149592,nm0910966,,
149592,nm0955471,,
149592,nm1018221,,
149592,nm1446980,,
149592,nm2348667,,
149592,nm3209720,,
149592,nm4404779,,
149646,nm1493163,,
149646,nm4343003,,
149646,nm4416805,,
149646,nm6856059,,
149646,nm6856062,,
149646,nm6856064,,
149646,nm6856066,,
149678,nm0161198,,
149678,nm0698653,,
149678,nm0765604,,
149678,nm0863614,,
149678,nm1039652,,
149678,nm1099223,,
149678,nm1446056,,
149678,nm4227779,,
149678,nm4228594,,
149678,nm4228706,,
149723,nm0410907,,
149723,nm0605453,,
149723,nm0632770,,
149723,nm0847594,,
149723,nm0856800,,
149723,nm1101677,,
149723,nm1385449,,
149723,nm1468944,,
149723,nm1679934,,
149723,nm2174227,,
150070,nm0522205,,
150070,nm1666600,,
150070,nm3394719,,
150070,nm3395559,,
150070,nm7944796,,
150308,nm0002082,,
150308,nm0170736,,
150308,nm0177601,,
150308,nm0183572,,
150308,nm0185720,,
150308,nm0378015,,
150308,nm0527996,,
150308,nm0577911,,
150308,nm0585250,,
150308,nm0928507,,
150334,nm0304093,,
150334,nm0451272,,
150334,nm0474774,,
150334,nm0621937,,
150334,nm1004985,,
150334,nm1824676,,
150334,nm2822348,,
150334,nm3472571,,
150334,nm3848064,,
150334,nm5710665,,
150340,nm0052532,,
150340,nm0403822,,
150340,nm0451601,,
150340,nm0665550,,
150340,nm2128238,,
150340,nm2390814,,
150340,nm2717565,,
150340,nm3943087,,
150340,nm6226780,,
150340,nm7802963,,
150864,nm0072252,,
150864,nm0296809,,
150864,nm0296811,,
150864,nm1220531,,
150864,nm1338476,,
150864,nm1591309,,
150864,nm1644158,,
150864,nm1788932,,
150864,nm2028804,,
150864,nm2168332,,
150974,nm0001021,,
150974,nm0005326,,
150974,nm0005438,,
150974,nm0052186,,
150974,nm0170541,,
150974,nm0201538,,
150974,nm0470182,,
150974,nm0752698,,
150974,nm0893397,,
150974,nm0951471,,
151082,nm0237655,,
151082,nm0300064,,
151082,nm0430870,,
151082,nm0601117,,
151082,nm0604960,,
151082,nm0702798,,
151082,nm0703600,,
151082,nm0832065,,
151082,nm0886870,,
151082,nm0926636,,
151145,nm0001893,,
151145,nm0048443,,
151145,nm0062736,,
151145,nm0086641,,
151145,nm0087080,,
151145,nm0103497,,
151145,nm0146905,,
151145,nm0215260,,
151145,nm0419593,,
151145,nm0446438,,
151447,nm0197384,,
151447,nm0338124,,
151447,nm0430258,,
151447,nm0534722,,
151447,nm0577439,,
151447,nm0581378,,
151447,nm0820880,,
151447,nm0864326,,
151447,nm0872751,,
151469,nm0118158,,
151469,nm0166452,,
151469,nm0275839,,
151469,nm0467422,,
151469,nm0482850,,
151469,nm0493872,,
151469,nm0589019,,
151469,nm0688207,,
151469,nm0698495,,
151469,nm0891781,,
151501,nm0000206,,
151501,nm0000227,,
151501,nm0001520,,
151501,nm0749689,,
151501,nm1869101,,
151501,nm2427397,,
151501,nm3033454,,
151501,nm4000255,,
151501,nm5166378,,
151501,nm6872945,,
151617,nm0222143,,
151617,nm0331597,,
151617,nm0536799,,
151617,nm1004985,,
151617,nm1318578,,
151617,nm1327322,,
151617,nm3093959,,
151617,nm3816840,,
151617,nm4112854,,
151617,nm5056001,,
151641,nm0098378,,
151641,nm0159789,,
151641,nm0362268,,
151641,nm0852072,,
151641,nm3797855,,
151641,nm5074835,,
151641,nm5495143,,
151641,nm6702727,,
151641,nm7087538,,
151641,nm7456750,,
152395,nm0001195,,
152395,nm0065888,,
152395,nm0101533,,
152395,nm0125350,,
152395,nm0232574,,
152395,nm0318749,,
152395,nm0405035,,
152395,nm0548010,,
152395,nm0559920,,
152395,nm0675727,,
152597,nm0033152,,
152597,nm1030205,,
152597,nm1221055,,
152597,nm1279870,,
152597,nm2201753,,
152597,nm2431331,,
152597,nm3955312,,
152597,nm3968602,,
152597,nm4042388,,
1526,nm0000176,,
1526,nm0000245,,
1526,nm0000345,,
1526,nm0000506,,
1526,nm0001091,,
1526,nm0122036,,
1526,nm0339304,,
1526,nm0389324,,
1526,nm0425216,,
1526,nm0734236,,
152812,nm0438463,,
152812,nm0442479,,
152812,nm0463539,,
152812,nm0611552,,
152812,nm0766146,,
152812,nm0793851,,
152812,nm0795661,,
152812,nm0894340,,
152812,nm0944832,,
152812,nm1617236,,
153368,nm0001644,,
153368,nm0103699,,
153368,nm0364813,,
153368,nm1708203,,
153368,nm2326544,,
153368,nm2706666,,
153368,nm2706673,,
153368,nm2714999,,
153368,nm2715532,,
153368,nm2718841,,
153436,nm0001376,,
153436,nm0159129,,
153436,nm0170208,,
153436,nm0173354,,
153436,nm0508293,,
153436,nm0585257,,
153436,nm0674877,,
153726,nm0053607,,
153726,nm0088436,,
153726,nm0176039,,
153726,nm0196796,,
153726,nm0291814,,
153726,nm0483414,,
153726,nm0594962,,
153726,nm0602181,,
153726,nm0829155,,
153740,nm0000767,,
153740,nm0034390,,
153740,nm0105475,,
153740,nm0108440,,
153740,nm0201462,,
153740,nm0232627,,
153740,nm0244999,,
153740,nm0471079,,
153740,nm0590440,,
153740,nm1060354,,
153897,nm0021691,,
153897,nm0080020,,
153897,nm0241121,,
153897,nm0241383,,
153897,nm0481447,,
153897,nm0483088,,
153897,nm0513299,,
153897,nm0520870,,
153897,nm0591877,,
153897,nm0782565,,
154019,nm0007607,,
154019,nm0086926,,
154019,nm0179059,,
154019,nm0365835,,
154019,nm0685261,,
154019,nm0713716,,
154019,nm0761100,,
154019,nm0786292,,
154019,nm0868711,,
154019,nm12984491,,
154067,nm0000367,,
154067,nm0001128,,
154067,nm0002069,,
154067,nm0016646,,
154067,nm0264799,,
154067,nm0300064,,
154067,nm0487022,,
154067,nm0643642,,
154067,nm0723032,,
154067,nm0890845,,
154073,nm1276942,,
154073,nm1559446,,
154073,nm3067749,,
154073,nm3755732,,
154073,nm5397057,,
154073,nm5970450,,
154073,nm7244031,,
154073,nm7400175,,
154073,nm7400176,,
154073,nm8511275,,
154142,nm0002094,,
154142,nm0042164,,
154142,nm0082306,,
154142,nm0205793,,
154142,nm0329746,,
154142,nm0599604,,
154142,nm0658926,,
154142,nm0659333,,
154142,nm0686256,,
154142,nm2063445,,
154262,nm0084915,,
154262,nm1461057,,
154262,nm1773360,,
154262,nm1784553,,
154262,nm2139005,,
154262,nm2655869,,
154262,nm2655984,,
154262,nm2718013,,
154262,nm2719578,,
154262,nm5513924,,
154270,nm0255562,,
154270,nm0752137,,
154270,nm0817498,,
154270,nm1115878,,
154270,nm4159235,,
154270,nm4278439,,
154270,nm7211210,,
154270,nm7211211,,
154270,nm7211213,,
1543,nm0001566,,
1543,nm0001669,,
1543,nm0209095,,
154337,nm0005063,,
154337,nm0073976,,
154337,nm0236089,,
154337,nm0268094,,
154337,nm0330064,,
154337,nm0372462,,
154337,nm0496942,,
154337,nm0507227,,
154337,nm0656197,,
154337,nm0934902,,
154454,nm0024382,,
154454,nm0029025,,
154454,nm0216739,,
154454,nm0358631,,
154454,nm0394533,,
154454,nm0857832,,
154454,nm15802102,,
154454,nm2138679,,
154598,nm0116598,,
154598,nm0375167,,
154598,nm0478068,,
154598,nm0537260,,
154598,nm0563736,,
154598,nm0675579,,
154598,nm0715866,,
154598,nm0824416,,
154598,nm0878656,,
154598,nm0936683,,
154634,nm0250527,,
154634,nm0397048,,
154634,nm0598229,,
154634,nm12117085,,
154634,nm1450494,,
154634,nm1495087,,
154634,nm1667846,,
154634,nm2502714,,
154634,nm5100755,,
154634,nm6410003,,
154794,nm0282127,,
154794,nm0325667,,
154794,nm0763435,,
154794,nm0808189,,
154794,nm10458900,,
154794,nm10458902,,
154794,nm10458903,,
154794,nm10458904,,
154794,nm10458907,,
154794,nm10458909,,
154796,nm0738839,,
154796,nm0762781,,
154796,nm1531141,,
154796,nm1532960,,
154796,nm1533089,,
154796,nm1981105,,
154796,nm1982961,,
154796,nm5592326,,
154984,nm0001190,,
154984,nm0004462,,
154984,nm0042046,,
154984,nm0069044,,
154984,nm0083838,,
154984,nm0175945,,
154984,nm0463255,,
154984,nm0553074,,
154984,nm0758047,,
154984,nm0778567,,
1553,nm0141632,,
1553,nm0377362,,
1553,nm0550591,,
1553,nm0604155,,
1553,nm0625971,,
1553,nm0694112,,
1553,nm0804353,,
1553,nm0853230,,
1553,nm2946423,,
1553,nm4316077,,
155304,nm0024177,,
155304,nm0233937,,
155304,nm0291289,,
155304,nm0294382,,
155304,nm0321612,,
155304,nm0433332,,
155304,nm0496614,,
155304,nm0665785,,
155304,nm0783327,,
155304,nm0913607,,
155308,nm0117592,,
155308,nm0153481,,
155308,nm0197592,,
155308,nm0213581,,
155308,nm0392447,,
155308,nm0431219,,
155308,nm0433332,,
155308,nm0800302,,
155308,nm0899766,,
155308,nm0908419,,
155493,nm0000427,,
155493,nm0001164,,
155493,nm0005077,,
155493,nm0176520,,
155493,nm0502691,,
155493,nm0700072,,
155493,nm0719037,,
155493,nm0759906,,
155493,nm0809274,,
155493,nm0879318,,
155521,nm0088725,,
155521,nm0219208,,
155521,nm0236863,,
155521,nm0272038,,
155521,nm0364854,,
155521,nm0538071,,
155521,nm0757423,,
155521,nm1029825,,
155521,nm1036318,,
155521,nm1036570,,
155705,nm0019996,,
155705,nm0026754,,
155705,nm0040498,,
155705,nm0072828,,
155705,nm0104183,,
155705,nm0254882,,
155705,nm0323335,,
155705,nm0498104,,
155705,nm0567498,,
155705,nm0949521,,
156280,nm0002048,,
156280,nm0083500,,
156280,nm0117194,,
156280,nm0241523,,
156280,nm0356159,,
156280,nm0585461,,
156280,nm0597075,,
156280,nm0640495,,
156280,nm0665850,,
156280,nm0906940,,
156420,nm0054060,,
156420,nm0290155,,
156420,nm0329828,,
156420,nm0329832,,
156420,nm0354239,,
156420,nm0425409,,
156420,nm0429853,,
156420,nm0639495,,
156420,nm0671496,,
156420,nm0831764,,
156663,nm0059152,,
156663,nm0115452,,
156663,nm0184840,,
156663,nm0309607,,
156663,nm0341526,,
156663,nm0378026,,
156663,nm0599787,,
156663,nm0614217,,
156663,nm0748014,,
156663,nm0929795,,
156821,nm0004429,,
156821,nm0008932,,
156821,nm0080231,,
156821,nm0374974,,
156821,nm0403952,,
156821,nm0442470,,
156821,nm0611524,,
156821,nm0783996,,
156821,nm0846616,,
156821,nm1259556,,
156911,nm0194653,,
156911,nm0206950,,
156911,nm0267403,,
156911,nm0290394,,
156911,nm0328604,,
156911,nm0535644,,
156911,nm0626161,,
156911,nm0652777,,
156911,nm0675828,,
156911,nm0896417,,
156919,nm0412637,,
156919,nm0441390,,
156919,nm0594062,,
156919,nm0594076,,
156919,nm0621197,,
156919,nm0634600,,
156919,nm0753479,,
156919,nm0948989,,
156919,nm1586462,,
156919,nm1594794,,
157182,nm0041895,,
157182,nm0227867,,
157182,nm0371731,,
157182,nm0563383,,
157182,nm1170121,,
157182,nm2266795,,
157182,nm4008057,,
157182,nm4719517,,
157182,nm7834924,,
157536,nm0084218,,
157536,nm0137033,,
157536,nm0138879,,
157536,nm0218764,,
157536,nm0276008,,
157536,nm0385277,,
157536,nm0448680,,
157536,nm0704027,,
157536,nm0838687,,
157536,nm0905383,,
157897,nm0192050,,
157897,nm0274534,,
157897,nm0308972,,
157897,nm0520601,,
157897,nm0611423,,
157897,nm0617660,,
157897,nm0618035,,
157897,nm1012941,,
157897,nm1211594,,
157897,nm1382714,,
157903,nm0001544,,
157903,nm0001998,,
157903,nm0045735,,
157903,nm0454448,,
157903,nm0603875,,
157903,nm0619798,,
157903,nm0738042,,
157903,nm0799108,,
157903,nm0864869,,
157903,nm0913094,,
158192,nm0000805,,
158192,nm0001128,,
158192,nm0004462,,
158192,nm0083234,,
158192,nm0186567,,
158192,nm0202994,,
158192,nm0544240,,
158192,nm0674756,,
158192,nm0693868,,
158192,nm0759395,,
158350,nm0292159,,
158350,nm0341518,,
158350,nm0398123,,
158350,nm0424743,,
158350,nm0692439,,
158350,nm0731499,,
158350,nm0758151,,
158350,nm0779285,,
158350,nm0832090,,
158350,nm0913332,,
158400,nm0001607,,
158400,nm0004967,,
158400,nm0112332,,
158400,nm0336716,,
158400,nm0389971,,
158400,nm0419273,,
158400,nm0545165,,
158400,nm0660883,,
158400,nm0775201,,
158400,nm0929229,,
158441,nm0012175,,
158441,nm0140351,,
158441,nm0231315,,
158441,nm0486742,,
158441,nm0526008,,
158441,nm0530325,,
158441,nm0561828,,
158441,nm0595040,,
158441,nm0655693,,
158441,nm0780005,,
158489,nm0163846,,
158489,nm0165715,,
158489,nm0256534,,
158489,nm0367543,,
158489,nm0392529,,
158489,nm0556813,,
158489,nm0909040,,
158489,nm0924307,,
158489,nm0925113,,
158489,nm0926072,,
158711,nm0196723,,
158711,nm0314611,,
158711,nm0717603,,
158711,nm0816030,,
158711,nm0885673,,
158711,nm0885992,,
158711,nm1552841,,
158711,nm1796156,,
158711,nm3616170,,
158711,nm4115744,,
159235,nm0433479,,
159235,nm1089136,,
159235,nm3239179,,
159235,nm7595984,,
159349,nm0261124,,
159349,nm0354754,,
159349,nm1284277,,
159349,nm1335915,,
159349,nm2067318,,
159349,nm2895573,,
159349,nm3172179,,
159349,nm3198356,,
159626,nm1839980,,
159626,nm1941140,,
159626,nm2461013,,
159626,nm3068246,,
159626,nm3198287,,
159626,nm3207144,,
159626,nm3618560,,
159626,nm5855663,,
159626,nm6228949,,
159626,nm7426133,,
159775,nm0247938,,
159775,nm0257932,,
159775,nm0407296,,
159775,nm0409267,,
159775,nm0438960,,
159775,nm0848993,,
159775,nm0962396,,
159775,nm1036104,,
159775,nm1120064,,
159775,nm1123626,,
160070,nm0098684,,
160070,nm0115070,,
160070,nm0234581,,
160070,nm0335382,,
160070,nm0541446,,
160070,nm0543188,,
160070,nm0558626,,
160070,nm0743516,,
160070,nm0884081,,
160070,nm0899979,,
160122,nm0001800,,
160122,nm0005467,,
160122,nm0006800,,
160122,nm0262725,,
160122,nm0413271,,
160122,nm0413559,,
160122,nm0575198,,
160122,nm0580479,,
160122,nm0656183,,
160122,nm0671854,,
160187,nm0000164,,
160187,nm0000501,,
160187,nm0001358,,
160187,nm0005466,,
160187,nm0045584,,
160187,nm0065140,,
160187,nm0613147,,
160187,nm0857608,,
160187,nm0933232,,
160187,nm1573253,,
160374,nm0017488,,
160374,nm0040374,,
160374,nm0049055,,
160374,nm0237597,,
160374,nm0550583,,
160374,nm0570297,,
160374,nm0587534,,
160374,nm0602959,,
160374,nm0605904,,
160374,nm0725122,,
160444,nm0196375,,
160444,nm0788903,,
160444,nm1431656,,
160444,nm1799038,,
160444,nm2955107,,
160444,nm2981021,,
160444,nm3583019,,
160444,nm3603873,,
160444,nm3721677,,
160444,nm5843593,,
160545,nm0001284,,
160545,nm0039498,,
160545,nm0070401,,
160545,nm0160044,,
160545,nm0333370,,
160545,nm0553074,,
160545,nm0689655,,
160545,nm0696866,,
160545,nm0790018,,
160545,nm0920939,,
160561,nm2275922,,
160561,nm3357059,,
160561,nm4227649,,
160561,nm4451790,,
160575,nm0424453,,
160575,nm1248730,,
160575,nm1751183,,
160575,nm1870939,,
160575,nm3940484,,
160575,nm4197678,,
160575,nm5323274,,
160575,nm5752523,,
160575,nm6455381,,
160575,nm6737315,,
160684,nm0000246,,
160684,nm0000628,,
160684,nm0004978,,
160684,nm0005221,,
160684,nm1055590,,
160684,nm1091940,,
160684,nm1176985,,
160684,nm1476806,,
160684,nm3497517,,
160684,nm5703551,,
160792,nm0001678,,
160792,nm0045420,,
160792,nm0054117,,
160792,nm0156190,,
160792,nm0174682,,
160792,nm0222596,,
160792,nm0292471,,
160792,nm0484902,,
160792,nm0666230,,
160792,nm1022326,,
160836,nm0116054,,
160836,nm0407507,,
160836,nm0643885,,
160836,nm0922114,,
160836,nm1518534,,
160836,nm1648016,,
160836,nm1966361,,
160836,nm2254817,,
160836,nm2255610,,
160836,nm2258166,,
161161,nm0000148,,
1612,nm0057450,,
1612,nm0156314,,
1612,nm0213446,,
1612,nm0220867,,
1612,nm0492441,,
1612,nm0518511,,
1612,nm0697062,,
1612,nm0712744,,
1612,nm0779997,,
1612,nm0868110,,
161262,nm0006737,,
161262,nm0006739,,
161262,nm0323531,,
161262,nm0477734,,
161262,nm0477981,,
161262,nm0501409,,
161262,nm0596409,,
161262,nm0643307,,
161262,nm0887463,,
161262,nm0906252,,
161302,nm0288260,,
161302,nm0614903,,
161302,nm0641854,,
161302,nm1941219,,
161302,nm2446283,,
161302,nm2832424,,
161302,nm3556036,,
161302,nm4263213,,
161302,nm4269084,,
161302,nm4422686,,
161674,nm0000435,,
161674,nm0001592,,
161674,nm0001829,,
161674,nm0124333,,
161674,nm0295440,,
161674,nm0362085,,
161674,nm0364082,,
161674,nm0582420,,
161674,nm0809095,,
161674,nm0957460,,
161852,nm0000208,,
161852,nm0000225,,
161852,nm0290556,,
161852,nm1138805,,
161852,nm2372412,,
161852,nm2674188,,
161852,nm4771527,,
161852,nm4901642,,
161852,nm5928079,,
161852,nm7740713,,
162128,nm0000051,,
162128,nm0136253,,
162128,nm0227967,,
162128,nm0255677,,
162128,nm0293614,,
162128,nm0580992,,
162128,nm0670964,,
162128,nm0720381,,
162128,nm0870362,,
162128,nm0873731,,
162152,nm0001609,,
162152,nm0001848,,
162152,nm0503638,,
162152,nm0654648,,
162152,nm0713209,,
162152,nm1139455,,
162152,nm3203322,,
162152,nm3500582,,
162152,nm8338125,,
162152,nm8338126,,
162268,nm0615652,,
162268,nm0884701,,
162268,nm1076584,,
162268,nm1254607,,
162268,nm1452229,,
162268,nm1487905,,
162268,nm1990515,,
162268,nm2282137,,
162268,nm2408157,,
162268,nm2726899,,
162668,nm0000821,,
162668,nm0004626,,
162668,nm0080149,,
162668,nm0438496,,
162668,nm0760045,,
162668,nm14832937,,
162668,nm1819083,,
162668,nm1983214,,
162668,nm3023631,,
162668,nm9508265,,
163084,nm0000032,,
163084,nm0164650,,
163084,nm0208125,,
163084,nm0361048,,
163084,nm0531756,,
163084,nm0607554,,
163084,nm0692093,,
163084,nm0730533,,
163084,nm0832065,,
163084,nm0852599,,
163170,nm0001514,,
163170,nm0015391,,
163170,nm0133310,,
163170,nm0177642,,
163170,nm0379985,,
163170,nm0624883,,
163170,nm0647921,,
163170,nm0824606,,
163170,nm0946800,,
163200,nm0000946,,
163200,nm0030194,,
163200,nm0068257,,
163200,nm0282435,,
163200,nm0402277,,
163200,nm0445290,,
163200,nm0507221,,
163200,nm0562920,,
163200,nm0573640,,
163200,nm0731783,,
163210,nm0001620,,
163210,nm0030516,,
163210,nm0054117,,
163210,nm0104507,,
163210,nm0185568,,
163210,nm0285620,,
163210,nm0579820,,
163210,nm0709478,,
163210,nm0732378,,
163210,nm0761340,,
163328,nm0001078,,
163328,nm0020703,,
163328,nm0103242,,
163328,nm0302480,,
163328,nm0337894,,
163328,nm0446580,,
163328,nm0642987,,
163328,nm0642988,,
163328,nm0817021,,
163328,nm0850896,,
163545,nm0001375,,
163545,nm0058023,,
163545,nm0094471,,
163545,nm0269609,,
163545,nm0295005,,
163545,nm0508748,,
163545,nm0571659,,
163545,nm0732063,,
163545,nm0790824,,
163545,nm0791418,,
163625,nm0143892,,
163625,nm1370487,,
163625,nm1795196,,
163625,nm2062720,,
163625,nm2092237,,
163625,nm2394154,,
163625,nm2413699,,
163625,nm3228504,,
163625,nm3286006,,
163625,nm4116820,,
163817,nm0039978,,
163817,nm0148382,,
163817,nm0215938,,
163817,nm0663366,,
163817,nm0747857,,
163817,nm0754461,,
163817,nm1295885,,
163817,nm2152941,,
163817,nm2733017,,
163817,nm7822424,,
163861,nm0001870,,
163861,nm0030917,,
163861,nm0182538,,
163861,nm0286704,,
163861,nm0354947,,
163861,nm0382718,,
163861,nm0382954,,
163861,nm0402554,,
163861,nm0535006,,
163861,nm0827031,,
164063,nm1249540,,
164063,nm3802458,,
164063,nm4606441,,
164063,nm4647877,,
164063,nm4745723,,
164063,nm5307910,,
164063,nm6679012,,
164063,nm6679013,,
164063,nm6679014,,
164127,nm0001284,,
164127,nm0106657,,
164127,nm0187072,,
164127,nm0322540,,
164127,nm0382013,,
164127,nm0445808,,
164127,nm0539431,,
164127,nm0569307,,
164127,nm0693318,,
164127,nm13354175,,
164167,nm0053443,,
164167,nm2794671,,
164167,nm3119928,,
164167,nm3773341,,
164167,nm5144187,,
164167,nm5152213,,
164167,nm5511209,,
164167,nm5788570,,
164167,nm7081585,,
164167,nm7842495,,
164495,nm0096835,,
164495,nm0158166,,
164495,nm0312858,,
164495,nm0340822,,
164495,nm0342676,,
164495,nm0535690,,
164495,nm0580959,,
164495,nm0688724,,
164495,nm0764852,,
164495,nm1370137,,
164616,nm0048695,,
164616,nm0196591,,
164616,nm0204182,,
164616,nm0284206,,
164616,nm0301165,,
164616,nm0317878,,
164616,nm0343997,,
164616,nm0448047,,
164616,nm0628563,,
164616,nm0808500,,
164685,nm0179656,,
164685,nm0186988,,
164685,nm0218317,,
164685,nm0400904,,
164685,nm0527111,,
164685,nm0543024,,
164685,nm0591300,,
164685,nm0939861,,
164685,nm0959031,,
164685,nm1584638,,
164927,nm0435613,,
164927,nm0585122,,
164927,nm0753606,,
164927,nm0882616,,
164927,nm0883765,,
164927,nm1314201,,
164927,nm1796577,,
164927,nm1863944,,
164927,nm2417794,,
164927,nm2419668,,
165051,nm0000275,,
165051,nm0340973,,
165051,nm0863441,,
165051,nm1663862,,
165051,nm1963860,,
165051,nm3859237,,
165051,nm3915884,,
165051,nm4175416,,
165051,nm5195189,,
165051,nm6614856,,
165229,nm0591149,,
165253,nm0000909,,
165253,nm0001637,,
165253,nm0041681,,
165253,nm0055638,,
165253,nm0069373,,
165253,nm0110813,,
165253,nm0167364,,
165253,nm0387561,,
165253,nm0388183,,
165253,nm0749476,,
165329,nm0011038,,
165329,nm0131974,,
165329,nm0523350,,
165329,nm1494818,,
165329,nm1637961,,
165329,nm2624186,,
165329,nm4337039,,
165329,nm4496875,,
165329,nm8065154,,
165329,nm8065155,,
165763,nm0001313,,
165763,nm0001673,,
165763,nm0001805,,
165763,nm0186051,,
165763,nm0337872,,
165763,nm0463435,,
165763,nm0561702,,
165763,nm0593775,,
165763,nm0806041,,
165763,nm0956544,,
165871,nm0256628,,
165871,nm0411150,,
165871,nm0475165,,
165871,nm0476211,,
165871,nm0645237,,
165871,nm0793069,,
165871,nm0870317,,
165871,nm0948876,,
165871,nm2065668,,
165871,nm2371560,,
165907,nm0261967,,
165907,nm0297908,,
165907,nm0435299,,
165907,nm0559385,,
165907,nm0559607,,
165907,nm0645568,,
165907,nm0848993,,
165907,nm0879743,,
165907,nm0913911,,
165907,nm2910019,,
166171,nm0202945,,
166171,nm0234963,,
166171,nm0333380,,
166171,nm0403171,,
166171,nm0533161,,
166171,nm0575974,,
166171,nm0656192,,
166269,nm0007746,,
166269,nm0162911,,
166269,nm0165808,,
166269,nm0176401,,
166269,nm0313836,,
166269,nm0490444,,
166269,nm0582074,,
166269,nm0660051,,
166269,nm0894799,,
166269,nm0952618,,
166389,nm0148061,,
166389,nm0264029,,
166389,nm0277095,,
166389,nm0399953,,
166389,nm0427167,,
166389,nm0556543,,
166389,nm0601340,,
166389,nm0606371,,
166389,nm0926064,,
166389,nm0938231,,
166482,nm1324105,,
166482,nm2255441,,
166482,nm3280028,,
166482,nm3705478,,
166482,nm3707743,,
166482,nm3910259,,
166482,nm4076403,,
166482,nm4344913,,
166482,nm5100354,,
166482,nm5340956,,
167296,nm0000817,,
167296,nm0001318,,
167296,nm0035877,,
167296,nm0169137,,
167296,nm0226992,,
167296,nm0232592,,
167296,nm0233390,,
167296,nm0587534,,
167296,nm0817021,,
167296,nm0886648,,
167610,nm0260124,,
167610,nm0646568,,
167610,nm0850162,,
167610,nm1667376,,
167610,nm1737760,,
167610,nm1741951,,
167610,nm2916986,,
167610,nm2952249,,
167610,nm5019094,,
167610,nm5687461,,
168016,nm0059303,,
168016,nm0361519,,
168016,nm0387207,,
168016,nm0417398,,
168016,nm0467374,,
168016,nm0613354,,
168016,nm0613357,,
168016,nm0755941,,
168016,nm0804482,,
168016,nm0874535,,
168184,nm0471601,,
168184,nm0706152,,
168184,nm0824852,,
168184,nm1335915,,
168184,nm2277357,,
168184,nm3370158,,
168184,nm3908978,,
168184,nm4561559,,
168184,nm7769969,,
168184,nm7769970,,
168214,nm0000378,,
168214,nm0000491,,
168214,nm0001520,,
168214,nm0005203,,
168214,nm0342029,,
168214,nm0651296,,
168214,nm1455681,,
168214,nm1872698,,
168214,nm2067953,,
168214,nm4574737,,
168216,nm2171157,,
168216,nm2362716,,
168216,nm4710129,,
168216,nm5079616,,
168216,nm5688376,,
168216,nm5700032,,
168216,nm6314436,,
168216,nm6314437,,
168216,nm6443211,,
168216,nm6443212,,
168334,nm0220976,,
168334,nm0332709,,
168334,nm0527852,,
168334,nm0598857,,
168334,nm0682692,,
168334,nm0705005,,
168334,nm0858022,,
168334,nm1082477,,
168334,nm1202905,,
168334,nm1295721,,
168400,nm0011060,,
168400,nm0147204,,
168400,nm0168324,,
168400,nm0269102,,
168400,nm0551243,,
168400,nm0619440,,
168400,nm0668382,,
168400,nm0842985,,
168400,nm0852741,,
168400,nm0877760,,
168568,nm0137079,,
168568,nm0285135,,
168568,nm0506804,,
168568,nm1041596,,
168568,nm1195064,,
168568,nm1926211,,
168568,nm2515968,,
168568,nm2994552,,
168568,nm3385285,,
168568,nm6096879,,
168760,nm0073232,,
168760,nm0233109,,
168760,nm0244612,,
168760,nm0392714,,
168760,nm0462658,,
168760,nm0636936,,
168760,nm0689990,,
168760,nm0823714,,
168760,nm0904700,,
168760,nm0959184,,
169004,nm0000616,,
169004,nm2069750,,
169004,nm4165641,,
169004,nm5366786,,
169004,nm6657547,,
169004,nm6657549,,
169004,nm6657551,,
169004,nm6657556,,
169004,nm6661244,,
169004,nm6661245,,
169154,nm0000483,,
169154,nm0000521,,
169154,nm0059879,,
169154,nm0208444,,
169154,nm0211819,,
169154,nm3130226,,
169154,nm4472456,,
169154,nm4472964,,
169154,nm4473782,,
169154,nm4474483,,
169456,nm0025546,,
169456,nm0150952,,
169456,nm0387390,,
169456,nm0648499,,
169456,nm0659394,,
169456,nm1012515,,
169456,nm1058552,,
169456,nm1280082,,
169456,nm2013451,,
169456,nm2593369,,
169528,nm0299228,,
169528,nm0359168,,
169528,nm0368060,,
169528,nm0394649,,
169528,nm0394690,,
169528,nm0605252,,
169528,nm0620734,,
169528,nm0794060,,
169528,nm0840721,,
169528,nm0875194,,
169740,nm0025309,,
169740,nm0118568,,
169740,nm0167408,,
169740,nm0172461,,
169740,nm0191348,,
169740,nm0209496,,
169740,nm0263761,,
169740,nm0922563,,
169740,nm1669943,,
169740,nm2548304,,
170143,nm0000634,,
170143,nm0001552,,
170143,nm0017491,,
170143,nm0021456,,
170143,nm0115474,,
170143,nm0332390,,
170143,nm0483279,,
170143,nm0502360,,
170143,nm0679539,,
170143,nm0814064,,
170513,nm0669174,,
170513,nm1126640,,
170513,nm1229213,,
170513,nm1373261,,
170513,nm1407022,,
170513,nm1408453,,
170513,nm1459686,,
170513,nm1461049,,
170513,nm1987988,,
170513,nm2411088,,
170555,nm0013542,,
170555,nm0043389,,
170555,nm0166795,,
170555,nm0209397,,
170555,nm0701715,,
170555,nm0840754,,
170555,nm1197737,,
170555,nm1313785,,
170555,nm1533932,,
170555,nm1832584,,
170695,nm0003765,,
170695,nm0035424,,
170695,nm0071208,,
170695,nm0199158,,
170695,nm0205711,,
170695,nm0206097,,
170695,nm0479911,,
170695,nm0533098,,
170695,nm0849246,,
170695,nm1372866,,
1709,nm0005375,,
1709,nm0007082,,
1709,nm0364246,,
1709,nm0546122,,
1709,nm0604742,,
1709,nm0606862,,
1709,nm0858569,,
1709,nm1035842,,
1709,nm1296186,,
1709,nm1388611,,
171093,nm0089621,,
171093,nm0104809,,
171093,nm0208674,,
171093,nm0309019,,
171093,nm0684594,,
171093,nm0744094,,
171093,nm0855197,,
171093,nm0855199,,
171093,nm0897640,,
171093,nm0957976,,
171101,nm0001866,,
171101,nm0004095,,
171101,nm0087593,,
171101,nm0302567,,
171101,nm0400117,,
171101,nm0437632,,
171101,nm0580725,,
171101,nm0596294,,
171101,nm0680945,,
171101,nm2113508,,
1714,nm0000793,,
1714,nm0001528,,
1714,nm0065684,,
1714,nm0202966,,
1714,nm0258423,,
1714,nm0382717,,
1714,nm0452288,,
1714,nm0505787,,
1714,nm0648399,,
1714,nm0706608,,
171421,nm0133880,,
171421,nm0253730,,
171421,nm0333117,,
171421,nm0663708,,
171421,nm0767491,,
171421,nm0839017,,
171421,nm0951019,,
171421,nm0951304,,
171421,nm1267711,,
171421,nm1728063,,
171519,nm0535295,,
171519,nm0783094,,
171519,nm0783740,,
171519,nm0895133,,
171519,nm1464300,,
171519,nm1551601,,
171519,nm2804487,,
171519,nm2955024,,
171519,nm3732082,,
171729,nm0054701,,
171729,nm0246150,,
171729,nm1166576,,
171729,nm1340318,,
171729,nm2015010,,
171729,nm2152569,,
171729,nm2804487,,
171729,nm2910093,,
171729,nm2926090,,
171729,nm6143752,,
171731,nm0314568,,
171731,nm0451422,,
171731,nm0475425,,
171731,nm1282927,,
171731,nm1451923,,
171731,nm2008580,,
171731,nm2356938,,
171731,nm3013523,,
171731,nm3096390,,
171731,nm3464905,,
171909,nm0001777,,
172185,nm0001758,,
172185,nm0464522,,
172185,nm0584017,,
172185,nm1152693,,
172185,nm1830811,,
172185,nm1951688,,
172185,nm4123491,,
172185,nm4591498,,
172185,nm6356195,,
172185,nm9215693,,
172235,nm1319709,,
172235,nm1427775,,
172235,nm1546272,,
172235,nm1676561,,
172235,nm1996356,,
172235,nm2031914,,
172235,nm2050134,,
172235,nm2167636,,
172235,nm2925318,,
172235,nm2925812,,
172677,nm0097550,,
172677,nm0148516,,
172677,nm0476544,,
172677,nm0490708,,
172677,nm0713614,,
172677,nm0787699,,
172677,nm0792758,,
172677,nm0892188,,
172677,nm1408115,,
172677,nm1596141,,
172783,nm0069770,,
172783,nm0157831,,
172783,nm0224430,,
172783,nm0234007,,
172783,nm0438712,,
172783,nm0451122,,
172783,nm0555728,,
172783,nm0678933,,
172783,nm1682614,,
172783,nm6717263,,
173011,nm0000946,,
173011,nm0003110,,
173011,nm0010270,,
173011,nm0022367,,
173011,nm0064604,,
173011,nm0111702,,
173011,nm0151334,,
173011,nm0338413,,
173011,nm0398466,,
173011,nm0578412,,
173065,nm0030838,,
173065,nm0242010,,
173065,nm0242587,,
173065,nm0266919,,
173065,nm0284814,,
173065,nm0398139,,
173065,nm0556711,,
173065,nm0569143,,
173065,nm0601146,,
173065,nm0929642,,
173197,nm0005253,,
173197,nm0051903,,
173197,nm0922035,,
173197,nm1024953,,
173197,nm1412125,,
173197,nm1901946,,
173197,nm6918796,,
173197,nm8952917,,
173197,nm8960942,,
173197,nm9039885,,
173227,nm0066080,,
173227,nm0320712,,
173227,nm0431956,,
173227,nm0494017,,
173227,nm1600075,,
173227,nm1877162,,
173227,nm2076652,,
173227,nm2400959,,
173227,nm2964838,,
173227,nm4027841,,
173713,nm0166520,,
173713,nm0300122,,
173713,nm0369360,,
173713,nm0429831,,
173713,nm0471147,,
173713,nm0476560,,
173713,nm0516115,,
173713,nm0738825,,
173713,nm0818356,,
173713,nm0902531,,
173757,nm0137144,,
173757,nm0221491,,
173757,nm0228871,,
173757,nm0330101,,
173757,nm0371962,,
173757,nm0680916,,
173757,nm0836556,,
173757,nm0841842,,
173757,nm0911734,,
173757,nm0936295,,
1740,nm0001595,,
1740,nm0190962,,
1740,nm0229695,,
1740,nm0231423,,
1740,nm0390469,,
1740,nm0430026,,
1740,nm0671721,,
1740,nm0785435,,
1740,nm2271193,,
1740,nm8808023,,
174621,nm0555093,,
174621,nm0616475,,
174621,nm0622736,,
174621,nm1238701,,
174621,nm1446215,,
174621,nm1499472,,
174621,nm1531989,,
174621,nm2105946,,
174621,nm2319146,,
174621,nm4229095,,
174689,nm0024685,,
174689,nm0072866,,
174689,nm0123649,,
174689,nm0190454,,
174689,nm0534297,,
174689,nm0606519,,
174689,nm0611976,,
174689,nm0664005,,
174689,nm1917069,,
174689,nm3217784,,
174705,nm0000373,,
174705,nm0001064,,
174705,nm0176882,,
174705,nm0413665,,
174705,nm0670779,,
174705,nm0797746,,
174705,nm1169471,,
174705,nm1290102,,
174705,nm2527845,,
174739,nm0002285,,
174739,nm0092290,,
174739,nm0178259,,
174739,nm0204898,,
174739,nm0419978,,
174739,nm0512267,,
174739,nm0668361,,
174739,nm0700711,,
174739,nm0802325,,
174739,nm0865227,,
175183,nm6419195,,
175183,nm7801796,,
175183,nm7801798,,
175235,nm0027690,,
175235,nm0291918,,
175235,nm0526286,,
175235,nm0676194,,
175235,nm0776158,,
175235,nm1030478,,
175235,nm1032916,,
175235,nm1039212,,
175235,nm1043418,,
175235,nm2475682,,
175319,nm0058503,,
175319,nm0118149,,
175319,nm0138980,,
175319,nm0294786,,
175319,nm0611955,,
175319,nm0662236,,
175319,nm0769485,,
175319,nm0778204,,
175319,nm0860471,,
175319,nm0903231,,
175767,nm0394649,,
175767,nm0410907,,
175767,nm0585640,,
175767,nm1211536,,
175767,nm1429956,,
175767,nm4289479,,
175767,nm5143532,,
175767,nm5240345,,
175767,nm7132120,,
175767,nm7137353,,
175967,nm0000114,,
175967,nm0000884,,
175967,nm0001780,,
175967,nm0001968,,
175967,nm0227759,,
175967,nm0593258,,
175967,nm0663854,,
175967,nm0698998,,
175967,nm0738452,,
175967,nm0898546,,
175983,nm0000708,,
175983,nm0131985,,
175983,nm0167028,,
175983,nm0317369,,
175983,nm0487221,,
175983,nm0606730,,
175983,nm0640486,,
175983,nm0703862,,
175983,nm0871240,,
175983,nm0951471,,
175997,nm0062475,,
175997,nm0065754,,
175997,nm0106083,,
175997,nm0655870,,
175997,nm10712988,,
175997,nm1565160,,
175997,nm1565197,,
175997,nm1874644,,
175997,nm2126198,,
175997,nm2169999,,
176041,nm0265669,,
176041,nm0324735,,
176041,nm0433209,,
176041,nm0451228,,
176041,nm0454514,,
176041,nm0506473,,
176041,nm0669660,,
176041,nm0711631,,
176041,nm0759491,,
176041,nm5253632,,
176393,nm0084497,,
176393,nm0286103,,
176393,nm2484601,,
176393,nm2531646,,
176393,nm3144639,,
176393,nm4721746,,
176393,nm5871820,,
176393,nm5871826,,
176393,nm5871829,,
176393,nm5871830,,
176397,nm0297713,,
176397,nm0837452,,
176397,nm0875354,,
176397,nm1269611,,
176397,nm1772845,,
176397,nm1773398,,
176397,nm2612087,,
176397,nm3787103,,
176397,nm7060113,,
176397,nm8869732,,
176483,nm0027386,,
176483,nm0114880,,
176483,nm0213831,,
176483,nm0336500,,
176483,nm0374567,,
176483,nm0407810,,
176483,nm0637643,,
176483,nm0653580,,
176483,nm0843213,,
176483,nm1064352,,
176805,nm0000413,,
176805,nm0001491,,
176805,nm0185274,,
176805,nm0197453,,
176805,nm0852132,,
176805,nm1734700,,
176805,nm4110566,,
176805,nm4802218,,
176805,nm5658892,,
176805,nm7602104,,
176843,nm0597695,,
176843,nm0829489,,
176843,nm0969750,,
176843,nm0970036,,
176843,nm3743987,,
176843,nm4205599,,
176843,nm4206381,,
176843,nm4206694,,
176843,nm6963452,,
177745,nm0001501,,
177813,nm0000627,,
177813,nm0185412,,
177813,nm0295506,,
177813,nm0307739,,
177813,nm0519212,,
177813,nm0537648,,
177813,nm0565883,,
177813,nm0683026,,
177813,nm1396022,,
177813,nm2003067,,
178349,nm0055364,,
178349,nm0119411,,
178349,nm0130019,,
178349,nm0177815,,
178349,nm0200861,,
178349,nm0632425,,
178349,nm0658947,,
178349,nm0667611,,
178349,nm0768922,,
178349,nm0862904,,
178821,nm0000113,,
178821,nm0136555,,
178821,nm0151342,,
178821,nm0187127,,
178821,nm0408946,,
178821,nm0460867,,
178821,nm0588420,,
178821,nm0653268,,
178821,nm0701386,,
178821,nm0709545,,
178959,nm0624594,,
178959,nm1372757,,
178959,nm1675266,,
178959,nm2267757,,
178959,nm2279229,,
178959,nm3571384,,
178959,nm3576463,,
178959,nm3673695,,
178959,nm4478296,,
178959,nm5491715,,
179023,nm0557678,,
179023,nm1528432,,
179023,nm1678637,,
179023,nm3231562,,
179389,nm0048002,,
179389,nm0451307,,
179389,nm0813763,,
179389,nm10394724,,
179389,nm1428293,,
179389,nm1728792,,
179389,nm3204740,,
179389,nm6636296,,
179389,nm8179407,,
179389,nm9418262,,
1796,nm0001397,,
1796,nm0127903,,
1796,nm0230427,,
1796,nm0233663,,
1796,nm0313530,,
1796,nm0444205,,
1796,nm0514976,,
1796,nm0584297,,
1796,nm0700494,,
1796,nm0867051,,
179707,nm6967438,,
179873,nm0001151,,
179873,nm0004867,,
179873,nm0283945,,
179873,nm1511558,,
179873,nm1664127,,
179873,nm2172860,,
179873,nm3012064,,
179873,nm3416107,,
179873,nm3598736,,
179873,nm3719403,,
179899,nm0038988,,
179899,nm0119804,,
179899,nm0381812,,
179899,nm0467017,,
179899,nm0608701,,
179899,nm0781879,,
179899,nm1011262,,
179899,nm1275795,,
179899,nm2433700,,
179899,nm3338793,,
180191,nm0051282,,
180191,nm0161500,,
180191,nm0332892,,
180191,nm0475425,,
180191,nm0586418,,
180191,nm1181610,,
180191,nm1298235,,
180191,nm1299458,,
180191,nm1300303,,
180191,nm1445717,,
180199,nm0089217,,
180199,nm0151806,,
180199,nm0945189,,
180199,nm0948058,,
180199,nm1414203,,
180199,nm1424556,,
180199,nm1789084,,
180199,nm3697221,,
180199,nm5050883,,
180199,nm5142253,,
180203,nm0022264,,
180203,nm0053543,,
180203,nm0243399,,
180203,nm0245072,,
180203,nm0261681,,
180203,nm0527040,,
180203,nm0650828,,
180203,nm0654843,,
180203,nm0657004,,
180203,nm0695416,,
180469,nm4509219,,
180469,nm4902724,,
180469,nm9074053,,
180469,nm9074054,,
180469,nm9074055,,
180469,nm9074056,,
180469,nm9074057,,
180469,nm9074058,,
180555,nm0000115,,
180555,nm0000448,,
180555,nm0004757,,
180555,nm0268047,,
180555,nm0501489,,
180555,nm0718647,,
180555,nm1478028,,
180555,nm3453476,,
180555,nm6236879,,
180555,nm8217562,,
180569,nm0000609,,
180569,nm0001626,,
180569,nm0026364,,
180569,nm0407101,,
180569,nm1157048,,
180569,nm1221047,,
180569,nm1225628,,
180569,nm1752221,,
180569,nm3081796,,
180569,nm5262775,,
180575,nm1429248,,
180575,nm2537099,,
180575,nm2697818,,
180575,nm3830348,,
180575,nm4725798,,
180575,nm6814999,,
180575,nm6815000,,
180575,nm6815001,,
180575,nm6815002,,
180575,nm6815003,,
180651,nm0641129,,
180651,nm3224338,,
180801,nm0001171,,
180801,nm0003110,,
180801,nm0053616,,
180801,nm0204843,,
180801,nm0317970,,
180801,nm0338901,,
180801,nm0377012,,
180801,nm0497346,,
180801,nm0871546,,
180801,nm0928617,,
180833,nm0000115,,
180833,nm0227003,,
180833,nm0511264,,
180833,nm0522704,,
180833,nm0750343,,
180833,nm0788370,,
180833,nm3240434,,
180833,nm4087248,,
180833,nm4165005,,
180833,nm4810527,,
180879,nm0035988,,
180879,nm0445715,,
180879,nm0483945,,
180879,nm0494019,,
180879,nm0526729,,
180879,nm0618974,,
180879,nm0667745,,
180879,nm0856187,,
180879,nm0883484,,
180879,nm0933727,,
180901,nm0602206,,
180901,nm1442164,,
180901,nm1500027,,
180911,nm0000912,,
180911,nm0002149,,
180911,nm0011244,,
180911,nm0014436,,
180911,nm0083345,,
180911,nm0421922,,
180911,nm0445290,,
180911,nm0576127,,
180911,nm0805314,,
180911,nm0866344,,
181229,nm0540163,,
181229,nm1267520,,
181229,nm2358432,,
181229,nm3070422,,
181229,nm3625103,,
181229,nm3951511,,
181229,nm4739008,,
181229,nm5267820,,
181229,nm5310392,,
181229,nm7893107,,
181287,nm0148077,,
181287,nm0246189,,
181287,nm0475054,,
181287,nm1345937,,
181287,nm1449921,,
181287,nm1644158,,
181287,nm1937334,,
181287,nm2643206,,
181287,nm4323266,,
181287,nm4658761,,
181391,nm0010611,,
181391,nm0484970,,
181391,nm0519816,,
181391,nm0585689,,
181391,nm0935090,,
181391,nm0941575,,
181391,nm1433788,,
181391,nm2131865,,
181391,nm2846804,,
181391,nm3518858,,
182585,nm1013240,,
182585,nm1938175,,
182585,nm2664499,,
182585,nm3677062,,
182585,nm4178614,,
182585,nm5787616,,
182585,nm6475438,,
182585,nm6885344,,
182585,nm7840131,,
182585,nm8579236,,
182849,nm1256891,,
182849,nm1294020,,
182849,nm3024307,,
182849,nm4176504,,
182849,nm5971342,,
182849,nm6313534,,
182849,nm7609198,,
182849,nm7609202,,
182849,nm7609213,,
182849,nm8280069,,
182941,nm0209409,,
182941,nm0328023,,
182941,nm0349522,,
182941,nm1033291,,
182941,nm2119672,,
182941,nm2204178,,
182941,nm2431367,,
182941,nm2578315,,
182941,nm2725254,,
182941,nm8436122,,
1835,nm0000115,,
1835,nm0000212,,
1835,nm0000862,,
1835,nm0001240,,
1835,nm0105672,,
1835,nm0198970,,
1835,nm0234564,,
1835,nm0272173,,
1835,nm0316708,,
1835,nm0581008,,
183717,nm0220814,,
183717,nm0438027,,
183717,nm0864607,,
183717,nm1004575,,
183717,nm1115230,,
183717,nm1115863,,
183717,nm12530277,,
183717,nm12530278,,
183717,nm12530279,,
184019,nm0122764,,
184019,nm0132198,,
184019,nm0237693,,
184019,nm0237713,,
184019,nm0317505,,
184019,nm0448682,,
184019,nm0515975,,
184019,nm0828429,,
184019,nm0832458,,
184019,nm0886548,,
184815,nm0001126,,
184815,nm0098734,,
184815,nm0207616,,
184815,nm0236711,,
184815,nm0323098,,
184815,nm0347656,,
184815,nm0428856,,
184815,nm0638361,,
184815,nm0842855,,
184815,nm0871456,,
184851,nm0230507,,
184851,nm0238182,,
184851,nm0311059,,
184851,nm0466999,,
184851,nm0471365,,
184851,nm0529402,,
184851,nm0529403,,
184851,nm0548635,,
184851,nm0586418,,
184851,nm0628669,,
184869,nm0453440,,
184869,nm12285317,,
184869,nm1504868,,
184869,nm1759785,,
184869,nm2174122,,
184869,nm2498552,,
184869,nm5470717,,
184869,nm6311824,,
184869,nm8027008,,
184869,nm9541536,,
184981,nm0150944,,
184981,nm0157785,,
184981,nm0179532,,
184981,nm0432054,,
184981,nm0448832,,
184981,nm0482580,,
184981,nm0490497,,
184981,nm0510950,,
184981,nm0514922,,
184981,nm5768023,,
184991,nm0072556,,
184991,nm0825134,,
184991,nm1319365,,
184991,nm2212746,,
184991,nm2924350,,
184991,nm5590447,,
184991,nm7592730,,
184991,nm8247612,,
184991,nm8247613,,
184991,nm9656920,,
185149,nm0671435,,
185149,nm0881736,,
185149,nm0960495,,
185149,nm1179845,,
185149,nm1244100,,
185149,nm1832840,,
185149,nm1833846,,
185149,nm2057461,,
185149,nm2287554,,
185149,nm6105049,,
185345,nm0000471,,
185345,nm0001321,,
185345,nm0002032,,
185345,nm0232976,,
185345,nm0585895,,
185345,nm0631490,,
185345,nm0720890,,
185345,nm0731995,,
185345,nm0908729,,
185345,nm0910278,,
1855,nm0000377,,
1855,nm0001184,,
1855,nm0005169,,
1855,nm0005499,,
1855,nm0067497,,
1855,nm0266441,,
1855,nm0512015,,
1855,nm0575339,,
1855,nm0740535,,
1855,nm0808376,,
185521,nm0060789,,
185521,nm0176773,,
185521,nm0494815,,
185521,nm0582320,,
185521,nm0603908,,
185521,nm0643353,,
185521,nm0710394,,
185521,nm0812905,,
185521,nm0903274,,
185521,nm0937629,,
186279,nm0022663,,
186279,nm0077849,,
186279,nm0266949,,
186279,nm0289953,,
186279,nm0307995,,
186279,nm0520873,,
186279,nm0521463,,
186279,nm0526958,,
186279,nm0661715,,
186279,nm0779981,,
186511,nm0127302,,
186511,nm0472701,,
186511,nm0560234,,
186511,nm0581536,,
186511,nm0622608,,
186511,nm1085986,,
186511,nm1211417,,
186511,nm2128801,,
186511,nm2591753,,
186511,nm2591822,,
186661,nm0796119,,
186661,nm1122888,,
186661,nm1375534,,
186661,nm1388202,,
186661,nm1436884,,
186661,nm1464408,,
186661,nm4027655,,
186661,nm4028151,,
186661,nm4028885,,
186661,nm6760571,,
187025,nm0015320,,
187025,nm0383022,,
187025,nm0476678,,
187025,nm0477449,,
187025,nm0644524,,
187025,nm0840598,,
187025,nm0875335,,
187025,nm0913828,,
187025,nm0945322,,
187025,nm0950830,,
187039,nm0608683,,
187039,nm0915385,,
187039,nm1343374,,
187039,nm2008069,,
187039,nm2018786,,
187039,nm2279344,,
187467,nm0441098,,
187467,nm1967617,,
187467,nm3065061,,
187467,nm3087358,,
187467,nm3088934,,
187467,nm3640154,,
187467,nm4310161,,
187483,nm0000616,,
187483,nm0000663,,
187483,nm0001166,,
187483,nm0001698,,
187483,nm0232319,,
187483,nm0541909,,
187483,nm0726457,,
187483,nm0888727,,
187483,nm2286991,,
187483,nm2984994,,
187553,nm0067049,,
187553,nm0092320,,
187553,nm0130445,,
187553,nm0269302,,
187553,nm0282959,,
187553,nm0372748,,
187553,nm0436694,,
187553,nm0444784,,
187553,nm0525716,,
187553,nm0732758,,
187603,nm0407959,,
187603,nm1169445,,
187603,nm1748835,,
187603,nm1835909,,
187603,nm5640982,,
187603,nm6244218,,
187603,nm6684555,,
187603,nm6786155,,
187603,nm9597004,,
187611,nm0370411,,
187611,nm0859005,,
187611,nm0940362,,
187611,nm10069602,,
187611,nm2374528,,
187611,nm3510471,,
187611,nm3889381,,
187611,nm5690286,,
187611,nm9333207,,
187611,nm9743839,,
187733,nm0000059,,
187733,nm0000169,,
187733,nm0000380,,
187733,nm0000737,,
187733,nm0000898,,
187733,nm0001153,,
187733,nm0001346,,
187733,nm0001684,,
187733,nm0748621,,
187733,nm0936476,,
187829,nm0024302,,
187829,nm0706499,,
187829,nm0707425,,
187829,nm0764762,,
187829,nm0766470,,
187829,nm1119913,,
187829,nm1127850,,
187829,nm1129966,,
187829,nm1217876,,
187829,nm2957986,,
187879,nm0883014,,
187879,nm0993256,,
187879,nm1032614,,
187879,nm1560660,,
187879,nm1597362,,
187879,nm1909060,,
187879,nm1953187,,
187879,nm2035937,,
187961,nm0001487,,
187961,nm0209428,,
187961,nm0341743,,
187961,nm0668845,,
187961,nm1126657,,
187961,nm1925239,,
187961,nm2842005,,
187961,nm3789989,,
187961,nm3890987,,
187961,nm4574630,,
188103,nm0019736,,
188103,nm0155875,,
188103,nm0218849,,
188103,nm0438794,,
188103,nm0443546,,
188103,nm0465450,,
188103,nm0473825,,
188103,nm0889136,,
188103,nm0904584,,
188103,nm1041495,,
188213,nm0053384,,
188213,nm0445715,,
188213,nm0504267,,
188213,nm0521051,,
188213,nm1002641,,
188213,nm1402751,,
188213,nm1603574,,
188213,nm2605345,,
188213,nm2649481,,
188489,nm0023560,,
188489,nm0086926,,
188489,nm0309348,,
188489,nm0427337,,
188489,nm0660266,,
188489,nm0698541,,
188489,nm2063290,,
188489,nm3188184,,
188489,nm7006860,,
188489,nm9113819,,
188551,nm0706721,,
188551,nm3734898,,
188551,nm6765796,,
188551,nm8054627,,
188551,nm8682289,,
188551,nm8682290,,
188551,nm8682291,,
188551,nm8682292,,
188551,nm8682293,,
188551,nm8871048,,
188659,nm0197647,,
188659,nm0456186,,
188659,nm0714698,,
188659,nm1752885,,
188659,nm1935086,,
188659,nm2743770,,
188659,nm4141252,,
188659,nm4240342,,
188659,nm5071471,,
188659,nm7971175,,
188885,nm0869035,,
188885,nm0869146,,
188885,nm0956956,,
188885,nm10470654,,
188885,nm1141161,,
188885,nm1294089,,
188885,nm1573418,,
188885,nm8264558,,
188885,nm8995141,,
188885,nm9244403,,
189031,nm0020143,,
189031,nm0174021,,
189031,nm0648164,,
189031,nm0854702,,
189031,nm1891705,,
189031,nm1965968,,
189031,nm3122871,,
189031,nm3459140,,
189031,nm3626054,,
189031,nm5924506,,
189035,nm0120410,,
189035,nm0193160,,
189035,nm0462116,,
189035,nm0522479,,
189035,nm0717080,,
189035,nm0861487,,
189035,nm1120236,,
189035,nm3578827,,
189035,nm4987843,,
189035,nm5589690,,
189081,nm0029865,,
189081,nm0087126,,
189081,nm0323615,,
189081,nm0523791,,
189081,nm0551288,,
189081,nm0561118,,
189081,nm0630519,,
189081,nm0666664,,
189081,nm0723623,,
189081,nm0739975,,
189225,nm0218942,,
189225,nm0386420,,
189225,nm1151223,,
189225,nm2063406,,
189225,nm2984377,,
189225,nm3348671,,
189225,nm4373363,,
189225,nm5767754,,
189225,nm6588776,,
189225,nm6812113,,
189291,nm0033152,,
189291,nm0594497,,
189291,nm1118632,,
189291,nm1150321,,
189291,nm2227966,,
189291,nm2246282,,
189291,nm4081438,,
189687,nm0007106,,
189687,nm0083534,,
189687,nm0149822,,
189687,nm0219939,,
189687,nm0453350,,
189687,nm0541597,,
189687,nm0700869,,
189687,nm0787474,,
189687,nm0794511,,
189687,nm2147526,,
189791,nm0015253,,
189791,nm0031981,,
189791,nm0037037,,
189791,nm0300781,,
189791,nm0475610,,
189791,nm0810638,,
189791,nm2610869,,
189791,nm3379687,,
189791,nm3601983,,
189791,nm3727314,,
190185,nm0917674,,
190185,nm2268805,,
190185,nm2290954,,
190185,nm3154777,,
190185,nm3431007,,
190185,nm3766805,,
190185,nm4210515,,
190185,nm4210844,,
190185,nm4210896,,
190309,nm0032955,,
190309,nm0592625,,
190309,nm0649638,,
190309,nm0673391,,
190309,nm0868610,,
190309,nm1212341,,
190309,nm2109624,,
190309,nm3198515,,
190309,nm4234452,,
190309,nm6687779,,
190473,nm0457219,,
190473,nm0477772,,
190473,nm0621456,,
190473,nm0624383,,
190473,nm0632653,,
190473,nm0645426,,
190473,nm0645760,,
190473,nm0784279,,
190473,nm0848796,,
190473,nm0913822,,
190553,nm0000169,,
190553,nm0000170,,
190553,nm0000437,,
190553,nm0001661,,
190553,nm0004754,,
190553,nm0005188,,
190553,nm0602071,,
190553,nm0741893,,
190553,nm0771493,,
190553,nm8374329,,
190769,nm1238336,,
190769,nm1303433,,
190769,nm1599046,,
190769,nm1723225,,
190769,nm2821544,,
190769,nm2889417,,
190769,nm5045936,,
190769,nm8084458,,
190769,nm8974904,,
190769,nm8974905,,
191,nm0000193,,
191,nm0000198,,
191,nm0000380,,
191,nm0063963,,
191,nm0234541,,
191,nm0362570,,
191,nm0427104,,
191,nm0687506,,
191,nm0698764,,
191,nm0832695,,
191293,nm0621937,,
191293,nm0692586,,
191293,nm0793851,,
191293,nm0841552,,
191293,nm1963406,,
191293,nm2776304,,
191293,nm4204414,,
191293,nm4572244,,
191293,nm5114849,,
191293,nm9101730,,
191331,nm0098393,,
191331,nm0290013,,
191331,nm0525793,,
191331,nm0535979,,
191331,nm0723168,,
191331,nm0847823,,
191331,nm0867894,,
191331,nm0867923,,
191331,nm0885203,,
191331,nm3848967,,
191423,nm9285200,,
192401,nm0000476,,
192401,nm0000794,,
192401,nm0001827,,
192401,nm0002037,,
192401,nm0002663,,
192401,nm0160590,,
192401,nm0265678,,
192401,nm0607365,,
192401,nm0618796,,
192401,nm0670779,,
192637,nm0102535,,
192637,nm0111413,,
192637,nm0356942,,
192637,nm0483048,,
192637,nm0484483,,
192637,nm0509454,,
192637,nm0510219,,
192637,nm0513521,,
192637,nm0604369,,
192637,nm0759738,,
193419,nm0000502,,
193419,nm0000970,,
193419,nm0001463,,
193419,nm0004748,,
193419,nm0082169,,
193419,nm0195626,,
193419,nm0444621,,
193419,nm0666739,,
193419,nm0882172,,
193419,nm1567268,,
193459,nm0020668,,
193459,nm0021465,,
193459,nm0056407,,
193459,nm0074370,,
193459,nm0123688,,
193459,nm0305342,,
193459,nm0428463,,
193459,nm0796236,,
193459,nm0940047,,
193459,nm2301408,,
193773,nm0015045,,
193773,nm0441154,,
193773,nm0441961,,
193773,nm0457502,,
193773,nm0644574,,
193773,nm0793879,,
193773,nm0837475,,
193773,nm0850885,,
193773,nm0875370,,
193773,nm0948949,,
193801,nm0023719,,
193801,nm0250752,,
193801,nm0258268,,
193801,nm0354490,,
193801,nm0462017,,
193801,nm0475737,,
193801,nm0620657,,
193801,nm1328076,,
193801,nm3649818,,
193801,nm8901290,,
193976,nm0243924,,
193976,nm0466700,,
193976,nm0529392,,
193976,nm0621901,,
193976,nm0623442,,
193976,nm0650144,,
193976,nm0767562,,
193976,nm0807035,,
193976,nm0899059,,
193976,nm1595690,,
194,nm0000172,,
194,nm0000458,,
194,nm0002064,,
194,nm0034519,,
194,nm0042298,,
194,nm0315342,,
194,nm0364813,,
194,nm0640055,,
194,nm0674782,,
194,nm0959242,,
194026,nm0000385,,
194026,nm0320219,,
194026,nm11634926,,
194026,nm1501501,,
194026,nm1880089,,
194026,nm2636108,,
194026,nm2781226,,
194026,nm4092744,,
194026,nm4355757,,
194026,nm6727895,,
194070,nm0524255,,
194070,nm1205316,,
194070,nm1389997,,
194070,nm1412130,,
194070,nm1585676,,
194070,nm1631127,,
194070,nm2050419,,
194070,nm6318277,,
194214,nm0084908,,
194214,nm0251654,,
194214,nm0251797,,
194214,nm0433603,,
194214,nm0439693,,
194214,nm0797586,,
194214,nm0805100,,
194214,nm0959958,,
194214,nm0959959,,
194214,nm1935068,,
194254,nm1572716,,
194254,nm3573100,,
194254,nm7452709,,
194254,nm8873343,,
194318,nm0000362,,
194318,nm0001404,,
194318,nm0001458,,
194318,nm0012121,,
194318,nm0024666,,
194318,nm0062168,,
194318,nm0068407,,
194318,nm0674231,,
194318,nm0687029,,
194318,nm0709704,,
194416,nm0214430,,
194416,nm0234115,,
194416,nm0234122,,
194416,nm0267170,,
194416,nm0276255,,
194416,nm0304575,,
194416,nm0669044,,
194416,nm0685314,,
194416,nm0840355,,
194416,nm0906562,,
194456,nm0001032,,
194456,nm0001862,,
194456,nm0422162,,
194456,nm0426261,,
194456,nm0463100,,
194456,nm0642289,,
194456,nm0645504,,
194456,nm0727071,,
194456,nm0870038,,
194456,nm0922301,,
194536,nm0193629,,
194536,nm0239666,,
194536,nm0508293,,
194536,nm0656768,,
194536,nm0754882,,
194536,nm2280428,,
194536,nm3289187,,
194536,nm3415802,,
194536,nm3500149,,
194536,nm4288381,,
194670,nm0000724,,
194670,nm0004980,,
194670,nm0130282,,
194670,nm0131612,,
194670,nm0256225,,
194670,nm0370862,,
194670,nm0436570,,
194670,nm0439170,,
194670,nm0448763,,
194670,nm0830887,,
194694,nm0001367,,
194694,nm1104270,,
194694,nm1286160,,
194694,nm1339866,,
194694,nm1721185,,
194694,nm3810255,,
194694,nm3918290,,
194694,nm4547396,,
194694,nm5493674,,
194694,nm6098366,,
195185,nm0312656,,
195185,nm0351338,,
195185,nm0407454,,
195185,nm0407497,,
195185,nm0411879,,
195185,nm0593911,,
195185,nm0611458,,
195185,nm0645634,,
195185,nm0793987,,
195185,nm1083220,,
195369,nm0048121,,
195369,nm0149286,,
195369,nm0246226,,
195369,nm0511277,,
195369,nm0631252,,
195369,nm0682117,,
195369,nm0944126,,
195369,nm1113682,,
195369,nm1371177,,
195369,nm1371911,,
195519,nm0001772,,
195519,nm0001833,,
195519,nm0346102,,
195519,nm0455009,,
195519,nm0730394,,
195519,nm0941983,,
195519,nm1005611,,
195519,nm1134945,,
195519,nm1166199,,
195519,nm1605198,,
195933,nm0362503,,
195933,nm0381773,,
195933,nm0459693,,
195933,nm0459704,,
195933,nm0472127,,
195933,nm0523958,,
195933,nm0699787,,
195933,nm0773091,,
195933,nm0776713,,
195933,nm2051188,,
196303,nm0443511,,
196303,nm0476287,,
196303,nm0658995,,
196303,nm0895133,,
196303,nm15023491,,
196303,nm3459300,,
196303,nm3892843,,
196303,nm8535957,,
196303,nm8535958,,
196303,nm8535959,,
196495,nm0218310,,
196495,nm0321587,,
196495,nm0444239,,
196495,nm0464475,,
196495,nm0477878,,
196495,nm0586476,,
196495,nm0593996,,
196495,nm0854233,,
196495,nm0892501,,
196495,nm0950803,,
196533,nm0059847,,
196533,nm0246150,,
196533,nm0406873,,
196533,nm0580957,,
196533,nm0603312,,
196533,nm0636466,,
196533,nm0744609,,
196533,nm0792758,,
196533,nm0895043,,
196533,nm0955535,,
197007,nm0595450,,
197007,nm1516296,,
197007,nm2763805,,
197007,nm2865987,,
197007,nm3438421,,
197007,nm3832268,,
197007,nm4201925,,
197007,nm4906080,,
197007,nm7591772,,
197007,nm8332231,,
197065,nm12776865,,
197707,nm0396812,,
197707,nm1107001,,
197707,nm2092835,,
197707,nm2585331,,
197707,nm4960279,,
197707,nm8679312,,
197707,nm9838069,,
197747,nm0393093,,
197747,nm0411644,,
197747,nm1040533,,
197747,nm2237350,,
197747,nm4081467,,
197747,nm4667834,,
197747,nm5140138,,
197747,nm5620173,,
197747,nm8970013,,
197873,nm0095287,,
197873,nm0437690,,
197873,nm0755801,,
197873,nm0755808,,
197873,nm0946948,,
197873,nm2205521,,
197973,nm0111379,,
197973,nm0233123,,
197973,nm0267372,,
197973,nm0487764,,
197973,nm0904273,,
197973,nm1266887,,
197973,nm2083687,,
197973,nm3894232,,
197973,nm4018549,,
197973,nm7138152,,
198009,nm0372241,,
198009,nm0533968,,
198009,nm0597477,,
198009,nm0615165,,
198009,nm2537159,,
198009,nm2848155,,
198009,nm3149102,,
198009,nm3381703,,
198009,nm3389550,,
198009,nm3437524,,
198313,nm0001148,,
198313,nm0101282,,
198313,nm0124333,,
198313,nm0216052,,
198313,nm0267810,,
198313,nm0284585,,
198313,nm0383620,,
198313,nm0593192,,
198313,nm0682474,,
198313,nm0828206,,
198469,nm0012690,,
198469,nm0127174,,
198469,nm0378932,,
198469,nm0578566,,
198469,nm0695127,,
198469,nm0818672,,
198469,nm0902028,,
198469,nm3110915,,
198469,nm6098250,,
198469,nm9481098,,
198635,nm0076923,,
198635,nm0159407,,
198635,nm0405742,,
198635,nm0572135,,
1989,nm0161546,,
1989,nm0168308,,
1989,nm0174860,,
1989,nm0242750,,
1989,nm0623604,,
1989,nm0638218,,
1989,nm0696395,,
1989,nm0711595,,
1989,nm0833635,,
1989,nm0852175,,
199079,nm0161607,,
199079,nm0320969,,
199079,nm0529452,,
199079,nm0596071,,
199079,nm0690432,,
199079,nm0698128,,
199079,nm0957050,,
199079,nm9269849,,
199079,nm9460174,,
199079,nm9667672,,
199267,nm0051906,,
199267,nm0432601,,
199267,nm0461925,,
199267,nm1040587,,
199319,nm0001001,,
199319,nm0165101,,
199319,nm0336701,,
199319,nm0429363,,
199319,nm0743931,,
199319,nm2154316,,
199319,nm3117836,,
199319,nm3718007,,
199319,nm3778118,,
199319,nm7819096,,
199746,nm0005517,,
199746,nm0407756,,
199746,nm0540441,,
199746,nm0805476,,
199746,nm0892716,,
199746,nm14126270,,
199746,nm1472917,,
199746,nm2258892,,
199746,nm5634984,,
199886,nm0156982,,
199886,nm0477231,,
199886,nm0516327,,
199886,nm0523711,,
199886,nm0526714,,
199886,nm0670481,,
199886,nm0838935,,
199886,nm0910979,,
199886,nm1017754,,
199886,nm1373038,,
199952,nm0094080,,
199952,nm0246150,,
199952,nm0450975,,
199952,nm0590747,,
199952,nm1460167,,
199952,nm2447028,,
199952,nm2448925,,
199952,nm2590229,,
199952,nm2804487,,
199952,nm7814940,,
199988,nm1405391,,
199988,nm2974943,,
199988,nm3009288,,
199988,nm3132024,,
199988,nm3132346,,
199988,nm3157372,,
199988,nm3334323,,
199988,nm3821668,,
199988,nm4132160,,
199988,nm4132989,,
200148,nm0000329,,
200148,nm0659000,,
200148,nm2432722,,
200148,nm2849785,,
200148,nm3391237,,
200148,nm5409151,,
200148,nm5725655,,
200148,nm5743918,,
200148,nm5743922,,
200148,nm8694048,,
200562,nm0000580,,
200562,nm0000800,,
200562,nm0007237,,
200562,nm0196592,,
200562,nm0534319,,
200562,nm1682573,,
200562,nm2058531,,
200562,nm3966808,,
200562,nm3970150,,
200562,nm4323940,,
200604,nm10108368,,
200604,nm10397517,,
200604,nm10397518,,
200604,nm10397519,,
200604,nm10397520,,
200604,nm3660766,,
200604,nm9331937,,
200604,nm9331938,,
200604,nm9331940,,
200604,nm9629476,,
200740,nm0005460,,
200740,nm0133882,,
200740,nm0321591,,
200740,nm0389630,,
200740,nm1143861,,
200740,nm2230865,,
200740,nm2366201,,
200740,nm2618497,,
200740,nm2859756,,
200740,nm8530716,,
200818,nm0000206,,
200818,nm0000401,,
200818,nm0000932,,
200818,nm0001092,,
200818,nm0001378,,
200818,nm0574534,,
200818,nm0714698,,
200818,nm0846548,,
200818,nm1708414,,
200818,nm3545872,,
201074,nm0292182,,
201074,nm10388731,,
201074,nm1635815,,
201074,nm2240061,,
201074,nm3262824,,
201074,nm3270673,,
201074,nm3461752,,
201074,nm3990917,,
201074,nm4282639,,
201074,nm4437328,,
201108,nm0051237,,
201108,nm0852938,,
201108,nm1043534,,
201108,nm1075887,,
201108,nm1424380,,
201108,nm1425316,,
201108,nm1426995,,
201108,nm1488186,,
201108,nm1869435,,
201108,nm1869598,,
201176,nm0008867,,
201176,nm0312072,,
201176,nm0952029,,
201176,nm0952304,,
201176,nm1025669,,
201176,nm1193573,,
201176,nm12717153,,
201176,nm12961791,,
201176,nm15702829,,
201176,nm9710968,,
201382,nm0236202,,
201382,nm0336489,,
201382,nm0403937,,
201382,nm0750142,,
201382,nm2111771,,
201382,nm2132671,,
201382,nm2737337,,
201382,nm2947657,,
201382,nm3650447,,
201382,nm3940976,,
201414,nm0000913,,
201414,nm0078940,,
201414,nm0100801,,
201414,nm0329245,,
201414,nm0376169,,
201414,nm0396216,,
201414,nm0450687,,
201414,nm0640344,,
201414,nm0791281,,
201414,nm0848304,,
201656,nm0001841,,
201656,nm0091775,,
201656,nm0182934,,
201656,nm0272473,,
201656,nm0317980,,
201656,nm0342957,,
201656,nm0377888,,
201656,nm0563102,,
201656,nm0821984,,
201656,nm0914396,,
202089,nm0216599,,
202089,nm0954704,,
202089,nm10930426,,
202089,nm10930427,,
202089,nm10930428,,
202089,nm10930429,,
202089,nm1271759,,
202089,nm2244205,,
202089,nm2732233,,
202089,nm6995530,,
202103,nm0005476,,
202103,nm0126284,,
202103,nm0370015,,
202103,nm10163946,,
202103,nm10163947,,
202103,nm10163948,,
202103,nm10164016,,
202103,nm2705775,,
202103,nm6140880,,
202103,nm9343856,,
202455,nm0001218,,
202455,nm0924784,,
202455,nm0937245,,
202455,nm1309123,,
202455,nm1720703,,
202455,nm1792864,,
202455,nm2467078,,
202455,nm3803706,,
202455,nm4334441,,
202455,nm7985005,,
202559,nm1090363,,
202559,nm3371540,,
202559,nm9012804,,
202559,nm9499976,,
202559,nm9499977,,
202697,nm0035128,,
202697,nm0042256,,
202697,nm0070694,,
202697,nm0075650,,
202697,nm0161701,,
202697,nm0213847,,
202697,nm0221207,,
202697,nm0517974,,
202697,nm0597606,,
202697,nm4409325,,
202940,nm0001748,,
202940,nm0003222,,
202940,nm0099906,,
202940,nm0164126,,
202940,nm0234731,,
202940,nm0472871,,
202940,nm0569808,,
202940,nm0732313,,
202940,nm0768237,,
202940,nm0935543,,
202950,nm0147635,,
202950,nm0281708,,
202950,nm0609802,,
202950,nm0613731,,
202950,nm0622024,,
202950,nm0752763,,
202950,nm0772109,,
202950,nm0798777,,
202950,nm0798779,,
202950,nm0907270,,
203222,nm0000469,,
203222,nm0005569,,
203222,nm0252230,,
203222,nm0434712,,
203222,nm0461498,,
203222,nm0736622,,
203222,nm1056659,,
203222,nm2255973,,
203222,nm6556377,,
203222,nm8630978,,
203435,nm0899366,,
203435,nm2378840,,
203435,nm3130001,,
203435,nm4894918,,
203435,nm6356200,,
203435,nm8238084,,
203441,nm0006369,,
203441,nm0007147,,
203441,nm0222473,,
203441,nm0268619,,
203441,nm0374974,,
203441,nm0403827,,
203441,nm0536821,,
203441,nm0849863,,
203441,nm0904537,,
203441,nm1927212,,
203483,nm0001965,,
203483,nm0452161,,
203483,nm0500976,,
203483,nm0591877,,
203483,nm0597042,,
203483,nm0687913,,
203483,nm0836681,,
203483,nm2015893,,
203483,nm3691738,,
203483,nm6968658,,
203527,nm0000048,,
203527,nm0001682,,
203527,nm0060845,,
203527,nm0128573,,
203527,nm0144082,,
203527,nm0302664,,
203527,nm0392067,,
203527,nm0485518,,
203527,nm0640474,,
203527,nm0807354,,
203735,nm0454120,,
203735,nm0463201,,
203735,nm0619178,,
203735,nm0707427,,
203735,nm0765844,,
203735,nm1204924,,
203735,nm1425099,,
203735,nm1880510,,
203735,nm4206125,,
203735,nm7424028,,
203737,nm0126960,,
203737,nm0133552,,
203737,nm0255990,,
203737,nm0603882,,
203737,nm0671559,,
203737,nm0682698,,
203737,nm0691675,,
203737,nm0761133,,
203737,nm0959226,,
203737,nm4010034,,
203954,nm0121518,,
203954,nm0352967,,
203954,nm0474252,,
203954,nm0876278,,
203954,nm1655668,,
203954,nm6056898,,
203954,nm7216007,,
203954,nm9911882,,
203954,nm9911883,,
203954,nm9911884,,
204126,nm0000172,,
204126,nm0000321,,
204126,nm0004692,,
204126,nm0054922,,
204126,nm0268297,,
204126,nm0929679,,
204126,nm12194993,,
204126,nm1330324,,
204126,nm2201022,,
204126,nm8504889,,
204184,nm0087787,,
204184,nm0229361,,
204184,nm0257563,,
204184,nm0401291,,
204184,nm0406135,,
204184,nm0474470,,
204184,nm0631104,,
204184,nm0843772,,
204184,nm1339419,,
204184,nm3188190,,
204236,nm0028158,,
204236,nm0055998,,
204236,nm0352914,,
204236,nm0437364,,
204236,nm0454772,,
204236,nm0601117,,
204236,nm0611348,,
204236,nm0697156,,
204236,nm0709491,,
204236,nm0840373,,
204288,nm0092129,,
204288,nm0176638,,
204288,nm0267670,,
204288,nm0409869,,
204288,nm0502766,,
204288,nm0522930,,
204288,nm0540047,,
204288,nm0640023,,
204288,nm0709905,,
204288,nm0879000,,
204584,nm0068551,,
204584,nm0495426,,
204584,nm0529989,,
204584,nm0781700,,
204584,nm1015884,,
204584,nm1370408,,
204584,nm1693588,,
204584,nm1732448,,
204584,nm2021304,,
204584,nm2543344,,
204684,nm0226699,,
204684,nm0463649,,
204684,nm0587027,,
204684,nm0587523,,
204684,nm0631877,,
204684,nm0678261,,
204684,nm0812506,,
204684,nm0831206,,
204684,nm0863794,,
204684,nm1461201,,
204928,nm0000532,,
205120,nm0049467,,
205120,nm0323511,,
205120,nm0546531,,
205120,nm0617175,,
205120,nm0687735,,
205120,nm0709993,,
205120,nm0750184,,
205120,nm0755891,,
205120,nm0878269,,
205120,nm0945085,,
205168,nm0000644,,
205168,nm0001406,,
205168,nm0107281,,
205168,nm0125579,,
205168,nm0222643,,
205168,nm0563039,,
205168,nm0565569,,
205168,nm0831471,,
205168,nm0888503,,
205168,nm1129289,,
205283,nm0121582,,
205283,nm0424499,,
205283,nm0802276,,
205283,nm0907453,,
205283,nm1679296,,
205283,nm3420151,,
205283,nm7044108,,
205283,nm7153864,,
205283,nm7292370,,
205283,nm8585433,,
205635,nm0013749,,
205635,nm0209553,,
205635,nm0273390,,
205635,nm0350866,,
205635,nm0350867,,
205635,nm0583746,,
205635,nm0655762,,
205635,nm0708792,,
205635,nm0900232,,
205635,nm3985425,,
205957,nm0142616,,
205957,nm0149719,,
205957,nm0213374,,
205957,nm0381453,,
205957,nm0449017,,
205957,nm0525855,,
205957,nm0584393,,
205957,nm0672242,,
205957,nm0743719,,
205957,nm1446956,,
205982,nm0051179,,
205982,nm0053957,,
205982,nm0181613,,
205982,nm0575478,,
205982,nm2114169,,
205982,nm2809680,,
205982,nm6782313,,
205982,nm7381099,,
205982,nm7535305,,
205982,nm9808607,,
206403,nm0000618,,
206403,nm0272252,,
206403,nm0672303,,
206403,nm1454097,,
206403,nm2167445,,
206403,nm2193504,,
206403,nm2605345,,
206403,nm2907112,,
206403,nm3492152,,
206403,nm4456120,,
206955,nm0012967,,
206955,nm0043465,,
206955,nm0070630,,
206955,nm0084793,,
206955,nm0269209,,
206955,nm0353990,,
206955,nm0380587,,
206955,nm0433722,,
206955,nm0717822,,
206955,nm0819825,,
207624,nm0032787,,
207624,nm0158377,,
207624,nm0180846,,
207624,nm0210698,,
207624,nm0432689,,
207624,nm0508785,,
207624,nm0683501,,
207624,nm0708802,,
207624,nm0762455,,
207624,nm0763287,,
208120,nm0000367,,
208120,nm0620964,,
208120,nm10087171,,
208120,nm11054769,,
208120,nm11055308,,
208120,nm11055309,,
208120,nm11055310,,
208120,nm5052617,,
208120,nm6283382,,
208120,nm9229144,,
208259,nm0629634,,
208259,nm1015262,,
208259,nm1587729,,
208259,nm1694797,,
208259,nm1822659,,
208259,nm2513232,,
208259,nm2541974,,
208259,nm3354041,,
208259,nm3594330,,
208259,nm3598337,,
209171,nm0022663,,
209171,nm0033980,,
209171,nm0068952,,
209171,nm0217377,,
209171,nm0385951,,
209171,nm0534972,,
209171,nm0580440,,
209171,nm0612219,,
209171,nm0681325,,
209171,nm0709424,,
2136,nm0001471,,
2136,nm0001771,,
2136,nm0017491,,
2136,nm0021519,,
2136,nm0283095,,
2136,nm0293466,,
2136,nm0296330,,
2136,nm0504424,,
2136,nm0601111,,
2136,nm0606593,,
2145,nm0000208,,
2145,nm0000530,,
2145,nm0000652,,
2145,nm0001048,,
2145,nm0001083,,
2145,nm0001633,,
2145,nm0001765,,
2145,nm0371579,,
2145,nm0447782,,
2145,nm0894690,,
2176,nm0000033,,
2176,nm0000071,,
2176,nm0151401,,
2176,nm0171887,,
2176,nm0197982,,
2176,nm0225255,,
2176,nm0263330,,
2176,nm0335048,,
2176,nm0362567,,
2176,nm0389516,,
2207,nm0000058,,
2207,nm0001452,,
2207,nm0207843,,
2207,nm0222831,,
2207,nm0339504,,
2207,nm0388166,,
2207,nm0518239,,
2207,nm0628579,,
2207,nm0677961,,
2207,nm0684891,,
2263,nm0000193,,
2263,nm0000299,,
2263,nm0001638,,
2263,nm0059835,,
2263,nm0124333,,
2263,nm0295334,,
2263,nm0307600,,
2263,nm0414531,,
2263,nm0424523,,
2263,nm0852615,,
2301,nm0000316,,
2301,nm0001123,,
2301,nm0001404,,
2301,nm0001458,,
2301,nm0002138,,
2301,nm0128377,,
2301,nm0137030,,
2301,nm0338922,,
2301,nm0466327,,
2301,nm0827298,,
2318,nm0000450,,
2318,nm0001223,,
2318,nm0001484,,
2318,nm0011038,,
2318,nm0048414,,
2318,nm0065418,,
2318,nm0255834,,
2318,nm0321740,,
2318,nm0828906,,
2318,nm11437554,,
235,nm0000099,,
235,nm0000136,,
235,nm0000195,,
235,nm0000352,,
235,nm0000470,,
235,nm0000572,,
235,nm0001445,,
235,nm0143295,,
235,nm0819525,,
235,nm0823563,,
2404,nm0000230,,
2404,nm0001077,,
2404,nm0001748,,
2404,nm0009530,,
2404,nm0209030,,
2404,nm0283754,,
2404,nm0299924,,
2404,nm0317956,,
2404,nm0710003,,
2404,nm0795226,,
2415,nm0000177,,
2415,nm0000651,,
2415,nm0000889,,
2415,nm0196419,,
2415,nm0420121,,
2415,nm0446120,,
2415,nm0570033,,
2415,nm0816962,,
2415,nm0822048,,
2415,nm0823563,,
2435,nm0000212,,
2435,nm0000228,,
2435,nm0000576,,
2435,nm0000705,,
2435,nm0001590,,
2435,nm0001593,,
2435,nm0264781,,
2435,nm0707148,,
2435,nm0788009,,
2435,nm0888536,,
2493,nm0000888,,
2493,nm0003492,,
2493,nm0065353,,
2493,nm0272224,,
2493,nm0279069,,
2493,nm0633947,,
2493,nm0726257,,
2493,nm0862754,,
2493,nm0904710,,
2493,nm0927641,,
2496,nm0000224,,
2496,nm0000409,,
2496,nm0000651,,
2496,nm0000686,,
2496,nm0004929,,
2496,nm0710632,,
2496,nm0806217,,
2496,nm0808022,,
2496,nm0817038,,
2496,nm0849522,,
2540,nm0000242,,
2540,nm0000334,,
2540,nm0004051,,
2540,nm0070115,,
2540,nm0150976,,
2540,nm0497592,,
2540,nm0512350,,
2540,nm0542677,,
2540,nm0659374,,
2540,nm0949521,,
2570,nm0000178,,
2570,nm0000630,,
2570,nm0001413,,
2570,nm0001557,,
2570,nm0001593,,
2570,nm0080987,,
2570,nm0096772,,
2570,nm0271165,,
2570,nm0656681,,
2570,nm0686867,,
25764,nm0000036,,
25764,nm0018685,,
25764,nm0102718,,
25764,nm0112395,,
25764,nm0177485,,
25764,nm0206496,,
25764,nm0219783,,
25764,nm0249177,,
25764,nm0329467,,
25764,nm0340807,,
25977,nm0000472,,
25977,nm0007941,,
25977,nm0041410,,
25977,nm0045839,,
25977,nm0071031,,
25977,nm0182579,,
25977,nm0219666,,
25977,nm0226109,,
25977,nm0301887,,
25977,nm0922505,,
25996,nm0000023,,
25996,nm0000051,,
25996,nm0001948,,
25996,nm0007217,,
25996,nm0045784,,
25996,nm0086469,,
25996,nm0113769,,
25996,nm0549237,,
25996,nm0634749,,
25996,nm0792619,,
26002,nm0000080,,
26002,nm0039510,,
26002,nm0041681,,
26002,nm0282530,,
26002,nm0575756,,
26002,nm0605288,,
26002,nm0668093,,
26002,nm0714878,,
26002,nm0848667,,
26002,nm0886870,,
26090,nm0002094,,
26090,nm0004462,,
26090,nm0029844,,
26090,nm0201155,,
26090,nm0329746,,
26090,nm0688975,,
26090,nm0790167,,
26090,nm0800074,,
26090,nm0816457,,
26090,nm0822275,,
26119,nm0111503,,
26119,nm0175681,,
26119,nm0200599,,
26119,nm0222394,,
26119,nm0252111,,
26119,nm0290234,,
26119,nm0340706,,
26119,nm0446763,,
26119,nm0674977,,
26119,nm0869927,,
26139,nm0000018,,
26139,nm0000078,,
26139,nm0000763,,
26139,nm0001121,,
26139,nm0370371,,
26139,nm0391361,,
26139,nm0580565,,
26139,nm0623658,,
26139,nm0696038,,
26139,nm0874502,,
26144,nm0000047,,
26144,nm0000577,,
26144,nm0002134,,
26144,nm0002145,,
26144,nm0183822,,
26144,nm0426062,,
26144,nm0447305,,
26144,nm0590055,,
26144,nm0658339,,
26144,nm0703033,,
26146,nm0000197,,
26146,nm0001765,,
26146,nm0189313,,
26146,nm0276869,,
26146,nm0352467,,
26146,nm0580732,,
26146,nm0593192,,
26146,nm0593355,,
26146,nm0674012,,
26146,nm0820096,,
26169,nm0030432,,
26169,nm0465531,,
26169,nm0590906,,
26169,nm0634601,,
26169,nm0644558,,
26169,nm0649033,,
26169,nm0794425,,
26169,nm0848406,,
26169,nm1080916,,
26169,nm2586485,,
2618,nm0051509,,
2618,nm0146264,,
2618,nm0193135,,
2618,nm0394053,,
2618,nm0498275,,
2618,nm0602350,,
2618,nm0627505,,
2618,nm0799402,,
2618,nm0855093,,
2618,nm0863968,,
26181,nm0000018,,
26181,nm0000078,,
26181,nm0001136,,
26181,nm0055645,,
26181,nm0127677,,
26181,nm0262775,,
26181,nm0444476,,
26181,nm0634389,,
26181,nm0907480,,
26181,nm0943978,,
26205,nm0000564,,
26205,nm0048468,,
26205,nm0117188,,
26205,nm0164379,,
26205,nm0183639,,
26205,nm0340737,,
26205,nm0373324,,
26205,nm0499315,,
26205,nm0680795,,
26205,nm0714878,,
26317,nm0000482,,
26317,nm0092381,,
26317,nm0108440,,
26317,nm0171779,,
26317,nm0192490,,
26317,nm0338126,,
26317,nm0746073,,
26317,nm0759664,,
26317,nm0765325,,
26317,nm1985227,,
2640,nm0000008,,
2640,nm0000432,,
2640,nm0000885,,
2640,nm0001229,,
2640,nm0001659,,
2640,nm0002145,,
2640,nm0178114,,
2640,nm0452288,,
2640,nm0641172,,
2640,nm0674781,,
26464,nm0000532,,
26464,nm0001702,,
26464,nm0076204,,
26464,nm0076251,,
26464,nm0163748,,
26464,nm0643105,,
26464,nm0736259,,
26464,nm0764134,,
26464,nm0790905,,
26464,nm0827663,,
26470,nm0000101,,
26470,nm0000376,,
26470,nm0001146,,
26470,nm0005551,,
26470,nm0027282,,
26470,nm0141953,,
26470,nm0381606,,
26470,nm0499989,,
26470,nm0540566,,
26470,nm0612672,,
26529,nm0053580,,
26529,nm0058246,,
26529,nm0076205,,
26529,nm0136789,,
26529,nm0479772,,
26529,nm0525943,,
26529,nm0597816,,
26529,nm0767194,,
26529,nm0868139,,
26529,nm5614332,,
26641,nm0000432,,
26641,nm0000884,,
26641,nm0001194,,
26641,nm0001729,,
26641,nm0137142,,
26641,nm0479530,,
26641,nm0572897,,
26641,nm0866055,,
26641,nm0886731,,
26641,nm0892455,,
2666,nm0001812,,
2666,nm0070511,,
2666,nm0143549,,
2666,nm0292229,,
2666,nm0307500,,
2666,nm0336335,,
2666,nm0361893,,
2666,nm0371918,,
2666,nm0434377,,
2666,nm0588241,,
26676,nm0000480,,
26676,nm0001357,,
26676,nm0004979,,
26676,nm0020162,,
26676,nm0046373,,
26676,nm0468957,,
26676,nm0485729,,
26676,nm0588777,,
26676,nm0780528,,
26676,nm0913169,,
26686,nm0000796,,
26686,nm0000846,,
26686,nm0001070,,
26686,nm0002056,,
26686,nm0179224,,
26686,nm0284781,,
26686,nm0335637,,
26686,nm0559977,,
26686,nm0629370,,
26686,nm0751274,,
267,nm0000461,,
267,nm0001834,,
267,nm0081759,,
267,nm0086379,,
267,nm0114371,,
267,nm0156298,,
267,nm0171221,,
267,nm0176735,,
267,nm0214914,,
267,nm0228626,,
26704,nm0000198,,
26704,nm0000438,,
26704,nm0000576,,
26704,nm0000604,,
26704,nm0000705,,
26704,nm0001806,,
26704,nm0130107,,
26704,nm0580565,,
26704,nm0640055,,
26704,nm0899995,,
26738,nm0000275,,
26738,nm0000309,,
26738,nm0043041,,
26738,nm0050264,,
26738,nm0094779,,
26738,nm0142746,,
26738,nm0339737,,
26738,nm0377750,,
26738,nm0511798,,
26738,nm0559144,,
26813,nm0000382,,
26813,nm0010648,,
26813,nm0068886,,
26813,nm0357338,,
26813,nm0419160,,
26813,nm0451376,,
26813,nm0463321,,
26813,nm0756442,,
26813,nm0843762,,
26813,nm0875527,,
27018,nm0128378,,
27018,nm0353716,,
27018,nm0423149,,
27018,nm0447813,,
27018,nm0634576,,
27018,nm0847340,,
27018,nm0849477,,
27018,nm0973740,,
27018,nm0974515,,
27018,nm6109970,,
2732,nm0060288,,
2732,nm0060289,,
2732,nm0239447,,
2732,nm0369202,,
2732,nm0603402,,
2732,nm0625115,,
2732,nm0785676,,
2732,nm0836977,,
2732,nm0881752,,
2732,nm0921459,,
27376,nm0044642,,
27376,nm0252191,,
27376,nm0272224,,
27376,nm0462407,,
27376,nm0462572,,
27376,nm0470514,,
27376,nm0476011,,
27376,nm0487884,,
27376,nm0585098,,
27376,nm0773340,,
27603,nm0009334,,
27603,nm0073162,,
27603,nm0246824,,
27603,nm0328562,,
27603,nm0352640,,
27603,nm0481185,,
27603,nm0608259,,
27603,nm0708698,,
27603,nm0722802,,
27603,nm1024333,,
27731,nm0354560,,
27731,nm0407514,,
27731,nm0535329,,
27731,nm0756917,,
27731,nm0766212,,
27731,nm0766309,,
27731,nm0913880,,
27731,nm1090829,,
27731,nm1303233,,
27731,nm1526504,,
27788,nm0000492,,
27788,nm0000605,,
27788,nm0001434,,
27788,nm0001488,,
27788,nm0004778,,
27788,nm0185354,,
27788,nm0185819,,
27788,nm0461136,,
27788,nm0533599,,
27788,nm0680603,,
281,nm0000056,,
281,nm0000246,,
281,nm0000429,,
281,nm0000450,,
281,nm0001788,,
281,nm0097842,,
281,nm0757256,,
281,nm0813977,,
281,nm0898546,,
281,nm0909620,,
2820,nm0000009,,
2820,nm0002025,,
2820,nm0018469,,
2820,nm0177642,,
2820,nm0191408,,
2820,nm0236848,,
2820,nm0379047,,
2820,nm0714835,,
2820,nm0741394,,
2820,nm0903667,,
3045,nm0000110,,
3045,nm0000410,,
3045,nm0000668,,
3045,nm0001767,,
3045,nm0001972,,
3045,nm0223266,,
3045,nm0256456,,
3045,nm0491402,,
3045,nm0492373,,
3045,nm0778810,,
3106,nm0000598,,
3106,nm0000674,,
3106,nm0003986,,
3106,nm0319102,,
3106,nm0395949,,
3106,nm0620307,,
3106,nm0632781,,
3106,nm0793634,,
3106,nm0875471,,
3106,nm0945474,,
3111,nm0000398,,
3111,nm0000418,,
3111,nm0000438,,
3111,nm0000518,,
3111,nm0001080,,
3111,nm0001496,,
3111,nm0369001,,
3111,nm0416521,,
3111,nm0642368,,
3111,nm0809031,,
3113,nm0000216,,
3113,nm0000321,,
3113,nm0000677,,
3113,nm0001424,,
3113,nm0001629,,
3113,nm0001634,,
3113,nm0431864,,
3113,nm0546816,,
3113,nm0640299,,
3113,nm0918763,,
31664,nm0000329,,
31664,nm0015904,,
31664,nm0150844,,
31664,nm0154235,,
31664,nm0157805,,
31664,nm0490624,,
31664,nm0504897,,
31664,nm0516310,,
31664,nm0719104,,
31664,nm0795517,,
320,nm0004995,,
320,nm0218461,,
320,nm0316596,,
320,nm0333701,,
320,nm0365107,,
320,nm0371660,,
320,nm0408834,,
320,nm0581277,,
320,nm0752539,,
320,nm0793634,,
32139,nm0000032,,
32139,nm0001322,,
32139,nm0028674,,
32139,nm0041602,,
32139,nm0148041,,
32139,nm0162283,,
32139,nm0526958,,
32139,nm0821088,,
32139,nm0870362,,
32139,nm0892891,,
32196,nm0001429,,
32196,nm0038961,,
32196,nm0354653,,
32196,nm0386217,,
32196,nm0441527,,
32196,nm0442799,,
32196,nm0457215,,
32196,nm0652950,,
32196,nm0762965,,
32196,nm0949105,,
3242,nm0022652,,
3242,nm0065007,,
3242,nm0167952,,
3242,nm0191053,,
3242,nm0227997,,
3242,nm0239113,,
3242,nm0248463,,
3242,nm0251272,,
3242,nm0261886,,
3242,nm0378855,,
32625,nm0000543,,
32625,nm0000832,,
32625,nm0001417,,
32625,nm0001703,,
32625,nm0106387,,
32625,nm0134201,,
32625,nm0150926,,
32625,nm0355351,,
32625,nm0508105,,
32625,nm0921303,,
3278,nm0203042,,
3278,nm0428458,,
3278,nm0521843,,
3278,nm0823614,,
3278,nm0832161,,
3278,nm0835445,,
3278,nm0884561,,
33251,nm0034475,,
33251,nm0099679,,
33251,nm0221849,,
33251,nm0234261,,
33251,nm0280961,,
33251,nm0301224,,
33251,nm0541485,,
33251,nm0546516,,
33251,nm0682769,,
33251,nm0800302,,
33424,nm0000018,,
33424,nm0000053,,
33424,nm0001715,,
33424,nm0003339,,
33424,nm0111612,,
33424,nm0178066,,
33424,nm0197950,,
33424,nm0580881,,
33424,nm0746208,,
33424,nm0944073,,
3380,nm0064604,,
3380,nm0105462,,
3380,nm0113184,,
3380,nm0176592,,
3380,nm0177949,,
3380,nm0409869,,
3380,nm0446361,,
3380,nm0709905,,
3380,nm0752846,,
3380,nm0827469,,
34469,nm0000078,,
34469,nm0001766,,
34469,nm0007219,,
34469,nm0056719,,
34469,nm0107575,,
34469,nm0241523,,
34469,nm0262080,,
34469,nm0389824,,
34469,nm0464137,,
34469,nm0512267,,
3449,nm0000473,,
3449,nm0000553,,
3449,nm0000897,,
3449,nm0001673,,
3449,nm0005408,,
3449,nm0054149,,
3449,nm0608012,,
3449,nm0622553,,
3449,nm0896621,,
3449,nm0942863,,
34540,nm0000249,,
34540,nm0005105,,
34540,nm0325166,,
34540,nm0330195,,
34540,nm0363699,,
34540,nm0515296,,
34540,nm0905858,,
34540,nm0939697,,
34540,nm1197466,,
34540,nm1680064,,
3473,nm0081175,,
3473,nm0102078,,
3473,nm0124482,,
3473,nm0219151,,
3473,nm0390283,,
3473,nm0420700,,
3473,nm0479628,,
3473,nm0591877,,
3473,nm0617790,,
3473,nm0749363,,
3483,nm0000110,,
3483,nm0000177,,
3483,nm0000800,,
3483,nm0001579,,
3483,nm0001609,,
3483,nm0068551,,
3483,nm0156958,,
3483,nm0191906,,
3483,nm0548211,,
3483,nm0919798,,
3485,nm0002069,,
3485,nm0146334,,
3485,nm0171844,,
3485,nm0329427,,
3485,nm0522590,,
3485,nm0602994,,
3485,nm0697587,,
3485,nm0784857,,
3485,nm0786319,,
3485,nm0905901,,
3488,nm0164967,,
3488,nm0174725,,
3488,nm0174728,,
3488,nm0308561,,
3488,nm0478864,,
3488,nm0543350,,
3488,nm0677320,,
3488,nm0799527,,
3488,nm0925592,,
3488,nm0926691,,
3551,nm0000059,,
3551,nm0000163,,
3551,nm0001137,,
3551,nm0001702,,
3551,nm0109175,,
3551,nm0333026,,
3551,nm0430535,,
3551,nm0445715,,
3551,nm0492908,,
3551,nm0915851,,
3560,nm0297686,,
3560,nm0367938,,
3560,nm0442878,,
3560,nm0442940,,
3560,nm0457551,,
3560,nm0468699,,
3560,nm0765823,,
3560,nm0848796,,
3560,nm0867401,,
3560,nm0949097,,
3587,nm0149923,,
3587,nm0320395,,
3587,nm0492006,,
3587,nm0493691,,
3587,nm0557615,,
3587,nm0565907,,
3587,nm0591968,,
3587,nm0630453,,
3587,nm0685782,,
3587,nm0885098,,
3594,nm0142279,,
3594,nm0242266,,
3594,nm0370862,,
3594,nm0382900,,
3594,nm0687694,,
3594,nm0705492,,
3594,nm0757855,,
3594,nm0776040,,
3594,nm0830059,,
3594,nm0832896,,
36426,nm0000509,,
36426,nm0054060,,
36426,nm0081361,,
36426,nm0138194,,
36426,nm0279963,,
36426,nm0292537,,
36426,nm0363218,,
36426,nm0388791,,
36426,nm0593401,,
36426,nm0671496,,
3647,nm0163984,,
3647,nm0213912,,
3647,nm0311589,,
3647,nm0529300,,
3647,nm0601026,,
3647,nm0730251,,
3647,nm0809770,,
3647,nm0874092,,
3647,nm0895083,,
3647,nm0899746,,
3676,nm0060931,,
3676,nm0183491,,
3676,nm0279926,,
3676,nm0430535,,
3676,nm0486144,,
3676,nm0620756,,
3676,nm0623787,,
3676,nm0681056,,
3676,nm0731286,,
3676,nm0829270,,
3677,nm0228286,,
3768,nm0001569,,
3768,nm0018080,,
3768,nm0054982,,
3768,nm0079245,,
3768,nm0250619,,
3768,nm0364036,,
3768,nm0453607,,
3768,nm0505801,,
3768,nm0697438,,
3768,nm0705333,,
3770,nm0000598,,
3770,nm0000734,,
3770,nm0001009,,
3770,nm0001626,,
3770,nm0001841,,
3770,nm0001884,,
3770,nm0120310,,
3770,nm0312475,,
3770,nm0322439,,
3770,nm0446314,,
38061,nm0000174,,
38061,nm0000375,,
38061,nm0000929,,
38061,nm0005231,,
38061,nm0241870,,
38061,nm0512560,,
38061,nm0588777,,
38061,nm0815370,,
38061,nm1157358,,
38061,nm2003789,,
3847,nm0002668,,
3847,nm0246814,,
3847,nm0444527,,
3847,nm0448283,,
3847,nm0461361,,
3847,nm0555642,,
3847,nm0612611,,
3847,nm0725058,,
3847,nm0725710,,
3847,nm9418301,,
39896,nm0078959,,
39896,nm0081880,,
39896,nm0243431,,
39896,nm0368761,,
39896,nm0368762,,
39896,nm0591528,,
39896,nm0687625,,
39896,nm0790970,,
39896,nm0843038,,
39896,nm0915518,,
4001,nm0001569,,
4001,nm0205213,,
4001,nm0285160,,
4001,nm0312973,,
4001,nm0349956,,
4001,nm0353243,,
4001,nm0357718,,
4001,nm0377700,,
4001,nm0719037,,
4001,nm0798328,,
4002,nm0000102,,
4002,nm0000188,,
4002,nm0001006,,
4002,nm0048414,,
4002,nm0115433,,
4002,nm0122466,,
4002,nm0235022,,
4002,nm0274684,,
4002,nm0571106,,
4002,nm0732309,,
4012,nm0000158,,
4012,nm0000398,,
4012,nm0000422,,
4012,nm0002114,,
4012,nm0005196,,
4012,nm0041932,,
4012,nm0559852,,
4012,nm0564254,,
4012,nm0624510,,
4012,nm0624658,,
40226,nm0256919,,
40226,nm0408374,,
40226,nm0605676,,
40226,nm0620076,,
40226,nm0620664,,
40226,nm0794460,,
40226,nm0937675,,
40226,nm0937729,,
40226,nm0937766,,
40226,nm1176698,,
41058,nm0261967,,
41058,nm0411028,,
41058,nm0559607,,
41058,nm0633997,,
41058,nm0738020,,
41058,nm0794425,,
41058,nm0848406,,
41058,nm0866696,,
41058,nm0905268,,
41058,nm2327466,,
4198,nm0000356,,
4198,nm0000577,,
4198,nm0001796,,
4198,nm0001816,,
4198,nm0091286,,
4198,nm0283311,,
4198,nm0332944,,
4198,nm0415488,,
4198,nm0768334,,
4198,nm0940971,,
4205,nm0000207,,
4205,nm0000213,,
4205,nm0000333,,
4205,nm0001364,,
4205,nm0001706,,
4205,nm0568461,,
4205,nm0574797,,
4205,nm0591149,,
4205,nm0687560,,
4205,nm0870088,,
42053,nm0000189,,
42053,nm0001182,,
42053,nm0004349,,
42053,nm0005543,,
42053,nm0016579,,
42053,nm0172385,,
42053,nm0246585,,
42053,nm0426678,,
42053,nm0858776,,
42053,nm1406764,,
4266,nm0000628,,
4266,nm0005232,,
4266,nm0005350,,
4266,nm0005445,,
4266,nm0005490,,
4266,nm0270451,,
4266,nm0283448,,
4266,nm0651403,,
4266,nm0811202,,
4266,nm0836593,,
4291,nm0000404,,
4291,nm0000573,,
4291,nm0001056,,
4291,nm0001330,,
4291,nm0005499,,
4291,nm0428216,,
4291,nm0580285,,
4291,nm0696303,,
4291,nm0933361,,
4291,nm0940758,,
4305,nm0000182,,
4305,nm0000968,,
4305,nm0001029,,
4305,nm0004309,,
4305,nm0005024,,
4305,nm0005195,,
4305,nm0005438,,
4305,nm0034519,,
4305,nm0535805,,
4305,nm0820377,,
4342,nm0001221,,
4342,nm0001959,,
4342,nm0168642,,
4342,nm0174064,,
4342,nm0185274,,
4342,nm0215229,,
4342,nm0343325,,
4342,nm0552832,,
4342,nm0777760,,
4342,nm0781031,,
4366,nm0000150,,
4366,nm0000559,,
4366,nm0001258,,
4366,nm0001498,,
4366,nm0001815,,
4366,nm0005283,,
4366,nm0123553,,
4366,nm0160004,,
4366,nm0606862,,
4366,nm0637038,,
43684,nm0005125,,
43684,nm0048932,,
43684,nm0112001,,
43684,nm0114175,,
43684,nm0167408,,
43684,nm0220886,,
43684,nm0378245,,
43684,nm0733185,,
43684,nm0870007,,
4375,nm0029908,,
4375,nm0038449,,
4375,nm0098793,,
4375,nm0126870,,
4375,nm0270377,,
4375,nm0308984,,
4375,nm0536924,,
4375,nm0665213,,
4375,nm0707466,,
4375,nm0785152,,
4387,nm0000403,,
4387,nm0001409,,
4387,nm0001472,,
4387,nm0039084,,
4387,nm0044390,,
4387,nm0057246,,
4387,nm0286225,,
4387,nm0477297,,
4387,nm0706220,,
4387,nm0949521,,
4397,nm0000280,,
4397,nm0000447,,
4397,nm0000511,,
4397,nm0000608,,
4397,nm0000772,,
4397,nm0001123,,
4397,nm0001509,,
4397,nm0001699,,
4397,nm0002035,,
4397,nm0268026,,
4400,nm0000817,,
4400,nm0004864,,
4400,nm0011262,,
4400,nm0026841,,
4400,nm0110917,,
4400,nm0171433,,
4400,nm0262775,,
4400,nm0397467,,
4400,nm0694631,,
4400,nm0840178,,
44255,nm0098393,,
44255,nm0195003,,
44255,nm0268073,,
44255,nm0311136,,
44255,nm0320988,,
44255,nm0744199,,
44255,nm0746865,,
44255,nm0765368,,
44255,nm1794735,,
44255,nm1797657,,
4435,nm0000090,,
4435,nm0001970,,
4435,nm0088083,,
4435,nm0126537,,
4435,nm0258272,,
4435,nm0350619,,
4435,nm0484727,,
4435,nm0579843,,
4435,nm0631761,,
4435,nm0879888,,
45030,nm0000107,,
45030,nm0000501,,
45030,nm0001288,,
45030,nm0001542,,
45030,nm0001845,,
45030,nm0134244,,
45030,nm0501534,,
45030,nm1564024,,
45030,nm1891268,,
45030,nm2193655,,
452,nm0000980,,
452,nm0001160,,
452,nm0001201,,
452,nm0001670,,
452,nm0285791,,
452,nm0442559,,
452,nm0448654,,
452,nm0574561,,
452,nm0641120,,
452,nm0687506,,
4531,nm0000153,,
4531,nm0000216,,
4531,nm0000401,,
4531,nm0000902,,
4531,nm0001967,,
4531,nm0109175,,
4531,nm0421116,,
4531,nm0642522,,
4531,nm0658252,,
4531,nm0808541,,
45581,nm0304729,,
45581,nm0946287,,
45581,nm1222856,,
45581,nm1443576,,
45581,nm2009195,,
45581,nm2290954,,
45642,nm0000114,,
45642,nm0062570,,
45642,nm0092947,,
45642,nm0304514,,
45642,nm0455745,,
45642,nm0622204,,
45642,nm0783117,,
45642,nm0876359,,
45642,nm0908468,,
45642,nm7610474,,
4586,nm0000008,,
4586,nm0000215,,
4586,nm0000661,,
4586,nm0001638,,
4586,nm0536597,,
4586,nm0596310,,
4586,nm0637680,,
4586,nm0637681,,
4586,nm0840531,,
4586,nm0861141,,
4615,nm0000286,,
4615,nm0000492,,
4615,nm0001583,,
4615,nm0002332,,
4615,nm0005377,,
4615,nm0028690,,
4615,nm0200770,,
4615,nm0229930,,
4615,nm0521033,,
4615,nm0949350,,
4620,nm0000230,,
4620,nm0000661,,
4620,nm0001744,,
4620,nm0025309,,
4620,nm0283311,,
4620,nm0484739,,
4620,nm0526185,,
4620,nm0574433,,
4620,nm0738913,,
4620,nm0950165,,
4664,nm0002018,,
4664,nm0072099,,
4664,nm0172604,,
4664,nm0182688,,
4664,nm0384060,,
4664,nm0444208,,
4664,nm0525921,,
4664,nm0571549,,
4664,nm0824102,,
4664,nm0843401,,
47404,nm0632641,,
47404,nm0793581,,
47404,nm1029524,,
47404,nm1105416,,
47404,nm1518273,,
47404,nm1855321,,
47404,nm1855460,,
47404,nm1856217,,
47404,nm1867203,,
47629,nm0000342,,
47629,nm0000545,,
47629,nm0019885,,
47629,nm0421105,,
47629,nm0573406,,
47629,nm0672545,,
47629,nm0718619,,
47629,nm0790688,,
47629,nm0811629,,
47629,nm0843401,,
47634,nm0000367,,
47634,nm0000420,,
47634,nm0000809,,
47634,nm0244707,,
47634,nm0244999,,
47634,nm0276567,,
47634,nm0496241,,
47634,nm0719220,,
47634,nm0954704,,
47634,nm1365307,,
47894,nm0192377,,
47894,nm0394631,,
47894,nm0614165,,
47894,nm12151758,,
47894,nm1695893,,
47894,nm1800908,,
47894,nm2073546,,
47894,nm2259168,,
47894,nm2259187,,
47894,nm2358153,,
47918,nm0000060,,
47918,nm0000963,,
47918,nm0001058,,
47918,nm0001812,,
47918,nm0168627,,
47918,nm0302565,,
47918,nm0748822,,
47918,nm0758692,,
47918,nm0798328,,
47918,nm0903667,,
48043,nm0000995,,
48043,nm0001838,,
48043,nm0193295,,
48043,nm0413168,,
48043,nm0546797,,
48043,nm0565569,,
48043,nm0614220,,
48043,nm0839486,,
48043,nm0859503,,
48043,nm2443764,,
4849,nm0000422,,
4849,nm0000983,,
4849,nm0004668,,
4849,nm0005447,,
4849,nm0017377,,
4849,nm0112923,,
4849,nm0120147,,
4849,nm0287480,,
4849,nm1057989,,
4849,nm1060327,,
48501,nm0059941,,
48501,nm0349777,,
48501,nm0654863,,
48501,nm0786919,,
48501,nm0869290,,
48501,nm0880126,,
48501,nm0948000,,
48501,nm1202635,,
48501,nm1735332,,
48501,nm1742030,,
4893,nm0001164,,
4893,nm0001406,,
4893,nm0017377,,
4893,nm0034492,,
4893,nm0065777,,
4893,nm0100615,,
4893,nm0373540,,
4893,nm0488303,,
4893,nm0641938,,
4893,nm0731499,,
4917,nm0000060,,
4917,nm0093780,,
4917,nm0182626,,
4917,nm0182661,,
4917,nm0244582,,
4917,nm0281130,,
4917,nm0281601,,
4917,nm0426157,,
4917,nm0449017,,
4917,nm0641397,,
49817,nm0000457,,
49817,nm0001329,,
49817,nm0071290,,
49817,nm0092639,,
49817,nm0378404,,
49817,nm0498010,,
49817,nm0500317,,
49817,nm0558635,,
49817,nm0593803,,
49817,nm0830569,,
50158,nm0022306,,
50158,nm0328709,,
50158,nm0378200,,
50158,nm0502015,,
50158,nm0521854,,
50158,nm0678656,,
50158,nm0924552,,
50158,nm0930892,,
50158,nm1551922,,
50158,nm1666212,,
5086,nm0140792,,
5086,nm0502015,,
5086,nm0502442,,
5086,nm0629389,,
5086,nm0666157,,
5086,nm0855825,,
5086,nm0859606,,
5086,nm0870186,,
5086,nm0920446,,
5086,nm0942646,,
51402,nm0627068,,
51402,nm1031014,,
51402,nm1057020,,
51402,nm1526525,,
51402,nm16808618,,
51402,nm1796402,,
51402,nm1797777,,
51402,nm1799589,,
51402,nm1799679,,
51402,nm1800349,,
51455,nm0000173,,
5147,nm0000761,,
5147,nm0084761,,
5147,nm0085038,,
5147,nm0112560,,
5147,nm0294892,,
5147,nm0454247,,
5147,nm0803705,,
5147,nm0839212,,
5147,nm0862026,,
5147,nm0927711,,
51520,nm0000867,,
51520,nm0040014,,
51520,nm0151361,,
51520,nm0200981,,
51520,nm0292355,,
51520,nm0358996,,
51520,nm0392625,,
51520,nm0587958,,
51520,nm0623811,,
51520,nm0761190,,
5214,nm0000135,,
5214,nm0000414,,
5214,nm0000587,,
5214,nm0000649,,
5214,nm0000897,,
5214,nm0122675,,
5214,nm0200122,,
5214,nm0400464,,
5214,nm0794918,,
5214,nm0837959,,
52448,nm0000204,,
52448,nm0000849,,
52448,nm0001642,,
52448,nm0001745,,
52448,nm0003909,,
52448,nm0351133,,
52448,nm0692391,,
52448,nm0729345,,
52448,nm0862858,,
52448,nm0880054,,
52668,nm0000212,,
52668,nm0001851,,
52668,nm0025745,,
52668,nm0111013,,
52668,nm0718216,,
52668,nm0829576,,
52668,nm0891863,,
52668,nm0974465,,
52668,nm1213456,,
52668,nm1642290,,
5278,nm0000209,,
5278,nm0000294,,
5278,nm0006893,,
5278,nm0186225,,
5278,nm0245650,,
5278,nm0313267,,
5278,nm0565907,,
5278,nm0566783,,
5278,nm0847953,,
5278,nm0934136,,
52922,nm0000865,,
52922,nm0052168,,
52922,nm0121826,,
52922,nm0175651,,
52922,nm0262775,,
52922,nm0384154,,
52922,nm0390228,,
52922,nm0392945,,
52922,nm0405144,,
52922,nm0642671,,
52938,nm0268428,,
52938,nm0472538,,
52938,nm0547045,,
52938,nm0607194,,
52938,nm0728537,,
52938,nm0808457,,
52938,nm0926235,,
52938,nm1640330,,
52938,nm2335499,,
52938,nm2335532,,
53004,nm0257821,,
53004,nm0601041,,
53004,nm0607703,,
53004,nm0660244,,
53004,nm0702809,,
53004,nm0741580,,
53004,nm0779514,,
53004,nm1249256,,
53004,nm1571382,,
53004,nm1800369,,
5313,nm0003817,,
5313,nm0004906,,
5313,nm0005026,,
5313,nm0005241,,
5313,nm0104526,,
5313,nm0381416,,
5313,nm0384060,,
5313,nm0425005,,
5313,nm0715953,,
5313,nm0725079,,
53468,nm0005251,,
53468,nm0175262,,
53468,nm0443286,,
53468,nm1579372,,
53468,nm1655194,,
53468,nm1688843,,
53468,nm2583884,,
53468,nm2583927,,
53468,nm2589740,,
53468,nm2591755,,
5379,nm0000622,,
5379,nm0000708,,
5379,nm0001619,,
5379,nm0226813,,
5379,nm0252196,,
5379,nm0307534,,
5379,nm0331516,,
5379,nm0508904,,
5379,nm1088476,,
5379,nm1092222,,
53849,nm0000367,,
53849,nm0003508,,
53849,nm0012734,,
53849,nm0220908,,
53849,nm0301556,,
53849,nm0495947,,
53849,nm0524528,,
53849,nm0547339,,
53849,nm0634159,,
53849,nm0699545,,
5487,nm0000323,,
5487,nm0000473,,
5487,nm0000690,,
5487,nm0001001,,
5487,nm0001164,,
5487,nm0001285,,
5487,nm0001406,,
5487,nm0043088,,
5487,nm0240797,,
5487,nm0318527,,
54972,nm0000327,,
54972,nm0005080,,
54972,nm0006669,,
54972,nm0070691,,
54972,nm0249931,,
54972,nm0828840,,
54972,nm0997990,,
54972,nm1024677,,
54972,nm1693022,,
54972,nm1708984,,
54997,nm0000128,,
54997,nm0000288,,
54997,nm0001228,,
54997,nm0001543,,
54997,nm0004936,,
54997,nm0005416,,
54997,nm0366890,,
54997,nm0503567,,
54997,nm0876138,,
54997,nm1316767,,
55080,nm0000149,,
55080,nm0004710,,
55080,nm0005024,,
55080,nm0005460,,
55080,nm0011038,,
55080,nm0441588,,
55080,nm1294700,,
55080,nm1534888,,
55080,nm2084975,,
55080,nm2765714,,
55343,nm0000096,,
55343,nm0114460,,
55343,nm0126119,,
55343,nm0129882,,
55343,nm0245705,,
55343,nm0278308,,
55343,nm1017414,,
55343,nm1501374,,
55343,nm1813221,,
55343,nm1842417,,
5537,nm0007814,,
5537,nm0046214,,
5537,nm0436887,,
5537,nm0587013,,
5537,nm1141276,,
5537,nm1141565,,
5537,nm1141886,,
5537,nm1142171,,
5537,nm12365150,,
5537,nm12365151,,
5544,nm0000532,,
5544,nm0001091,,
5544,nm0001831,,
5544,nm0005460,,
5544,nm0162541,,
5544,nm0308127,,
5544,nm0329583,,
5544,nm0441494,,
5544,nm0507460,,
5544,nm5911607,,
5549,nm0000062,,
5549,nm0001174,,
5549,nm0001395,,
5549,nm0002079,,
5549,nm0003123,,
5549,nm0010240,,
5549,nm0072901,,
5549,nm0570615,,
5549,nm0707077,,
5549,nm0842425,,
55577,nm0005171,,
55577,nm0005531,,
55577,nm0068551,,
55577,nm0072713,,
55577,nm0274371,,
55577,nm0541908,,
55577,nm0666398,,
55577,nm0721951,,
55577,nm0751018,,
55577,nm1920701,,
55691,nm0018872,,
55691,nm0144107,,
55691,nm0246717,,
55691,nm0513922,,
55691,nm0600120,,
55691,nm0768574,,
55691,nm1771790,,
55691,nm1771909,,
55691,nm1773123,,
55691,nm1773519,,
5596,nm0000611,,
5596,nm0004858,,
5596,nm0018795,,
5596,nm0026827,,
5596,nm0032395,,
5596,nm0056492,,
5596,nm0074185,,
5596,nm0200455,,
5596,nm0865276,,
5596,nm0931845,,
5598,nm0001705,,
5598,nm0184610,,
5598,nm0411477,,
5598,nm0439482,,
5598,nm0440108,,
5598,nm0590136,,
5598,nm0663422,,
5598,nm0721205,,
5598,nm0721210,,
5598,nm0773536,,
5612,nm0000102,,
5612,nm0000234,,
5612,nm0001482,,
5612,nm0149942,,
5612,nm0266824,,
5612,nm0548346,,
5612,nm0710292,,
5612,nm0870204,,
5612,nm0898546,,
5612,nm1249596,,
56616,nm0004826,,
56616,nm0110334,,
56616,nm0245427,,
56616,nm0360678,,
56616,nm0385026,,
56616,nm0448895,,
56616,nm0605786,,
56616,nm0804775,,
56616,nm0860947,,
56616,nm2062695,,
57357,nm0001903,,
57357,nm0073522,,
57357,nm0327428,,
57357,nm0487151,,
57357,nm0487399,,
57357,nm0612755,,
57357,nm0697690,,
57357,nm1688472,,
57357,nm1836410,,
57357,nm5816685,,
5799,nm0000056,,
5799,nm0000543,,
5799,nm0001135,,
5799,nm0001693,,
5799,nm0002011,,
5799,nm0043875,,
5799,nm0341518,,
5799,nm0492444,,
5799,nm0711855,,
5799,nm0724732,,
5807,nm0000114,,
5807,nm0001406,,
5807,nm0004978,,
5807,nm0005007,,
5807,nm0206257,,
5807,nm0267812,,
5807,nm0315236,,
5807,nm0408284,,
5807,nm0518511,,
5807,nm1268419,,
58432,nm0000134,,
58432,nm0000246,,
58432,nm0000576,,
58432,nm0000699,,
58432,nm0000705,,
58432,nm0001416,,
58432,nm0001804,,
58432,nm0001806,,
58432,nm0006463,,
58432,nm0829576,,
5873,nm0000177,,
5873,nm0001110,,
5873,nm0001346,,
5873,nm0001555,,
5873,nm0200452,,
5873,nm0251986,,
5873,nm0340408,,
5873,nm0386472,,
5873,nm0950867,,
5873,nm1031274,,
5884,nm0129883,,
5884,nm0137365,,
5884,nm0292822,,
5884,nm0301839,,
5884,nm0517715,,
5884,nm0619031,,
5884,nm0658252,,
5884,nm0677325,,
5884,nm0718379,,
5884,nm0741454,,
59306,nm0544721,,
59306,nm0710447,,
59306,nm0811242,,
59306,nm1048128,,
59306,nm1553725,,
59306,nm1574663,,
59306,nm1732403,,
59306,nm1888211,,
59306,nm2034147,,
59306,nm2187603,,
59387,nm0318409,,
59387,nm0841652,,
59387,nm0905311,,
59387,nm1195855,,
59387,nm1942458,,
59387,nm2438087,,
59387,nm2440242,,
59387,nm2668061,,
59387,nm2958109,,
59387,nm9521432,,
59426,nm0027810,,
59426,nm0090360,,
59426,nm0110334,,
59426,nm0117368,,
59426,nm0344655,,
59426,nm1164435,,
59426,nm1273255,,
59426,nm1315040,,
59426,nm1502351,,
59426,nm2056022,,
59795,nm1142849,,
59795,nm2823149,,
59795,nm2823181,,
59795,nm2848559,,
59795,nm2848782,,
59795,nm2849093,,
59795,nm2849223,,
59795,nm2849656,,
59795,nm2883456,,
59795,nm2923443,,
598,nm0233107,,
598,nm0324697,,
598,nm0409694,,
598,nm0470731,,
598,nm0750432,,
598,nm0814718,,
598,nm0863740,,
598,nm0881864,,
598,nm0882267,,
598,nm3739234,,
59846,nm0001196,,
59846,nm0049055,,
59846,nm0071602,,
59846,nm0207637,,
59846,nm0209323,,
59846,nm0369443,,
59846,nm0507849,,
59846,nm0720885,,
59846,nm0781232,,
59846,nm0861663,,
59974,nm0127904,,
59974,nm0134846,,
60133,nm0014161,,
60133,nm0442479,,
60133,nm0623319,,
60133,nm1168317,,
60133,nm1256011,,
60133,nm1318578,,
60133,nm2518704,,
60133,nm2519446,,
60133,nm2524676,,
60133,nm3205314,,
6067,nm0000228,,
6067,nm0000400,,
6067,nm0062636,,
6067,nm0226820,,
6067,nm0371342,,
6067,nm0446303,,
6067,nm0527994,,
6067,nm0538869,,
6067,nm0574561,,
6067,nm0611932,,
6073,nm0001958,,
6073,nm0057383,,
6073,nm0083424,,
6073,nm0161427,,
6073,nm0178741,,
6073,nm0568493,,
6073,nm0626352,,
6073,nm0629458,,
6073,nm0696866,,
6073,nm0843401,,
6082,nm0002070,,
6082,nm0123201,,
6082,nm0372784,,
6082,nm0486358,,
6082,nm0533154,,
6082,nm0676792,,
6082,nm0688285,,
6082,nm0717980,,
6082,nm0733500,,
6082,nm0916448,,
6098,nm0017988,,
6098,nm0081967,,
6098,nm0226699,,
6098,nm0705707,,
6098,nm0754807,,
6098,nm0831262,,
6098,nm0865392,,
6098,nm0866658,,
6098,nm0904303,,
6098,nm1024725,,
6134,nm0004316,,
6134,nm0191504,,
6134,nm0259862,,
6134,nm0263775,,
6134,nm0415513,,
6134,nm0448104,,
6134,nm0497815,,
6134,nm0588223,,
6134,nm0640908,,
6134,nm0641832,,
6139,nm0000208,,
6139,nm0000215,,
6139,nm0000471,,
6139,nm0001023,,
6139,nm0001687,,
6139,nm0002094,,
6139,nm0310890,,
6139,nm0390603,,
6139,nm0730168,,
6139,nm0829717,,
61475,nm0310490,,
61475,nm1235203,,
61475,nm1391090,,
61475,nm1605095,,
61475,nm2053553,,
61475,nm2099196,,
61475,nm2510045,,
61475,nm2635804,,
61475,nm2639092,,
61475,nm2640087,,
6172,nm0000008,,
6172,nm0000047,,
6172,nm0001335,,
6172,nm0137092,,
6172,nm0152261,,
6172,nm0426799,,
6172,nm0575974,,
6172,nm0666881,,
6172,nm0751983,,
6172,nm0780029,,
61724,nm0466304,,
61724,nm0475411,,
61724,nm0477871,,
61724,nm0481785,,
61724,nm0631741,,
61724,nm0653669,,
61724,nm0658667,,
61724,nm0670724,,
61724,nm0671231,,
61724,nm0710490,,
61931,nm0072569,,
61931,nm0316622,,
61931,nm0515301,,
61931,nm0537683,,
61931,nm0627030,,
61931,nm0752267,,
61931,nm0799961,,
61931,nm0871411,,
61931,nm0893223,,
61931,nm0941134,,
61937,nm0027683,,
61937,nm0085038,,
61937,nm0112548,,
61937,nm0252244,,
61937,nm0252475,,
61937,nm0344958,,
61937,nm0452810,,
61937,nm0530586,,
61937,nm0833324,,
61937,nm0872300,,
62237,nm1552050,,
62237,nm2992330,,
62237,nm2992994,,
6227,nm0000062,,
6227,nm0024710,,
6227,nm0065481,,
6227,nm0179819,,
6227,nm0241589,,
6227,nm0248712,,
6227,nm0322299,,
6227,nm0366247,,
6227,nm0779507,,
6227,nm0807188,,
6232,nm0078926,,
6232,nm0150132,,
6232,nm0154933,,
6232,nm0258415,,
6232,nm0323856,,
6232,nm0444584,,
6232,nm0525736,,
6232,nm0571441,,
6232,nm0871272,,
6232,nm0950009,,
6293,nm0005370,,
6293,nm0444531,,
6293,nm0533177,,
6293,nm0642221,,
6293,nm0744975,,
6293,nm0749263,,
6293,nm0787340,,
6293,nm0822222,,
6293,nm1356741,,
6293,nm6883927,,
62999,nm0000285,,
62999,nm0000586,,
62999,nm0001674,,
62999,nm0001710,,
62999,nm0001774,,
62999,nm0005170,,
62999,nm0056187,,
62999,nm0147825,,
62999,nm0725200,,
62999,nm0791868,,
630,nm0000454,,
630,nm0000504,,
630,nm0000997,,
630,nm0001358,,
630,nm0001388,,
630,nm0016242,,
630,nm0188687,,
630,nm0364915,,
630,nm0678645,,
630,nm0688467,,
63237,nm0000799,,
63237,nm0001011,,
63237,nm0001123,,
63237,nm0001248,,
63237,nm0001419,,
63237,nm0151919,,
63237,nm0226887,,
63237,nm0308881,,
63237,nm0364893,,
63237,nm0395649,,
6366,nm0606074,,
6366,nm0623697,,
6366,nm0990524,,
6366,nm1039461,,
6366,nm1041564,,
6366,nm1041931,,
6366,nm1083181,,
6366,nm1134577,,
6366,nm1137020,,
6366,nm1139377,,
6383,nm0001664,,
6383,nm0058175,,
6383,nm0369513,,
6383,nm0524839,,
6383,nm0578949,,
6383,nm0879085,,
6383,nm0908094,,
6383,nm1004774,,
6383,nm1013003,,
6383,nm1226817,,
6391,nm0168591,,
6391,nm0427894,,
6391,nm0512357,,
6391,nm0569951,,
6391,nm0604702,,
6391,nm0647970,,
6391,nm0924278,,
6391,nm0924668,,
6391,nm0926897,,
6391,nm0943978,,
6451,nm0000602,,
6451,nm0001719,,
6451,nm0068772,,
6451,nm0348214,,
6451,nm0419054,,
6451,nm0500038,,
6451,nm0705989,,
6451,nm0714835,,
6451,nm0761190,,
6451,nm0842883,,
6455,nm0000078,,
6455,nm0001010,,
6455,nm0001289,,
6455,nm0003104,,
6455,nm0293466,,
6455,nm0468237,,
6455,nm0702798,,
6455,nm0768178,,
6455,nm0789485,,
6455,nm0842425,,
6462,nm0000078,,
6462,nm0001369,,
6462,nm0001821,,
6462,nm0013487,,
6462,nm0127677,,
6462,nm0300276,,
6462,nm0564972,,
6462,nm0580886,,
6462,nm0628179,,
6462,nm0647744,,
6469,nm0000078,,
6469,nm0001421,,
6469,nm0104507,,
6469,nm0200455,,
6469,nm0342201,,
6469,nm0639475,,
6469,nm0667133,,
6469,nm0883013,,
6469,nm0908198,,
6469,nm0934798,,
6486,nm0001602,,
6486,nm0040753,,
6486,nm0173194,,
6486,nm0249291,,
6486,nm0277556,,
6486,nm0341737,,
6486,nm0350479,,
6486,nm0724483,,
6486,nm0814358,,
6486,nm0853079,,
64897,nm0012395,,
64897,nm0151606,,
64897,nm0237571,,
64897,nm0285391,,
64897,nm0378555,,
64897,nm0431457,,
64897,nm0454596,,
64897,nm0647481,,
64897,nm0934961,,
64897,nm0938923,,
65780,nm0000469,,
65780,nm0000817,,
65780,nm0000842,,
65780,nm0112138,,
65780,nm0113617,,
65780,nm0533672,,
65780,nm0580565,,
65780,nm0750640,,
65780,nm0779794,,
65780,nm0934750,,
66295,nm0304097,,
66295,nm0304644,,
66295,nm0354484,,
66295,nm0400005,,
66295,nm0421799,,
66295,nm0475054,,
66295,nm0533650,,
66295,nm0836137,,
66295,nm1174035,,
66295,nm1296857,,
66506,nm0266656,,
66506,nm0490560,,
66506,nm0656739,,
66506,nm0839287,,
66506,nm1146051,,
66506,nm1170719,,
66506,nm1555040,,
66506,nm1703159,,
66506,nm1892750,,
66506,nm3571851,,
66686,nm0000909,,
66686,nm0001647,,
66686,nm0146542,,
66686,nm0163939,,
66686,nm0368836,,
66686,nm0483173,,
66686,nm0507252,,
66686,nm0636071,,
66686,nm0869429,,
66686,nm0908124,,
66773,nm0000287,,
66773,nm0001287,,
66773,nm0001615,,
66773,nm0156940,,
66773,nm0287168,,
66773,nm0494845,,
66773,nm0678061,,
66773,nm0711559,,
66773,nm2064923,,
66773,nm2073694,,
66785,nm0432601,,
66785,nm0496932,,
66785,nm0814171,,
66785,nm0814280,,
66785,nm0814309,,
66785,nm1367681,,
66785,nm1422733,,
66785,nm1632701,,
66785,nm1731946,,
66785,nm2175143,,
66815,nm0000945,,
66815,nm0071116,,
66815,nm0194662,,
66815,nm0277229,,
66815,nm0487022,,
66815,nm0530365,,
66815,nm0577841,,
66815,nm0693799,,
66815,nm0895759,,
66815,nm0951520,,
6703,nm0000693,,
6703,nm0004692,,
6703,nm0005132,,
6703,nm0107101,,
6703,nm0138700,,
6703,nm0142686,,
6703,nm0299811,,
6703,nm0768641,,
6703,nm0815370,,
6703,nm1203355,,
6722,nm0001472,,
6722,nm0156955,,
6722,nm0161275,,
6722,nm0263851,,
6722,nm0284636,,
6722,nm0387322,,
6722,nm0944578,,
6722,nm0945188,,
6722,nm0947447,,
6722,nm1273926,,
6749,nm0001224,,
6749,nm0001647,,
6749,nm0002118,,
6749,nm0533692,,
6749,nm0560756,,
6749,nm0560757,,
6749,nm0660402,,
6749,nm0692439,,
6749,nm0827261,,
6749,nm0929856,,
67894,nm0029781,,
67894,nm0042608,,
67894,nm0356888,,
67894,nm0512003,,
67894,nm0631147,,
67894,nm0657088,,
67894,nm0766674,,
67894,nm0899441,,
67894,nm0904867,,
67894,nm1560116,,
67927,nm0001105,,
67927,nm0001695,,
67927,nm0020568,,
67927,nm0020921,,
67927,nm0041410,,
67927,nm0042405,,
67927,nm0187284,,
67927,nm0485977,,
67927,nm0549273,,
67927,nm0621002,,
67929,nm0031889,,
67929,nm0297843,,
67929,nm0359248,,
67929,nm0462679,,
67929,nm0467566,,
67929,nm0645676,,
67929,nm0793766,,
67929,nm0837360,,
67929,nm0865372,,
67929,nm0875370,,
6795,nm0000157,,
6795,nm0000169,,
6795,nm0001024,,
6795,nm0001395,,
6795,nm0001816,,
6795,nm0761836,,
6795,nm0794890,,
6795,nm0807571,,
6795,nm0898962,,
6795,nm0943978,,
67983,nm0000518,,
67983,nm0000792,,
67983,nm0005438,,
67983,nm0317279,,
67983,nm0346394,,
67983,nm0674782,,
67983,nm0954225,,
67983,nm1364532,,
67983,nm1843026,,
67983,nm2438465,,
680,nm0092316,,
680,nm0173916,,
680,nm0176061,,
680,nm0216155,,
680,nm0276467,,
680,nm0439344,,
680,nm0485713,,
680,nm0529543,,
680,nm0844435,,
680,nm0848667,,
6803,nm0000124,,
6803,nm0000587,,
6803,nm0000872,,
6803,nm0034485,,
6803,nm0223953,,
6803,nm0232291,,
6803,nm0557861,,
6803,nm0630453,,
6803,nm0653078,,
6803,nm0856321,,
68242,nm0066134,,
68242,nm0118840,,
68242,nm0197963,,
68242,nm0257563,,
68242,nm0440758,,
68242,nm0463942,,
68242,nm0705918,,
68242,nm0911976,,
68242,nm1435044,,
68242,nm1437045,,
68874,nm0001901,,
68874,nm0080936,,
68874,nm0213964,,
68874,nm0232540,,
68874,nm0786891,,
68874,nm0832422,,
68915,nm0000728,,
68915,nm0006573,,
68915,nm0099054,,
68915,nm0144693,,
68915,nm0293614,,
68915,nm0307995,,
68915,nm0608311,,
68915,nm0685559,,
68915,nm0822034,,
68915,nm0938231,,
6901,nm0001199,,
6901,nm0001768,,
6901,nm0001804,,
6901,nm0001806,,
6901,nm0001967,,
6901,nm0045937,,
6901,nm0097274,,
6901,nm0135406,,
6901,nm0803785,,
6901,nm0942833,,
6903,nm0000029,,
6903,nm0000446,,
6903,nm0001697,,
6903,nm0289914,,
6903,nm0303981,,
6903,nm0428632,,
6903,nm0455133,,
6903,nm0675134,,
6903,nm0842421,,
6903,nm0943816,,
7025,nm0000160,,
7025,nm0000641,,
7025,nm0000916,,
7025,nm0001143,,
7025,nm0001525,,
7025,nm0001844,,
7025,nm0343325,,
7025,nm0421397,,
7025,nm0430829,,
7025,nm0523142,,
70571,nm0190800,,
70571,nm0229957,,
70571,nm0315195,,
70571,nm0753588,,
70571,nm0770726,,
70571,nm0785031,,
70571,nm0802463,,
70571,nm1124109,,
70571,nm1300167,,
70571,nm1370446,,
7063,nm0001428,,
7063,nm0011937,,
7063,nm0075655,,
7063,nm0215683,,
7063,nm0346087,,
7063,nm0688836,,
7063,nm0729229,,
7063,nm0737928,,
7063,nm0738031,,
7063,nm0972952,,
7079,nm0000058,,
7079,nm0001452,,
7079,nm0003193,,
7079,nm0018540,,
7079,nm0358899,,
7079,nm0362567,,
7079,nm0550701,,
7079,nm0593775,,
7079,nm0639529,,
7079,nm0958345,,
7093,nm0000215,,
7093,nm0000493,,
7093,nm0000527,,
7093,nm0001164,,
7093,nm0248983,,
7093,nm0300010,,
7093,nm0306696,,
7093,nm0307255,,
7093,nm0671721,,
7093,nm0915536,,
7107,nm0000331,,
7107,nm0000443,,
7107,nm0001133,,
7107,nm0001545,,
7107,nm0492908,,
7107,nm0564841,,
7107,nm0580565,,
7107,nm0731499,,
7107,nm0733929,,
7107,nm0812427,,
7109,nm0000272,,
7109,nm0000518,,
7109,nm0000521,,
7109,nm0000606,,
7109,nm0000693,,
7109,nm0001393,,
7109,nm0001641,,
7109,nm0143309,,
7109,nm0744107,,
7109,nm0766046,,
71114,nm0029962,,
71114,nm0049363,,
71114,nm0735947,,
71114,nm0840754,,
71114,nm1686959,,
71114,nm1778582,,
71114,nm1832584,,
71114,nm2319146,,
71114,nm2320107,,
71114,nm2957289,,
7122,nm0000869,,
7122,nm0000991,,
7122,nm0105482,,
7122,nm0108400,,
7122,nm0148041,,
7122,nm0160532,,
7122,nm0347453,,
7122,nm0657404,,
7122,nm0696163,,
7122,nm0785664,,
71705,nm0081510,,
71705,nm0223038,,
71705,nm0234118,,
71705,nm0417837,,
71705,nm0509573,,
71705,nm0523932,,
71705,nm0631025,,
71705,nm0778218,,
71902,nm0000162,,
71902,nm0000744,,
71902,nm0004761,,
71902,nm0005110,,
71902,nm0050156,,
71902,nm0111274,,
71902,nm0424534,,
71902,nm1659221,,
71902,nm1760272,,
71902,nm1924585,,
71936,nm0000910,,
71936,nm0001766,,
71936,nm0002034,,
71936,nm0189774,,
71936,nm0313189,,
71936,nm0361016,,
71936,nm0534045,,
71936,nm0637803,,
71936,nm0674540,,
71936,nm0721999,,
71999,nm0060693,,
71999,nm0250955,,
71999,nm0407970,,
71999,nm0474238,,
71999,nm0650153,,
71999,nm0666942,,
71999,nm0673038,,
71999,nm0813216,,
71999,nm0874941,,
71999,nm0953733,,
7208,nm0000006,,
7208,nm0000075,,
7208,nm0001805,,
7208,nm0021329,,
7208,nm0187981,,
7208,nm0324013,,
7208,nm0402842,,
7208,nm0533692,,
7208,nm0807580,,
7208,nm0941520,,
72261,nm0000347,,
72261,nm0000902,,
72261,nm0001737,,
72261,nm0120180,,
72261,nm0325390,,
72261,nm0428089,,
72261,nm0454436,,
72261,nm0743719,,
72261,nm0752900,,
72261,nm0884852,,
72380,nm0000139,,
72380,nm0001449,,
72380,nm0005188,,
72380,nm0651660,,
72380,nm0714310,,
72380,nm0750658,,
72380,nm0922927,,
72380,nm0943566,,
72380,nm1157948,,
72380,nm1843026,,
72628,nm0565596,,
72628,nm0664499,,
72628,nm1839988,,
72628,nm2046862,,
72628,nm2351281,,
72628,nm5935549,,
7281,nm0000427,,
7281,nm0175700,,
7281,nm0357745,,
7281,nm0493311,,
7281,nm0551234,,
7281,nm0585032,,
7281,nm0593285,,
7281,nm0600508,,
7281,nm0722315,,
7281,nm0930046,,
7283,nm0000438,,
7283,nm0000443,,
7283,nm0000456,,
7283,nm0000621,,
7283,nm0001441,,
7283,nm0094048,,
7283,nm0540593,,
7283,nm0670852,,
7283,nm0673403,,
7283,nm0911542,,
72910,nm0155362,,
72910,nm0345146,,
72910,nm0372087,,
72910,nm0944533,,
72910,nm0946083,,
72910,nm2477873,,
72910,nm6412088,,
72910,nm6412089,,
72910,nm6412095,,
72910,nm6412119,,
72936,nm0003193,,
72936,nm0036792,,
72936,nm0101350,,
72936,nm0352774,,
72936,nm0421922,,
72936,nm0452939,,
72936,nm0751289,,
72936,nm0751426,,
72936,nm0871695,,
72936,nm0935415,,
73031,nm0007069,,
73031,nm0144596,,
73031,nm0184179,,
73031,nm0197592,,
73031,nm0216867,,
73031,nm0264429,,
73031,nm0291979,,
73031,nm0480027,,
73031,nm0531511,,
73031,nm0557550,,
73141,nm0264390,,
73141,nm0845774,,
73141,nm0845808,,
73141,nm15198698,,
73141,nm8006464,,
73141,nm8006465,,
73141,nm8672553,,
73145,nm0003585,,
73145,nm0243017,,
73145,nm0333254,,
73145,nm0343511,,
73145,nm0351776,,
73145,nm0460651,,
73145,nm0705384,,
73145,nm0775596,,
73145,nm0923039,,
73145,nm1153218,,
7369,nm0000224,,
7369,nm0000498,,
7369,nm0001264,,
7369,nm0001293,,
7369,nm0001967,,
7369,nm0004802,,
7369,nm0005327,,
7369,nm0625789,,
7369,nm0639754,,
7369,nm1035356,,
73813,nm1744988,,
73813,nm2237886,,
73813,nm2254309,,
73813,nm2255521,,
73813,nm2256659,,
73813,nm2257318,,
73813,nm2258692,,
73813,nm2260647,,
73813,nm2271419,,
7398,nm0001374,,
7398,nm0001485,,
7398,nm0002022,,
7398,nm0005994,,
7398,nm0012113,,
7398,nm0036427,,
7398,nm0037816,,
7398,nm0060845,,
7398,nm0271658,,
7398,nm0656428,,
74327,nm0144039,,
74327,nm0210925,,
74327,nm0241484,,
74327,nm0303826,,
74327,nm0343082,,
74327,nm0951456,,
74327,nm1918862,,
74327,nm2604251,,
74327,nm2720118,,
74327,nm2847812,,
74431,nm0133448,,
74431,nm0456077,,
74431,nm0849789,,
74431,nm0960373,,
74431,nm1085525,,
74431,nm1293114,,
74431,nm2139257,,
74431,nm2143605,,
74431,nm2144997,,
74431,nm2146189,,
7482,nm0000045,,
7482,nm0001866,,
7482,nm0135622,,
7482,nm0161184,,
7482,nm0446485,,
7482,nm0544547,,
7482,nm0768334,,
7482,nm0793384,,
7482,nm0908378,,
7482,nm0917315,,
74820,nm0000027,,
74820,nm0000047,,
74820,nm0000051,,
74820,nm0000963,,
74820,nm0001626,,
74820,nm0001725,,
74820,nm0002072,,
74820,nm0409869,,
74820,nm0692110,,
74820,nm0703033,,
75962,nm0001055,,
75962,nm0020145,,
75962,nm0385594,,
75962,nm0396633,,
75962,nm0452939,,
75962,nm0519160,,
75962,nm0531385,,
75962,nm0534045,,
75962,nm0537685,,
75962,nm0601287,,
75981,nm0037130,,
75981,nm0195547,,
75981,nm0293739,,
75981,nm0355621,,
75981,nm0569635,,
75981,nm0634159,,
75981,nm0734000,,
75981,nm0764664,,
75981,nm1911179,,
75981,nm1911344,,
76082,nm0001595,,
76082,nm0005258,,
76082,nm0076702,,
76082,nm0220577,,
76082,nm0365480,,
76082,nm0397212,,
76082,nm0761835,,
76082,nm0870535,,
76082,nm0908022,,
76082,nm0942476,,
76277,nm0000011,,
76277,nm0001500,,
76277,nm0001715,,
76277,nm0043035,,
76277,nm0226109,,
76277,nm0233014,,
76277,nm0339615,,
76277,nm0681319,,
76277,nm0770730,,
76277,nm0842425,,
77414,nm0000593,,
77414,nm0001427,,
77414,nm0780678,,
77414,nm0894690,,
77414,nm1415323,,
77414,nm1544100,,
77414,nm1731478,,
77414,nm1870250,,
77414,nm2955013,,
77414,nm3361199,,
7763,nm0081547,,
7763,nm0199626,,
7763,nm0228250,,
7763,nm0232306,,
7763,nm0232308,,
7763,nm0272224,,
7763,nm0559890,,
7763,nm0783317,,
7763,nm0846391,,
7763,nm0867338,,
77721,nm0026379,,
77721,nm0045741,,
77721,nm0103140,,
77721,nm0137524,,
77721,nm0198450,,
77721,nm0287098,,
77721,nm0310704,,
77721,nm0548277,,
77721,nm0549134,,
77721,nm0563253,,
78442,nm0001809,,
78442,nm0084426,,
78442,nm0084626,,
78442,nm0703761,,
78442,nm2375042,,
78442,nm2643170,,
78442,nm2726765,,
78442,nm2739747,,
78442,nm2755227,,
78442,nm2994976,,
78585,nm0643885,,
78585,nm1065585,,
78585,nm1187273,,
78585,nm1530178,,
78585,nm2953322,,
78585,nm9328837,,
78713,nm0002768,,
78713,nm0017044,,
78713,nm0024739,,
78713,nm0179409,,
78713,nm0285376,,
78713,nm0358724,,
78713,nm0390279,,
78713,nm0695525,,
78713,nm0841797,,
78713,nm0910400,,
79134,nm0000161,,
79134,nm0001191,,
79134,nm0001674,,
79134,nm0001705,,
79134,nm0004742,,
79134,nm0005450,,
79134,nm0416673,,
79134,nm0423284,,
79134,nm0748973,,
79134,nm0887696,,
79610,nm0000028,,
79610,nm0001229,,
79610,nm0079379,,
79610,nm0314065,,
79610,nm0463297,,
79610,nm0780038,,
79610,nm0826749,,
79610,nm0857147,,
79610,nm0903667,,
79610,nm0920831,,
7986,nm0001062,,
7986,nm0020162,,
7986,nm0334048,,
7986,nm0424509,,
7986,nm0436518,,
7986,nm0467178,,
7986,nm0556739,,
7986,nm0754241,,
7986,nm0760203,,
7986,nm0930787,,
7995,nm0001136,,
7995,nm0001228,,
7995,nm0002663,,
7995,nm0005434,,
7995,nm0017491,,
7995,nm0147049,,
7995,nm0689488,,
7995,nm0698337,,
7995,nm0790064,,
7995,nm0852076,,
80097,nm0161568,,
80097,nm0162134,,
80097,nm0264641,,
80097,nm0419198,,
80097,nm0434224,,
80097,nm0476442,,
80097,nm0669813,,
80097,nm0901260,,
80097,nm0935399,,
80097,nm0957088,,
801,nm0005280,,
801,nm0005502,,
801,nm0140760,,
801,nm0156345,,
801,nm0431451,,
801,nm0453712,,
801,nm0457755,,
801,nm0808376,,
801,nm0810397,,
801,nm0838000,,
80348,nm0000006,,
80348,nm0000964,,
80348,nm0001452,,
80348,nm0067391,,
80348,nm0092129,,
80348,nm0092290,,
80348,nm0111297,,
80348,nm0129894,,
80348,nm0625724,,
80348,nm0913095,,
80566,nm0076069,,
80566,nm0077344,,
80566,nm0130955,,
80566,nm0181305,,
80566,nm0264770,,
80566,nm0273510,,
80566,nm0274464,,
80566,nm0350324,,
80566,nm0672857,,
80566,nm0891631,,
80655,nm0010355,,
80655,nm0033843,,
80655,nm0174239,,
80655,nm0177933,,
80655,nm0226813,,
80655,nm0868381,,
80655,nm0968532,,
80655,nm2959502,,
80655,nm3125742,,
80655,nm3731449,,
80748,nm0000011,,
80748,nm0000026,,
80748,nm0001211,,
80748,nm0035159,,
80748,nm0040374,,
80748,nm0042552,,
80748,nm0259816,,
80748,nm0269771,,
80748,nm0290066,,
80748,nm0302480,,
80768,nm0003115,,
80768,nm0093174,,
80768,nm0146146,,
80768,nm0217529,,
80768,nm0217937,,
80768,nm0326633,,
80768,nm0399888,,
80768,nm0548228,,
80768,nm0633041,,
80768,nm2034488,,
81142,nm0000327,,
81142,nm0032628,,
81142,nm0045937,,
81142,nm0355024,,
81142,nm0453273,,
81142,nm0653952,,
81142,nm0817844,,
81142,nm0934618,,
81142,nm1039877,,
81142,nm2006937,,
8120,nm0000732,,
8120,nm0001233,,
8120,nm0001439,,
8120,nm0014519,,
8120,nm0031055,,
8120,nm0438682,,
8120,nm0443577,,
8120,nm0493684,,
8120,nm0543195,,
8120,nm0675887,,
8123,nm0001954,,
8123,nm0004434,,
8123,nm0053384,,
8123,nm0311092,,
8123,nm0317558,,
8123,nm0451351,,
8123,nm0515758,,
8123,nm0842934,,
8123,nm0882732,,
8123,nm0937540,,
81413,nm0181305,,
81413,nm0264770,,
81413,nm0275213,,
81413,nm0279036,,
81413,nm0299014,,
81413,nm0303684,,
81413,nm0543188,,
81413,nm0659146,,
81413,nm0744103,,
81413,nm0901711,,
81564,nm0000093,,
81564,nm0001774,,
81564,nm0002071,,
81564,nm0189144,,
81564,nm0275486,,
81564,nm0569891,,
81564,nm0857620,,
81564,nm1470330,,
81564,nm1706767,,
81564,nm3961654,,
81673,nm0127352,,
81673,nm0149191,,
81673,nm0149192,,
81673,nm0756150,,
81673,nm0867780,,
81673,nm0960230,,
81673,nm1728069,,
81673,nm1978192,,
81673,nm7121448,,
81673,nm7121449,,
81831,nm0557609,,
81831,nm0582074,,
81831,nm0659274,,
81831,nm0708045,,
81831,nm0755009,,
81831,nm0762248,,
81831,nm3641536,,
81831,nm3650419,,
81831,nm3650532,,
81831,nm3651970,,
82055,nm0001485,,
82055,nm0110177,,
82055,nm0146905,,
82055,nm0172903,,
82055,nm0196596,,
82055,nm0260723,,
82055,nm0448696,,
82055,nm0449694,,
82055,nm0868456,,
82055,nm0949835,,
82370,nm0002069,,
82370,nm0192490,,
82370,nm0465173,,
82370,nm0618705,,
82370,nm0816296,,
82370,nm0831262,,
82370,nm0846308,,
82370,nm0865575,,
82370,nm0904303,,
82370,nm0957372,,
8260,nm0040009,,
8260,nm0049414,,
8260,nm0244151,,
8260,nm0315675,,
8260,nm0367157,,
8260,nm0784872,,
8260,nm0784875,,
8260,nm0784876,,
8260,nm0784878,,
8260,nm0882121,,
83,nm0005002,,
83,nm0005043,,
83,nm0143378,,
83,nm0293272,,
83,nm0395428,,
83,nm0446780,,
83,nm0502442,,
83,nm0711118,,
83,nm0724757,,
83,nm0925045,,
83056,nm0000909,,
83056,nm0000992,,
83056,nm0175641,,
83056,nm0195422,,
83056,nm0403636,,
83056,nm0435920,,
83056,nm0610253,,
83056,nm0659427,,
83056,nm0853623,,
83056,nm0950019,,
83225,nm2762640,,
83225,nm2763170,,
83374,nm0001691,,
83374,nm0098378,,
83374,nm0185272,,
83374,nm0358046,,
83374,nm0396812,,
83374,nm0417520,,
83374,nm0862479,,
83374,nm1101923,,
83374,nm2438027,,
83374,nm3039742,,
83430,nm0006763,,
83430,nm0219971,,
83430,nm0505323,,
83430,nm0700875,,
83430,nm0712546,,
83430,nm0846616,,
83430,nm1059103,,
83430,nm1213820,,
83430,nm1372788,,
83430,nm1779702,,
8364,nm0000505,,
8364,nm0001115,,
8364,nm0001704,,
8364,nm0004979,,
8364,nm0005522,,
8364,nm0007210,,
8364,nm0117146,,
8364,nm0141953,,
8364,nm0187719,,
8364,nm0735467,,
83664,nm0002069,,
83664,nm0006725,,
83664,nm0049852,,
83664,nm0263057,,
83664,nm0370822,,
83664,nm0456801,,
83664,nm0533038,,
83664,nm0677740,,
83664,nm0712731,,
83664,nm0740362,,
8374,nm0038355,,
8374,nm0297686,,
8374,nm0643885,,
8374,nm0654637,,
8374,nm0765844,,
8374,nm0794190,,
8374,nm1076976,,
8374,nm1183309,,
8374,nm1244973,,
8374,nm1426838,,
8387,nm0000489,,
8387,nm0000579,,
8387,nm0001231,,
8387,nm0047265,,
8387,nm0247579,,
8387,nm0310960,,
8387,nm0333701,,
8387,nm0411480,,
8387,nm0772116,,
8387,nm0935498,,
84148,nm0026841,,
84148,nm0235255,,
84148,nm0483907,,
84148,nm0497202,,
84148,nm0681055,,
84293,nm0000071,,
84293,nm0001017,,
84293,nm0002013,,
84293,nm0094135,,
84293,nm0318145,,
84293,nm0335788,,
84293,nm0404158,,
84293,nm0452128,,
84293,nm0721728,,
84293,nm0751946,,
84372,nm0000009,,
84372,nm0001805,,
84372,nm0146542,,
84372,nm0403391,,
84372,nm0448195,,
84372,nm0469184,,
84372,nm0503122,,
84372,nm0534045,,
84372,nm0719692,,
84372,nm0729870,,
8459,nm0000014,,
8459,nm0001050,,
8459,nm0114847,,
8459,nm0172615,,
8459,nm0293530,,
8459,nm0394244,,
8459,nm0498734,,
8459,nm0512960,,
8459,nm0724732,,
8459,nm0747413,,
851,nm0000198,,
851,nm0000309,,
851,nm0000353,,
851,nm0000454,,
851,nm0000686,,
851,nm0000699,,
851,nm0001125,,
851,nm0001231,,
851,nm0478713,,
851,nm0942482,,
85538,nm0001358,,
85538,nm0141581,,
85538,nm0179224,,
85538,nm0324658,,
85538,nm0571964,,
85538,nm0696387,,
85538,nm12588370,,
85538,nm1985859,,
85538,nm2049889,,
85538,nm3108757,,
861,nm0000329,,
861,nm0000706,,
861,nm0001041,,
861,nm0151068,,
861,nm0465496,,
861,nm0516310,,
861,nm0874684,,
861,nm0876603,,
861,nm0939189,,
861,nm0950757,,
86343,nm0000498,,
86343,nm0001520,,
86343,nm0095478,,
86343,nm0123632,,
86343,nm0372366,,
86343,nm0924154,,
86343,nm0954253,,
86343,nm1018488,,
86343,nm1099085,,
86343,nm1543212,,
86635,nm0000435,,
86635,nm0000514,,
86635,nm0095478,,
86635,nm0144307,,
86635,nm0192024,,
86635,nm0476097,,
86635,nm0494774,,
86635,nm0669041,,
86635,nm0932112,,
86635,nm1787635,,
8668,nm0000496,,
8668,nm0000610,,
8668,nm0001650,,
8668,nm0005356,,
8668,nm0048922,,
8668,nm0202184,,
8668,nm0301185,,
8668,nm0323845,,
8668,nm0703849,,
8668,nm0781899,,
86717,nm0947720,,
86717,nm1758583,,
86717,nm1763577,,
86717,nm3505886,,
86717,nm3507151,,
86717,nm3533634,,
86717,nm3575407,,
86717,nm3582302,,
86717,nm3582435,,
86717,nm3674378,,
86781,nm0044073,,
86781,nm0108436,,
86781,nm0246386,,
86781,nm0309945,,
86781,nm0320721,,
86781,nm1323233,,
86781,nm1840093,,
86781,nm4655454,,
86781,nm4841157,,
86781,nm4841645,,
86802,nm0001221,,
86802,nm0103722,,
86802,nm0156187,,
86802,nm0226583,,
86802,nm0485272,,
86802,nm0507187,,
86802,nm0566013,,
86802,nm0614526,,
86802,nm0794890,,
86802,nm0949477,,
8693,nm0000010,,
8693,nm0001822,,
8693,nm0130794,,
8693,nm0197314,,
8693,nm0218131,,
8693,nm0322299,,
8693,nm0384154,,
8693,nm0667542,,
8693,nm0795289,,
8693,nm0894734,,
8694,nm0000001,,
8694,nm0000028,,
8694,nm0112108,,
8694,nm0113072,,
8694,nm0255695,,
8694,nm0495382,,
8694,nm0544711,,
8694,nm0579663,,
8694,nm0771696,,
8694,nm1288160,,
8695,nm0000026,,
8695,nm0000073,,
8695,nm0001485,,
8695,nm0003193,,
8695,nm0065975,,
8695,nm0096458,,
8695,nm0172615,,
8695,nm0709917,,
8695,nm0762329,,
8695,nm0884964,,
87049,nm2555469,,
87049,nm2558355,,
87049,nm2559067,,
87049,nm2560372,,
87049,nm2563293,,
87049,nm2608214,,
8748,nm0000047,,
8748,nm0000052,,
8748,nm0148284,,
8748,nm0159300,,
8748,nm0188311,,
8748,nm0321294,,
8748,nm0559820,,
8748,nm0597840,,
8748,nm0759465,,
8748,nm0769070,,
879,nm0000542,,
879,nm0001373,,
879,nm0001744,,
879,nm0504342,,
879,nm0516286,,
879,nm0732187,,
879,nm0737553,,
879,nm0752871,,
879,nm0885707,,
879,nm0926235,,
87915,nm0001145,,
87915,nm0040688,,
87915,nm0085403,,
87915,nm0162599,,
87915,nm0516634,,
87915,nm0668976,,
87915,nm0804130,,
87915,nm0804140,,
87915,nm0831467,,
87915,nm0909668,,
88452,nm0182885,,
88452,nm1249471,,
88452,nm1596088,,
88452,nm1775058,,
88452,nm1899319,,
88452,nm2853059,,
88452,nm3115445,,
88452,nm3127065,,
88452,nm3128436,,
88452,nm3128695,,
8855,nm0000478,,
8855,nm0001849,,
8855,nm0021112,,
8855,nm0126312,,
8855,nm0371031,,
8855,nm0525088,,
8855,nm0547300,,
8855,nm0629731,,
8855,nm0703875,,
8855,nm0851362,,
88682,nm0000480,,
88814,nm0076828,,
88814,nm0081954,,
88814,nm0137664,,
88814,nm0160139,,
88814,nm0388474,,
88814,nm0433131,,
88814,nm0730635,,
88814,nm0803070,,
88814,nm0826557,,
88814,nm0910833,,
89137,nm0021835,,
89137,nm0047487,,
89137,nm0160393,,
89137,nm0779073,,
89137,nm1384666,,
89137,nm1421931,,
89137,nm2205170,,
89137,nm3199985,,
89137,nm3201460,,
89137,nm4549848,,
89170,nm0005377,,
89170,nm0372961,,
89170,nm0731075,,
89170,nm1117791,,
89170,nm1269733,,
89170,nm1699328,,
89170,nm1913734,,
89170,nm1986960,,
89170,nm2279875,,
89170,nm3160575,,
89206,nm0000213,,
89206,nm0000276,,
89206,nm0000331,,
89206,nm0001083,,
89206,nm0089456,,
89206,nm0175814,,
89206,nm0240381,,
89206,nm0391326,,
89206,nm0689185,,
89206,nm1167794,,
89549,nm0103797,,
89549,nm0684654,,
89549,nm0723142,,
89549,nm4278486,,
89607,nm0061063,,
89607,nm0115429,,
89607,nm0178058,,
89607,nm0213107,,
89607,nm0422238,,
89607,nm0460864,,
89607,nm0511614,,
89607,nm0715081,,
89607,nm0725110,,
89607,nm0920555,,
90064,nm0040545,,
90064,nm0050983,,
90064,nm0081175,,
90064,nm0219151,,
90064,nm0320808,,
90064,nm0539399,,
90064,nm0749363,,
90064,nm0778568,,
90064,nm0883007,,
90064,nm0959113,,
90460,nm0057269,,
90460,nm0195620,,
90460,nm0247642,,
90460,nm0275423,,
90460,nm0275623,,
90460,nm0437060,,
90460,nm0598367,,
90460,nm0700803,,
90460,nm0768859,,
90460,nm0814679,,
90514,nm0184578,,
90514,nm0247702,,
90514,nm0314065,,
90514,nm0354947,,
90514,nm0397602,,
90514,nm0482121,,
90514,nm0616080,,
90514,nm0799982,,
90514,nm0802325,,
90514,nm1230870,,
90537,nm0017996,,
90537,nm0019609,,
90537,nm0028965,,
90537,nm0467428,,
90537,nm0643473,,
90537,nm0711003,,
90537,nm0812408,,
90537,nm2076997,,
90537,nm2087817,,
90907,nm0073318,,
90907,nm0246842,,
90907,nm0313308,,
90907,nm0324553,,
90907,nm0604940,,
90907,nm0652650,,
90907,nm0778306,,
90907,nm0891998,,
90907,nm0903145,,
90907,nm1326319,,
90947,nm0471619,,
90947,nm0509264,,
90947,nm0609240,,
90947,nm0754029,,
90947,nm1282571,,
90947,nm1715257,,
90947,nm3642761,,
90947,nm4465402,,
90947,nm4561546,,
90947,nm4561590,,
90965,nm0074926,,
90965,nm0084759,,
90965,nm0447432,,
90965,nm1164922,,
90965,nm1269867,,
90965,nm2411682,,
90965,nm2658780,,
90965,nm3112999,,
90965,nm3863049,,
90965,nm3950948,,
912,nm0000006,,
912,nm0000007,,
912,nm0000048,,
912,nm0001647,,
912,nm0002113,,
912,nm0002134,,
912,nm0495495,,
912,nm0757064,,
912,nm0891998,,
912,nm0933330,,
91201,nm0024529,,
91201,nm0190384,,
91201,nm0241696,,
91201,nm0333059,,
91201,nm0523601,,
91201,nm0529645,,
91201,nm0669789,,
91201,nm0684770,,
91201,nm0813691,,
91201,nm0869121,,
913,nm0000007,,
913,nm0000048,,
913,nm0000802,,
913,nm0000955,,
913,nm0002113,,
913,nm0176879,,
913,nm0184578,,
913,nm0313438,,
913,nm0533692,,
913,nm0665886,,
92029,nm0000068,,
92029,nm0045839,,
92029,nm0055812,,
92029,nm0114878,,
92029,nm0196876,,
92029,nm0200599,,
92029,nm0240887,,
92029,nm0562920,,
92029,nm0665327,,
92029,nm0824606,,
92446,nm0046785,,
92446,nm0131036,,
92446,nm0136823,,
92446,nm0188133,,
92446,nm0560281,,
92446,nm0597899,,
92446,nm0711031,,
92446,nm0763072,,
92446,nm0813770,,
92446,nm0830627,,
92641,nm0097427,,
92641,nm0173554,,
92641,nm0202262,,
92641,nm0255979,,
92641,nm0274610,,
92641,nm0346852,,
92641,nm0649649,,
92641,nm0686486,,
92641,nm0693493,,
92641,nm3516634,,
92740,nm0541136,,
92740,nm1519143,,
92740,nm2251999,,
92740,nm3027083,,
92740,nm3898384,,
92740,nm3899141,,
92740,nm3899380,,
92740,nm3907392,,
92740,nm3907555,,
92740,nm3907641,,
92756,nm0000273,,
92756,nm0000313,,
92756,nm0000587,,
92756,nm0001100,,
92756,nm0128326,,
92756,nm0248983,,
92756,nm0341431,,
92756,nm0416279,,
92756,nm0733678,,
92756,nm0795711,,
92894,nm0052031,,
92894,nm0482273,,
92894,nm0503275,,
92894,nm0677912,,
92894,nm0767628,,
92894,nm0831262,,
92894,nm0834663,,
92894,nm0865392,,
92894,nm0866658,,
92894,nm0957372,,
92968,nm3971648,,
93022,nm0000407,,
93022,nm0000834,,
93022,nm0004753,,
93022,nm0004965,,
93022,nm0005191,,
93022,nm0279209,,
93022,nm0383371,,
93022,nm0507212,,
93022,nm0701512,,
93022,nm0746125,,
93455,nm0016013,,
93455,nm0033726,,
93455,nm0056596,,
93455,nm0567710,,
93455,nm0721486,,
93455,nm0821489,,
93455,nm0951283,,
93455,nm3543099,,
93535,nm0039148,,
93535,nm0071680,,
93535,nm0216594,,
93535,nm0261413,,
93535,nm0337466,,
93535,nm0382110,,
93535,nm0724995,,
93535,nm1078598,,
94314,nm0112397,,
94314,nm0355440,,
94314,nm0370015,,
94314,nm0839146,,
94314,nm1074597,,
94314,nm1822140,,
94314,nm2204480,,
94314,nm2324301,,
94314,nm2432930,,
94314,nm3135077,,
94531,nm0137688,,
94531,nm0365107,,
94531,nm0478831,,
94531,nm0717342,,
94531,nm0730184,,
94531,nm0738897,,
94531,nm0774518,,
94531,nm0790913,,
94531,nm1180121,,
94531,nm1708658,,
94727,nm0023568,,
94727,nm0025994,,
94727,nm0159813,,
94727,nm0195968,,
94727,nm0230335,,
94727,nm0790423,,
94727,nm1067072,,
94727,nm1067437,,
94727,nm1480144,,
94727,nm3162825,,
95744,nm0000365,,
95744,nm0001674,,
95744,nm0006952,,
95744,nm0048414,,
95744,nm0117709,,
95744,nm0123632,,
95744,nm0217817,,
95744,nm1595314,,
95744,nm3164503,,
95744,nm4110310,,
95854,nm0255544,,
95854,nm0306357,,
95854,nm0844761,,
95854,nm0868435,,
95854,nm0892260,,
95854,nm1133364,,
95854,nm1279722,,
95854,nm1828251,,
95854,nm2304398,,
95854,nm2671273,,
96110,nm0000101,,
96110,nm0001475,,
96110,nm0001518,,
96110,nm0002071,,
96110,nm0004051,,
96110,nm0302108,,
96110,nm0478762,,
96110,nm0555462,,
96110,nm0837177,,
96110,nm1807222,,
96306,nm0000141,,
96306,nm0005095,,
96306,nm0005392,,
96306,nm0026364,,
96306,nm0123092,,
96306,nm0267812,,
96306,nm0424848,,
96306,nm1775177,,
96306,nm2560043,,
96306,nm2817803,,
965,nm0001919,,
965,nm0140914,,
965,nm0148144,,
965,nm0232196,,
965,nm0370848,,
965,nm0491406,,
965,nm0543169,,
965,nm0573790,,
965,nm0853607,,
965,nm0914931,,
96799,nm0001285,,
96799,nm0001487,,
96799,nm0333380,,
96799,nm0389698,,
96799,nm0400923,,
96799,nm0428086,,
96799,nm0446303,,
96799,nm0641713,,
96799,nm0642675,,
96799,nm0722619,,
96807,nm0000153,,
96807,nm0000174,,
96807,nm0000501,,
96807,nm0245145,,
96807,nm0726223,,
96807,nm1534207,,
96807,nm3168154,,
96807,nm4566719,,
96960,nm0063113,,
96960,nm0095741,,
96960,nm0110480,,
96960,nm0141111,,
96960,nm0152159,,
96960,nm0236866,,
96960,nm0314065,,
96960,nm0392067,,
96960,nm0474628,,
96960,nm0736332,,
97828,nm0258168,,
97828,nm0267050,,
97828,nm0576536,,
97828,nm0595744,,
97828,nm0765598,,
97828,nm0787676,,
97828,nm1160221,,
97828,nm1261215,,
97828,nm2218569,,
97828,nm2240544,,
98056,nm0001376,,
98056,nm0004462,,
98056,nm0013741,,
98056,nm0087324,,
98056,nm0135084,,
98056,nm0238506,,
98056,nm0290420,,
98056,nm0728938,,
98056,nm1225096,,
98056,nm1468516,,
98114,nm0000469,,
98114,nm0001207,,
98114,nm0001730,,
98114,nm0003981,,
98114,nm0184392,,
98114,nm0444321,,
98114,nm0866537,,
98114,nm0919875,,
98114,nm1053055,,
98114,nm1054273,,
98402,nm1114133,,
98402,nm1374535,,
98402,nm3663632,,
98402,nm3663669,,
98402,nm3663776,,
98402,nm3664153,,
98402,nm3664211,,
98402,nm3664356,,
98402,nm4392728,,
98402,nm6546222,,
98629,nm0291918,,
98629,nm0466636,,
98629,nm0849177,,
98629,nm1279980,,
98629,nm1285342,,
98629,nm1285504,,
98629,nm2147559,,
98629,nm3772253,,
98629,nm7400143,,
98629,nm7400144,,
98695,nm0297820,,
98695,nm0297847,,
98695,nm0474958,,
98695,nm0559704,,
98695,nm0616163,,
98695,nm0620110,,
98695,nm0644524,,
98695,nm0757058,,
98695,nm0846961,,
98695,nm0906696,,
99243,nm0008506,,
99243,nm0008905,,
99243,nm0047102,,
99243,nm0253018,,
99243,nm0445463,,
99243,nm0545659,,
99243,nm0767032,,
99243,nm0783879,,
99243,nm0804700,,
99243,nm0888079,,
99739,nm0001016,,
99739,nm0039435,,
99739,nm0135281,,
99739,nm0209815,,
99739,nm0545287,,
99739,nm0653826,,
99739,nm0657627,,
99739,nm0811940,,
99739,nm0870038,,
99739,nm5501457,,
99906,nm0001960,,
99906,nm0099677,,
99906,nm0322486,,
99906,nm0332136,,
99906,nm0688648,,
99906,nm1196219,,
99906,nm1817887,,
99906,nm2306816,,
99906,nm4296971,,
99906,nm4461361,,
99996,nm0005466,,
99996,nm0141613,,
99996,nm0189144,,
99996,nm1036340,,
99996,nm1059821,,
99996,nm1065229,,
99996,nm1822808,,
99996,nm2281884,,
99996,nm2289780,,
99996,nm3021826,,
