user_id,actor_id,added_at
2,nm0218075,2023-04-08T23:08:00
2,nm0829270,2023-12-01T18:32:00
2,nm5079616,2023-02-12T22:41:00
2,nm0876603,2023-07-21T08:49:00
2,nm0372961,2023-10-02T21:06:00
2,nm0303990,2023-01-23T03:26:00
2,nm1231723,2024-07-04T17:16:00
3,nm2260647,2024-04-23T21:51:00
3,nm0868435,2023-08-19T04:05:00
3,nm0731995,2024-02-15T09:43:00
4,nm0004365,2024-10-14T16:41:00
4,nm0025994,2024-05-19T17:49:00
4,nm0201538,2023-03-16T09:38:00
5,nm0798777,2023-07-03T18:45:00
5,nm0230335,2024-09-19T22:51:00
5,nm0541597,2023-12-03T07:23:00
5,nm0952365,2023-04-28T00:23:00
5,nm1511558,2024-03-04T01:58:00
5,nm6443212,2024-06-28T04:18:00
5,nm5550165,2024-03-27T17:59:00
6,nm0158605,2023-07-03T22:21:00
6,nm0787825,2024-09-03T20:03:00
6,nm0205213,2023-06-18T06:10:00
6,nm0000945,2024-12-08T09:51:00
7,nm0215019,2024-02-15T21:05:00
7,nm0840754,2024-09-04T00:51:00
7,nm0588223,2023-02-08T02:11:00
7,nm0388474,2024-02-05T18:51:00
7,nm4901642,2023-02-28T02:00:00
7,nm0642671,2023-12-26T10:55:00
8,nm2865987,2024-01-04T12:16:00
8,nm0867338,2023-09-17T23:00:00
8,nm0000761,2024-11-24T08:54:00
8,nm0364246,2023-09-16T15:56:00
8,nm0197384,2023-09-07T12:45:00
8,nm0035988,2023-09-21T02:25:00
8,nm0026364,2024-04-05T21:04:00
9,nm0620964,2024-12-16T23:04:00
9,nm0001397,2023-12-09T19:34:00
9,nm1461201,2023-09-18T23:00:00
9,nm1211594,2024-08-27T17:09:00
9,nm0032198,2023-05-03T14:17:00
11,nm0264429,2024-11-14T08:38:00
11,nm0092947,2024-03-12T08:36:00
12,nm0828840,2023-04-20T14:19:00
12,nm1490339,2024-01-17T16:57:00
12,nm0214430,2023-07-16T01:32:00
12,nm0411879,2024-01-20T05:02:00
13,nm0081547,2023-01-09T00:58:00
13,nm0763072,2023-10-14T12:11:00
13,nm0232655,2023-08-06T03:31:00
13,nm1011262,2024-03-20T04:53:00
14,nm1516296,2023-11-12T20:35:00
14,nm0863968,2024-11-06T13:53:00
14,nm0407514,2024-04-14T12:53:00
14,nm0604940,2024-09-11T07:09:00
14,nm9012804,2023-11-26T14:30:00
14,nm0406873,2024-09-16T00:59:00
14,nm0684952,2024-04-06T20:26:00
16,nm0696395,2023-03-18T17:32:00
16,nm0169300,2023-08-01T00:20:00
16,nm1727781,2023-12-02T05:33:00
16,nm0000352,2024-05-11T21:05:00
16,nm0510219,2023-01-05T21:10:00
18,nm0196375,2023-08-25T20:36:00
18,nm0828906,2023-01-24T11:53:00
19,nm0009334,2023-03-21T15:27:00
19,nm0098378,2023-08-26T17:07:00
20,nm1388611,2023-07-06T09:53:00
20,nm0656511,2024-06-10T13:10:00
22,nm0736259,2023-01-19T05:54:00
22,nm0990524,2024-09-15T05:33:00
22,nm0671435,2024-07-15T21:13:00
22,nm0443889,2024-04-03T12:12:00
22,nm0688467,2023-01-28T17:18:00
22,nm2034147,2024-01-04T15:10:00
22,nm1007182,2024-03-17T00:15:00
22,nm0005531,2023-12-13T09:38:00
22,nm0332709,2023-09-27T09:50:00
23,nm1233508,2023-05-12T10:49:00
23,nm0673028,2023-08-02T16:46:00
23,nm4647877,2023-04-12T02:50:00
23,nm0234115,2024-11-22T05:16:00
26,nm0256534,2023-06-13T01:55:00
26,nm0051509,2024-06-16T06:33:00
26,nm0000447,2024-02-02T18:25:00
26,nm6098250,2023-01-24T13:59:00
27,nm4658761,2024-06-28T16:32:00
27,nm0608311,2024-08-28T04:57:00
27,nm0767038,2023-05-13T20:13:00
27,nm0855225,2023-07-03T21:38:00
27,nm0097550,2023-06-11T17:31:00
27,nm0007814,2024-04-01T22:40:00
27,nm0235255,2023-10-14T02:17:00
27,nm0495947,2023-11-28T19:19:00
27,nm0524255,2023-07-15T18:20:00
31,nm0943553,2023-06-16T07:12:00
31,nm0690905,2024-07-17T08:00:00
32,nm0504897,2024-06-01T01:28:00
32,nm1388724,2024-05-07T10:11:00
32,nm0717342,2024-11-01T02:36:00
32,nm9838069,2023-07-12T07:25:00
33,nm0908468,2023-08-17T01:39:00
33,nm0001420,2023-09-08T22:42:00
33,nm0612219,2024-04-28T18:06:00
33,nm0151806,2023-07-06T00:17:00
33,nm6765796,2024-08-18T13:58:00
33,nm0895372,2023-01-25T07:34:00
33,nm2992330,2023-07-19T02:58:00
33,nm0492342,2024-09-13T15:02:00
33,nm0229957,2024-11-13T22:39:00
33,nm0338901,2024-05-09T08:37:00
34,nm1086926,2023-10-03T03:21:00
34,nm0154235,2024-12-04T12:32:00
34,nm1134577,2023-05-20T14:29:00
34,nm1514370,2023-06-22T08:42:00
34,nm1169471,2023-02-22T21:16:00
34,nm0495495,2023-07-12T20:17:00
34,nm0535644,2024-07-12T03:11:00
34,nm0693318,2024-08-22T20:51:00
34,nm0364246,2024-10-01T14:22:00
36,nm0457870,2024-08-07T23:58:00
38,nm2583884,2023-01-21T11:25:00
38,nm8530716,2024-06-20T16:00:00
38,nm0403171,2023-05-09T01:21:00
38,nm0442008,2024-07-12T23:39:00
38,nm0176773,2024-02-19T15:47:00
38,nm0005502,2024-12-08T19:49:00
38,nm0335789,2024-01-09T09:48:00
38,nm0005460,2024-12-23T18:46:00
38,nm7970075,2023-11-01T18:23:00
38,nm0823563,2024-06-12T08:38:00
41,nm2244205,2023-07-13T05:03:00
42,nm0945322,2024-04-12T04:38:00
42,nm0559920,2023-03-05T14:25:00
42,nm0001420,2024-04-23T21:03:00
45,nm0083424,2023-05-28T04:05:00
45,nm0690905,2023-06-10T07:21:00
45,nm0001659,2023-04-15T03:32:00
45,nm3507151,2023-12-09T18:40:00
45,nm2564938,2024-12-19T18:09:00
46,nm0452939,2023-11-19T05:30:00
46,nm0454514,2023-04-17T10:09:00
46,nm0007127,2023-06-16T00:52:00
48,nm1099375,2024-12-01T23:36:00
49,nm0867158,2023-06-17T09:33:00
52,nm1584638,2023-12-05T04:04:00
52,nm0438027,2023-11-09T08:51:00
52,nm0926183,2024-05-04T23:27:00
52,nm0732309,2023-11-13T12:39:00
52,nm0502442,2024-06-19T09:32:00
52,nm0320712,2023-12-01T15:17:00
52,nm0797268,2023-04-19T18:53:00
52,nm7802963,2023-12-10T21:22:00
52,nm4349808,2024-12-25T04:09:00
52,nm6412088,2024-05-07T23:16:00
53,nm0969750,2023-08-16T12:28:00
53,nm0328023,2024-08-03T15:21:00
54,nm0603908,2024-01-04T14:29:00
54,nm0712731,2024-10-12T00:12:00
54,nm0044073,2024-05-09T19:44:00
54,nm0894734,2023-06-28T07:46:00
55,nm0000502,2024-08-05T13:37:00
55,nm9074057,2024-07-18T04:47:00
55,nm0880126,2024-10-27T08:51:00
55,nm0001335,2024-05-13T19:11:00
55,nm0593355,2024-10-15T13:36:00
55,nm0234007,2023-05-14T20:20:00
56,nm3575407,2023-11-24T01:51:00
56,nm0490240,2024-03-28T15:28:00
56,nm2706673,2023-11-15T02:04:00
56,nm0042164,2023-06-21T12:37:00
56,nm0892501,2024-08-23T23:04:00
56,nm0359248,2023-07-16T07:26:00
56,nm6885344,2024-01-16T23:13:00
56,nm0402554,2023-02-22T08:56:00
56,nm0476678,2023-08-09T19:49:00
58,nm0407756,2024-11-08T12:59:00
59,nm0437632,2023-08-27T20:31:00
60,nm0003110,2024-10-03T16:28:00
60,nm0242010,2024-10-21T08:24:00
60,nm0206478,2023-07-03T06:10:00
60,nm0001805,2023-02-14T16:11:00
60,nm0001953,2023-11-18T02:24:00
60,nm0873731,2023-02-16T07:46:00
60,nm0784018,2023-01-06T14:04:00
60,nm0001153,2023-05-25T13:08:00
60,nm0861639,2024-04-18T08:18:00
62,nm0713209,2024-07-07T08:36:00
62,nm4686782,2024-06-08T10:15:00
63,nm0530365,2023-07-09T21:04:00
63,nm1057020,2024-03-27T07:34:00
63,nm1146051,2024-12-19T13:42:00
63,nm3012273,2024-02-12T19:55:00
63,nm0033843,2023-01-14T23:19:00
63,nm0516286,2023-04-26T05:50:00
63,nm0726741,2023-09-02T17:07:00
63,nm0002079,2023-07-14T17:01:00
63,nm0907386,2024-11-27T09:52:00
63,nm0004345,2024-01-24T07:48:00
64,nm9418262,2023-11-05T00:17:00
64,nm8535957,2024-01-17T06:54:00
64,nm0342676,2024-05-16T09:16:00
67,nm4456120,2024-01-15T09:57:00
67,nm3880243,2023-07-17T02:31:00
67,nm0354490,2024-01-25T12:14:00
67,nm3848064,2024-12-21T10:08:00
67,nm1461130,2024-06-28T05:59:00
67,nm3096390,2024-02-09T03:48:00
70,nm0631307,2023-12-26T14:21:00
70,nm0137079,2023-06-01T21:14:00
70,nm0325520,2024-08-16T13:55:00
70,nm0503122,2024-09-11T00:41:00
70,nm0683026,2023-04-13T13:25:00
70,nm0403134,2024-04-26T17:17:00
70,nm0849246,2024-03-21T13:40:00
70,nm1587783,2023-11-03T10:17:00
70,nm0529581,2023-09-11T07:03:00
71,nm0557678,2024-03-18T16:01:00
71,nm3970150,2023-11-21T17:36:00
71,nm1373261,2024-08-06T23:05:00
72,nm0729870,2024-03-17T09:10:00
72,nm0207637,2024-09-15T20:19:00
72,nm0884561,2024-08-12T11:24:00
79,nm1370030,2023-12-09T13:59:00
79,nm9074057,2023-01-22T08:14:00
79,nm0062570,2024-05-04T22:39:00
79,nm0221491,2024-08-23T17:15:00
79,nm0728230,2023-03-14T20:57:00
79,nm7211213,2023-09-21T12:41:00
80,nm0001832,2024-05-21T18:14:00
80,nm0870007,2023-12-16T18:10:00
80,nm3198287,2024-11-28T12:12:00
80,nm0971111,2024-05-11T07:54:00
81,nm0547045,2024-04-17T03:40:00
81,nm0031889,2023-09-16T09:43:00
81,nm0390469,2023-05-20T20:40:00
81,nm12776865,2024-09-03T11:42:00
82,nm0541485,2023-11-19T22:42:00
82,nm4942550,2024-08-02T08:01:00
86,nm0725110,2023-05-14T15:47:00
86,nm1565160,2023-09-27T21:34:00
86,nm0764762,2024-12-14T17:55:00
87,nm0664048,2024-02-05T10:07:00
88,nm12194993,2024-07-23T21:07:00
88,nm0381416,2023-05-07T14:13:00
90,nm0829576,2024-04-23T08:38:00
90,nm0044762,2023-10-11T18:24:00
90,nm0309945,2024-06-21T18:06:00
90,nm5513924,2023-01-19T06:07:00
90,nm0433722,2023-10-01T18:20:00
90,nm5928079,2023-03-11T04:32:00
90,nm1133696,2024-03-01T04:05:00
91,nm0396633,2024-12-02T22:31:00
91,nm0662943,2023-06-15T11:56:00
91,nm2099196,2023-04-23T21:43:00
91,nm0755941,2023-02-04T11:45:00
91,nm0598229,2024-10-13T15:18:00
91,nm0768178,2024-03-25T17:12:00
91,nm0859740,2023-01-21T05:53:00
91,nm0463435,2024-08-10T22:11:00
92,nm0478068,2024-09-22T14:24:00
92,nm1214509,2023-11-02T19:56:00
92,nm1370446,2024-05-05T15:48:00
92,nm2109624,2023-06-22T00:00:00
92,nm0546531,2023-05-05T11:02:00
92,nm0025309,2023-09-15T14:22:00
92,nm2400959,2023-03-05T01:00:00
92,nm0263057,2023-04-07T19:09:00
93,nm0791805,2024-11-14T01:47:00
93,nm0482121,2023-10-08T03:18:00
93,nm0528433,2024-11-06T08:38:00
93,nm0477878,2024-08-15T08:03:00
93,nm0246585,2024-10-12T04:47:00
93,nm0130107,2023-04-12T03:08:00
93,nm0185272,2024-08-06T21:01:00
93,nm1982961,2023-09-28T07:06:00
93,nm0911734,2024-01-07T12:56:00
95,nm0000621,2023-08-10T15:33:00
95,nm0311589,2024-01-06T08:05:00
96,nm1074245,2024-09-02T13:54:00
96,nm0000014,2023-09-15T15:15:00
96,nm0578949,2024-09-16T16:23:00
96,nm0701512,2024-12-25T03:21:00
96,nm1085861,2024-09-04T22:04:00
96,nm0848304,2023-01-16T23:36:00
96,nm0668382,2023-11-17T18:32:00
96,nm0172615,2024-09-07T20:16:00
97,nm0866344,2024-04-06T17:20:00
97,nm0505801,2024-02-21T09:10:00
97,nm0181613,2023-09-16T16:31:00
97,nm1159180,2024-05-21T22:24:00
97,nm0580479,2024-10-14T02:36:00
97,nm0400923,2024-08-02T05:41:00
97,nm0556005,2024-08-19T06:25:00
97,nm0003244,2024-12-12T05:40:00
97,nm0918763,2024-05-25T17:30:00
97,nm2342614,2024-11-28T08:37:00
98,nm0437690,2024-05-22T10:51:00
98,nm0442479,2023-05-11T23:15:00
100,nm2700625,2023-10-04T13:24:00
100,nm0128280,2023-01-09T00:57:00
100,nm0935090,2024-01-11T19:35:00
100,nm2259187,2023-05-26T00:02:00
100,nm0001566,2023-08-19T11:23:00
100,nm0304097,2023-12-08T21:42:00
101,nm1157358,2024-04-07T07:29:00
101,nm0957050,2023-05-03T07:42:00
101,nm0602071,2024-04-13T22:18:00
101,nm1631127,2024-03-11T11:40:00
101,nm0114371,2023-04-14T10:13:00
101,nm2152941,2024-07-11T09:49:00
101,nm0629735,2024-06-28T20:17:00
101,nm0656428,2023-04-10T09:12:00
101,nm0417236,2023-11-12T08:39:00
102,nm0601287,2024-01-16T14:33:00
102,nm0000242,2023-05-11T00:01:00
102,nm2443764,2024-11-17T18:17:00
102,nm0662943,2024-07-15T04:16:00
102,nm0733500,2024-01-11T03:36:00
102,nm0753606,2023-03-04T13:57:00
102,nm0233663,2024-07-10T05:51:00
102,nm0420700,2024-11-28T16:28:00
104,nm0893223,2023-03-04T17:31:00
104,nm0838000,2024-04-22T09:07:00
104,nm1365307,2023-03-13T02:13:00
104,nm0156940,2024-06-26T22:23:00
104,nm0348314,2023-01-12T01:19:00
108,nm2326544,2023-03-16T11:10:00
108,nm0594076,2024-03-05T07:10:00
108,nm0004571,2024-09-27T10:55:00
108,nm2083687,2024-09-17T20:37:00
108,nm2084975,2024-10-08T08:58:00
108,nm0593775,2024-03-21T01:31:00
108,nm0048922,2023-05-13T03:27:00
108,nm0438794,2023-06-27T09:25:00
109,nm0711595,2023-01-07T22:26:00
109,nm5114875,2023-11-22T09:22:00
109,nm2293315,2023-11-23T15:13:00
109,nm0015320,2024-03-27T19:27:00
109,nm0220976,2023-07-25T10:45:00
109,nm0640495,2024-07-10T23:49:00
112,nm1143861,2023-07-06T17:47:00
112,nm3128695,2023-12-15T03:33:00
112,nm1036340,2023-01-27T02:42:00
112,nm2558355,2024-11-11T14:18:00
112,nm0568282,2023-06-15T09:12:00
114,nm2655984,2024-09-09T17:36:00
114,nm0871876,2024-08-11T23:08:00
114,nm3011553,2023-10-14T03:15:00
115,nm0731995,2023-03-12T01:23:00
115,nm0153481,2023-11-17T21:23:00
115,nm0622736,2024-03-10T07:42:00
115,nm0612672,2024-09-22T16:09:00
115,nm0371579,2024-05-23T04:07:00
115,nm6870300,2023-06-01T22:38:00
115,nm0332390,2023-08-27T02:59:00
117,nm0194621,2024-10-17T16:35:00
117,nm0001190,2024-11-06T22:28:00
117,nm0201462,2023-11-04T16:20:00
117,nm2837751,2023-04-07T05:26:00
117,nm1127163,2023-07-24T15:13:00
117,nm0783094,2024-05-03T15:59:00
117,nm0040014,2024-02-10T16:13:00
118,nm0493938,2023-10-10T04:11:00
121,nm0476560,2023-08-20T11:40:00
121,nm0029865,2024-10-08T01:05:00
121,nm1039652,2023-09-23T14:42:00
121,nm0666398,2024-01-15T12:56:00
121,nm1501501,2023-04-20T12:32:00
121,nm0403827,2023-12-10T13:52:00
121,nm4175416,2024-04-07T05:43:00
122,nm0301185,2023-10-09T11:38:00
122,nm3576463,2023-10-22T23:58:00
122,nm3361199,2023-06-19T16:15:00
122,nm0242010,2023-02-17T05:14:00
123,nm0002240,2024-11-26T16:10:00
123,nm4841645,2023-03-03T12:23:00
123,nm0804353,2023-07-19T11:38:00
123,nm1234132,2023-12-25T17:39:00
123,nm0794027,2023-04-24T01:16:00
123,nm0759826,2024-09-26T07:21:00
123,nm1288160,2024-01-25T10:54:00
124,nm3732082,2023-02-13T21:39:00
124,nm0012121,2024-01-27T23:31:00
124,nm0871695,2024-05-01T16:41:00
124,nm0382954,2024-06-03T09:40:00
124,nm0103362,2023-09-10T00:00:00
124,nm0593285,2024-12-02T14:05:00
124,nm0398123,2023-02-24T08:23:00
125,nm0705918,2024-06-27T21:19:00
125,nm0001834,2024-04-28T04:31:00
127,nm2955013,2024-11-13T03:53:00
127,nm0451600,2023-02-06T11:09:00
127,nm0942476,2024-08-22T17:36:00
127,nm0000160,2024-04-27T10:26:00
127,nm2846804,2023-09-16T06:58:00
127,nm0455133,2024-09-04T23:36:00
127,nm0004429,2024-03-09T10:33:00
128,nm6687779,2024-07-26T11:52:00
128,nm0341743,2024-02-07T08:34:00
128,nm0465496,2023-12-22T05:43:00
128,nm0199626,2023-11-16T05:53:00
128,nm0936295,2023-02-16T12:34:00
128,nm0115070,2023-10-06T05:56:00
128,nm3595044,2024-12-06T04:07:00
128,nm0000176,2024-09-09T04:44:00
128,nm1967617,2023-03-17T17:38:00
128,nm3556036,2023-04-24T00:42:00
130,nm0949105,2024-03-17T13:47:00
130,nm0607194,2024-03-18T02:26:00
131,nm0816296,2024-04-27T01:29:00
131,nm0786919,2024-12-09T21:47:00
131,nm0438463,2023-06-19T06:21:00
131,nm3821668,2024-02-27T08:18:00
131,nm0002369,2024-10-24T21:35:00
131,nm0563481,2024-02-01T03:30:00
131,nm2765714,2023-10-11T18:54:00
131,nm0770726,2023-09-22T14:16:00
132,nm1429248,2023-11-25T03:57:00
132,nm7211210,2023-06-27T21:45:00
132,nm0785664,2023-05-22T06:41:00
132,nm0392529,2023-02-28T18:46:00
132,nm0318749,2023-08-04T01:31:00
132,nm0563414,2023-12-22T07:55:00
132,nm0483279,2024-05-04T11:27:00
132,nm1133364,2024-01-27T01:26:00
132,nm0279209,2024-12-15T12:22:00
132,nm1942458,2024-02-15T05:32:00
134,nm0136529,2024-09-09T07:53:00
140,nm0651296,2024-10-11T18:42:00
140,nm0359168,2023-06-23T15:46:00
141,nm0553361,2024-09-01T17:32:00
142,nm0228626,2023-08-10T05:16:00
142,nm1405398,2024-05-04T17:57:00
142,nm0354239,2024-10-28T21:38:00
142,nm0042405,2024-08-11T04:00:00
142,nm0424848,2023-02-08T17:00:00
142,nm0576120,2024-02-03T20:17:00
142,nm0163939,2023-01-16T07:43:00
142,nm0025546,2023-03-12T19:09:00
142,nm0232213,2024-04-08T07:35:00
144,nm0725110,2024-09-20T09:05:00
144,nm0526185,2024-09-23T22:36:00
144,nm0872300,2023-03-15T06:58:00
144,nm1385449,2024-12-02T05:18:00
144,nm0494017,2024-04-14T04:15:00
144,nm0001479,2024-11-15T03:24:00
144,nm0874684,2023-01-28T00:21:00
144,nm0937629,2024-10-07T09:23:00
144,nm0049673,2024-04-28T18:26:00
145,nm1048128,2023-06-02T23:46:00
145,nm8338125,2023-01-24T13:15:00
145,nm0606593,2024-04-15T11:10:00
145,nm0005026,2023-08-15T23:08:00
145,nm0779073,2023-01-04T17:00:00
145,nm2737337,2024-09-24T00:24:00
145,nm0086262,2023-08-21T18:01:00
145,nm0166935,2023-05-14T00:36:00
145,nm3890763,2024-01-14T17:38:00
145,nm0941983,2024-04-25T07:48:00
146,nm0416279,2024-06-22T14:30:00
146,nm0649876,2023-11-04T06:34:00
146,nm0390603,2023-05-13T14:47:00
146,nm0848667,2023-11-15T20:15:00
146,nm1195855,2024-02-15T08:28:00
146,nm0738839,2024-08-22T14:17:00
149,nm0852175,2023-12-13T16:43:00
149,nm0728938,2023-08-11T19:40:00
153,nm0533161,2023-11-28T23:53:00
153,nm9667672,2023-09-18T16:33:00
153,nm6918796,2024-08-13T20:47:00
153,nm0364036,2024-08-16T10:15:00
153,nm0913880,2024-03-17T12:33:00
153,nm0369854,2023-09-20T06:28:00
153,nm0329426,2024-06-22T08:23:00
153,nm8065155,2023-10-21T21:06:00
153,nm0864081,2023-09-12T16:30:00
153,nm0492441,2023-07-02T12:34:00
154,nm0874092,2023-09-04T00:27:00
154,nm0230774,2023-06-22T09:38:00
154,nm0472871,2023-06-17T21:23:00
155,nm0817692,2024-12-07T10:17:00
155,nm2419668,2024-11-18T12:24:00
155,nm0119804,2023-08-19T06:48:00
155,nm0002071,2023-02-13T18:08:00
155,nm0939189,2024-06-28T02:19:00
155,nm0019704,2024-01-28T10:26:00
155,nm0083433,2023-11-20T14:08:00
155,nm1367681,2024-12-12T10:28:00
155,nm0004995,2023-08-09T11:47:00
155,nm2082567,2023-02-02T20:43:00
157,nm0001023,2023-05-12T12:34:00
157,nm0001651,2024-10-21T01:50:00
157,nm0831419,2024-02-21T12:06:00
157,nm0358373,2024-09-22T09:20:00
158,nm0171713,2024-08-26T14:04:00
158,nm4637133,2023-07-03T18:06:00
158,nm0478713,2023-09-28T10:10:00
158,nm2626488,2024-09-18T01:37:00
158,nm0436518,2023-04-23T22:31:00
158,nm0871411,2024-11-18T16:05:00
158,nm2726765,2024-11-21T19:33:00
158,nm0731499,2024-10-02T11:45:00
159,nm0311136,2024-01-13T01:48:00
159,nm0684770,2024-02-04T22:09:00
159,nm0050264,2024-02-13T07:22:00
159,nm0001884,2023-06-27T01:15:00
159,nm2077552,2023-08-19T17:24:00
159,nm0261159,2023-12-02T00:48:00
160,nm1268419,2024-07-16T19:09:00
160,nm0779073,2024-06-10T21:51:00
160,nm0525793,2024-07-12T16:51:00
160,nm3507151,2024-04-06T05:20:00
160,nm2718841,2023-01-04T09:48:00
160,nm0000422,2023-03-01T05:28:00
160,nm0000309,2023-10-18T20:57:00
160,nm0700711,2024-03-24T13:59:00
160,nm0060845,2024-12-09T14:20:00
160,nm0001023,2023-04-18T15:05:00
161,nm0869927,2024-12-26T02:25:00
161,nm0147204,2024-12-07T04:34:00
161,nm0861663,2024-03-22T07:35:00
161,nm0617073,2024-08-08T02:57:00
161,nm1631127,2024-12-19T23:35:00
161,nm0276869,2023-10-26T03:25:00
162,nm0940047,2024-04-15T21:53:00
162,nm1543212,2024-12-14T16:33:00
162,nm0232308,2023-11-08T15:07:00
163,nm0007217,2023-08-08T05:28:00
163,nm0354653,2023-12-06T02:12:00
163,nm0323845,2024-06-20T01:13:00
163,nm0575339,2024-02-01T10:16:00
163,nm0391326,2023-03-20T02:14:00
163,nm0237597,2023-04-18T20:22:00
163,nm0137030,2023-01-13T21:01:00
163,nm0446314,2023-02-18T08:03:00
166,nm0185274,2024-11-25T07:13:00
166,nm0021835,2023-09-05T04:31:00
166,nm0950803,2024-07-28T14:19:00
168,nm0868610,2023-01-25T20:21:00
168,nm10163948,2023-07-15T00:19:00
168,nm1546077,2023-10-25T16:13:00
172,nm0591300,2024-04-12T14:34:00
172,nm2266795,2023-07-20T06:22:00
172,nm0088629,2024-09-02T00:23:00
172,nm2991045,2024-11-24T21:31:00
173,nm0520601,2023-08-12T07:57:00
173,nm0042298,2023-06-28T03:04:00
173,nm0151334,2023-09-04T23:11:00
177,nm0254882,2024-06-25T06:21:00
177,nm3024307,2023-06-15T15:43:00
177,nm0133880,2023-04-01T07:57:00
177,nm1166199,2023-07-04T02:34:00
177,nm0853230,2024-04-07T07:10:00
177,nm1276507,2023-08-11T00:04:00
177,nm0793384,2024-05-02T14:22:00
177,nm9074058,2023-12-10T13:52:00
178,nm0913094,2023-05-02T01:06:00
178,nm0698541,2023-07-19T17:56:00
178,nm0603875,2024-07-23T16:18:00
181,nm0007069,2024-10-23T04:10:00
181,nm0258268,2023-10-05T12:25:00
181,nm0394477,2024-01-06T09:09:00
181,nm2053553,2024-03-21T04:36:00
181,nm4081467,2023-10-09T20:15:00
182,nm0000492,2023-01-11T08:51:00
182,nm0446763,2024-08-09T06:49:00
182,nm0206478,2023-07-01T06:28:00
182,nm0907386,2024-08-11T12:37:00
182,nm0290903,2023-08-16T06:14:00
182,nm0738897,2023-05-27T18:59:00
182,nm0001417,2023-06-06T19:29:00
182,nm0004802,2023-08-25T16:45:00
182,nm0239666,2023-11-08T14:04:00
182,nm0000772,2024-08-18T10:45:00
184,nm0465173,2024-09-23T00:07:00
188,nm3195039,2023-06-11T10:23:00
188,nm0292187,2024-07-01T18:12:00
188,nm0263330,2023-11-21T12:08:00
188,nm10397519,2024-02-13T04:33:00
188,nm0218942,2023-03-24T05:37:00
188,nm0744103,2023-06-17T09:24:00
192,nm0672857,2024-03-14T00:04:00
192,nm2776304,2023-01-28T21:20:00
193,nm1711114,2023-06-28T04:17:00
193,nm0125588,2023-01-19T22:38:00
193,nm0890845,2024-11-17T09:23:00
195,nm1267711,2023-06-15T17:54:00
195,nm0613731,2023-10-04T18:03:00
195,nm0005203,2023-03-02T22:22:00
195,nm0162541,2024-11-03T09:41:00
195,nm0910833,2023-04-26T01:38:00
195,nm5871830,2023-05-26T14:53:00
195,nm0104770,2023-05-15T03:28:00
195,nm0004897,2024-02-08T14:02:00
198,nm0001559,2024-12-08T23:10:00
202,nm0700876,2023-02-10T21:48:00
202,nm0667065,2023-08-20T18:02:00
202,nm0297713,2024-11-04T23:13:00
202,nm0419198,2024-12-11T22:16:00
202,nm0687694,2023-06-20T09:50:00
202,nm0028158,2024-06-13T06:52:00
202,nm1372757,2023-07-23T08:25:00
202,nm2003067,2024-08-18T07:28:00
202,nm0271417,2024-11-28T23:24:00
203,nm0273888,2024-09-26T04:29:00
203,nm0000929,2023-07-08T00:58:00
203,nm0615165,2023-07-01T06:58:00
203,nm6786155,2023-10-06T13:46:00
204,nm5555418,2023-03-24T06:13:00
206,nm0499989,2023-12-14T06:15:00
206,nm0662236,2023-05-20T18:14:00
206,nm3500582,2023-07-14T18:11:00
206,nm0288830,2024-06-13T13:20:00
206,nm2635051,2024-03-22T06:22:00
206,nm0001164,2024-11-08T08:29:00
207,nm1043534,2024-10-25T21:12:00
207,nm0233937,2024-07-06T19:22:00
207,nm3510471,2024-01-13T20:34:00
207,nm0478439,2023-07-28T14:46:00
207,nm0164967,2023-10-17T13:02:00
207,nm1324105,2023-09-08T17:20:00
207,nm1868836,2023-07-13T13:03:00
207,nm0323093,2023-05-25T11:44:00
207,nm0766674,2023-03-02T15:41:00
207,nm0644558,2024-08-08T04:31:00
208,nm0527938,2024-03-14T15:44:00
208,nm0564254,2024-07-06T10:56:00
208,nm0541908,2024-10-22T05:27:00
208,nm0000410,2023-08-14T01:21:00
210,nm0007607,2024-08-13T00:20:00
210,nm3663632,2023-09-08T12:26:00
210,nm1708203,2024-07-19T12:52:00
210,nm0561118,2024-09-17T12:45:00
210,nm2057461,2024-08-11T23:13:00
210,nm0503275,2024-03-12T13:20:00
210,nm0936789,2023-12-11T21:17:00
211,nm1892750,2023-01-16T15:11:00
211,nm0204305,2023-10-10T21:40:00
211,nm0425216,2023-09-18T05:59:00
211,nm0211243,2024-10-23T21:00:00
211,nm0858022,2023-10-05T13:48:00
211,nm0797268,2023-01-18T14:28:00
211,nm0752761,2024-02-01T16:41:00
212,nm0849246,2023-06-22T02:07:00
212,nm3810255,2023-11-06T09:21:00
215,nm3821668,2023-02-06T01:15:00
215,nm0604670,2023-08-23T02:52:00
215,nm0176061,2024-04-15T19:12:00
215,nm0133719,2023-10-09T06:59:00
215,nm0585689,2024-06-21T04:31:00
215,nm0018469,2024-04-09T00:56:00
215,nm0657627,2023-05-23T18:32:00
215,nm0580886,2023-10-21T02:41:00
216,nm0831471,2023-10-26T22:45:00
216,nm0748621,2024-10-24T05:06:00
216,nm0055364,2024-11-08T13:52:00
216,nm0000195,2023-06-20T19:27:00
219,nm0001171,2023-04-27T16:14:00
219,nm0175945,2023-06-28T01:18:00
219,nm0000616,2024-10-18T20:54:00
220,nm7444554,2024-11-05T02:18:00
220,nm0044762,2023-08-25T13:27:00
220,nm0171433,2024-07-13T01:00:00
220,nm0454596,2024-06-04T12:12:00
220,nm0346595,2023-07-25T04:55:00
220,nm0074370,2024-06-04T05:45:00
220,nm0193495,2024-09-03T11:33:00
221,nm0001673,2023-07-11T10:00:00
221,nm7769969,2023-10-05T17:26:00
221,nm0462658,2024-05-01T22:43:00
221,nm0001547,2023-05-04T12:34:00
221,nm0358046,2023-12-15T03:23:00
221,nm14126270,2024-01-10T10:33:00
221,nm0615223,2024-05-20T22:21:00
221,nm6679012,2023-03-23T16:01:00
221,nm0773091,2023-08-18T01:59:00
221,nm0000919,2023-04-27T14:45:00
222,nm0012967,2024-06-14T02:59:00
222,nm0893223,2024-09-18T08:07:00
223,nm0857608,2024-10-19T23:59:00
223,nm0255834,2024-09-07T13:58:00
224,nm0330064,2023-09-22T03:36:00
225,nm0556543,2023-08-10T03:50:00
225,nm0000822,2023-07-11T21:20:00
225,nm0767562,2023-10-26T00:16:00
225,nm0463539,2023-11-21T19:47:00
225,nm0031979,2024-10-10T08:54:00
228,nm0080616,2023-09-17T09:16:00
228,nm0001434,2024-06-07T08:41:00
228,nm0838935,2023-04-03T11:23:00
228,nm2848782,2023-08-28T23:23:00
228,nm2062720,2023-03-04T08:43:00
228,nm0634749,2024-08-22T01:14:00
228,nm3803706,2024-11-10T11:39:00
228,nm0637477,2024-04-03T07:47:00
229,nm0651660,2024-12-27T18:53:00
229,nm0000398,2024-06-11T19:28:00
229,nm6412088,2024-03-19T18:46:00
229,nm2254706,2024-05-12T17:29:00
229,nm0861663,2024-05-07T00:15:00
229,nm0521224,2023-06-03T15:55:00
230,nm0215019,2024-09-04T05:49:00
230,nm10458903,2024-10-07T20:11:00
230,nm0004345,2024-04-23T13:10:00
230,nm0681325,2023-03-08T18:30:00
230,nm0898004,2023-11-08T19:28:00
230,nm1564024,2024-06-07T05:13:00
230,nm0001119,2023-12-28T23:52:00
230,nm0014994,2023-01-26T23:57:00
230,nm0614217,2023-07-12T01:39:00
231,nm0002768,2023-01-10T03:08:00
234,nm0744609,2023-08-21T05:51:00
234,nm0864869,2024-05-09T01:15:00
234,nm0408374,2024-11-22T07:22:00
234,nm0579632,2023-10-20T12:23:00
235,nm0271165,2024-10-01T04:11:00
235,nm0005280,2024-08-28T22:14:00
235,nm0814718,2024-02-20T16:56:00
235,nm0556813,2023-10-26T10:39:00
235,nm0813977,2023-03-23T13:41:00
235,nm0449017,2024-10-27T06:52:00
235,nm2849785,2023-01-16T18:50:00
235,nm0444321,2024-01-15T13:06:00
235,nm0015391,2023-05-08T22:26:00
237,nm2853059,2023-09-01T17:44:00
237,nm0643353,2023-03-21T09:41:00
237,nm0568375,2024-06-12T02:25:00
237,nm0188687,2023-11-01T09:50:00
237,nm0951019,2024-02-28T15:44:00
237,nm0703033,2023-11-04T02:22:00
237,nm0798328,2023-11-13T10:13:00
237,nm0724483,2024-07-15T00:08:00
237,nm0564972,2023-01-22T04:33:00
237,nm11931621,2023-11-11T07:28:00
238,nm0609216,2024-02-01T15:43:00
238,nm0467422,2023-10-28T15:35:00
238,nm0000023,2024-01-26T16:35:00
238,nm0314065,2023-05-17T15:55:00
238,nm3797855,2024-08-06T11:11:00
238,nm0726257,2023-04-15T05:27:00
238,nm0039148,2024-10-26T09:17:00
238,nm1286160,2024-02-12T06:26:00
238,nm0197384,2023-02-23T15:10:00
241,nm0257932,2023-08-06T20:21:00
241,nm0195626,2023-01-05T12:45:00
241,nm1752221,2023-08-26T04:38:00
241,nm0805797,2024-06-05T17:41:00
241,nm2056022,2023-02-04T04:55:00
241,nm0922927,2023-06-09T19:04:00
241,nm0000148,2023-04-28T05:19:00
241,nm0287098,2024-04-08T07:15:00
241,nm0306696,2024-05-11T14:30:00
242,nm0959897,2024-09-28T05:26:00
242,nm0659274,2023-02-09T08:44:00
242,nm2152569,2024-06-26T23:21:00
242,nm3039742,2024-01-17T22:17:00
242,nm0877760,2024-05-28T06:01:00
243,nm0209815,2023-10-02T17:59:00
243,nm0653580,2023-02-28T21:11:00
243,nm0046347,2023-06-03T19:32:00
243,nm1460167,2024-03-07T23:50:00
243,nm0224215,2023-04-17T03:00:00
243,nm0000999,2024-03-25T01:09:00
243,nm0605676,2024-10-16T05:13:00
244,nm0479530,2023-10-22T10:18:00
244,nm0672303,2023-02-18T17:17:00
245,nm0659427,2023-06-25T17:22:00
245,nm0507227,2023-12-02T10:34:00
245,nm0222394,2024-12-01T16:50:00
245,nm0031412,2023-05-23T03:25:00
245,nm1856217,2023-09-26T02:48:00
245,nm0048443,2024-07-25T01:43:00
245,nm2324301,2023-07-26T04:43:00
245,nm0002018,2024-03-15T06:55:00
245,nm1526504,2024-06-20T13:18:00
246,nm0696866,2023-09-12T18:17:00
246,nm0236202,2024-04-14T14:48:00
246,nm1546077,2023-01-06T11:18:00
246,nm1638333,2023-01-22T07:53:00
246,nm0754882,2023-05-24T13:49:00
247,nm2146189,2023-01-20T02:39:00
247,nm5370774,2023-07-03T08:37:00
247,nm0190800,2023-06-21T17:26:00
247,nm0624510,2024-05-25T01:14:00
247,nm0935498,2023-12-08T19:41:00
247,nm0477734,2023-08-21T14:58:00
247,nm0068599,2023-01-01T01:09:00
247,nm0011389,2023-12-14T01:05:00
247,nm0161275,2023-10-11T14:57:00
247,nm0176882,2023-03-19T22:36:00
249,nm0297713,2024-10-14T16:53:00
249,nm0397212,2024-04-15T06:30:00
249,nm0000734,2023-06-03T04:47:00
249,nm0724757,2024-11-14T11:08:00
249,nm3492152,2023-11-14T08:40:00
249,nm0244075,2023-09-15T13:24:00
249,nm0226970,2024-04-12T06:05:00
250,nm0001544,2023-04-28T01:07:00
250,nm6661244,2023-09-12T10:28:00
250,nm0736622,2024-05-07T21:35:00
250,nm0640474,2023-10-13T05:32:00
250,nm0350208,2024-02-21T20:28:00
250,nm4027655,2024-02-25T06:44:00
250,nm0819525,2024-12-10T23:28:00
250,nm9074055,2024-01-16T03:32:00
251,nm0117146,2024-06-07T04:54:00
251,nm0582420,2023-09-19T22:11:00
252,nm0809855,2023-12-25T10:03:00
252,nm0209095,2023-09-07T11:05:00
252,nm0845774,2023-11-23T06:13:00
252,nm0013749,2024-06-21T01:31:00
252,nm0407970,2023-04-07T02:58:00
252,nm2607735,2023-11-13T20:41:00
252,nm0071208,2023-02-02T21:19:00
253,nm0668361,2023-02-14T06:13:00
253,nm0001729,2023-05-25T07:29:00
253,nm0643105,2024-12-27T21:39:00
253,nm1293885,2024-01-05T04:53:00
253,nm0444321,2023-01-06T18:38:00
253,nm0437076,2024-07-16T22:36:00
253,nm0058503,2023-12-27T19:33:00
253,nm5710665,2023-03-22T03:10:00
255,nm0101350,2024-05-10T13:12:00
255,nm0765844,2024-02-19T10:43:00
255,nm0285376,2023-05-07T19:06:00
255,nm0456660,2023-05-03T03:33:00
255,nm0017488,2023-04-10T11:33:00
255,nm0216594,2024-01-01T05:24:00
255,nm0565907,2023-06-04T08:45:00
256,nm0036792,2024-05-15T13:45:00
256,nm0643105,2024-09-04T08:44:00
256,nm0730184,2023-01-25T21:32:00
256,nm2230865,2024-10-25T00:30:00
256,nm0329427,2024-03-26T18:33:00
256,nm0567945,2023-02-19T08:35:00
256,nm0001374,2023-04-25T05:11:00
257,nm1478028,2023-05-05T03:06:00
257,nm0108440,2024-12-03T15:15:00
257,nm3755732,2024-02-05T11:21:00
257,nm0862904,2024-05-15T07:18:00
257,nm0549134,2024-08-06T08:29:00
257,nm0805858,2023-09-08T01:13:00
257,nm4472964,2023-06-09T02:59:00
258,nm0751983,2024-07-28T12:42:00
258,nm1255246,2024-04-08T10:47:00
258,nm0883765,2024-06-12T23:21:00
258,nm0811940,2023-04-16T13:22:00
258,nm0545659,2024-02-24T13:06:00
258,nm0436442,2023-03-12T14:47:00
259,nm0855199,2023-06-27T22:38:00
259,nm0335070,2023-12-28T04:31:00
259,nm0311059,2023-11-15T23:47:00
259,nm10108368,2024-05-20T02:16:00
259,nm1091972,2023-10-22T13:11:00
259,nm0002070,2024-06-28T22:36:00
259,nm8995141,2024-08-15T20:01:00
259,nm0791805,2024-12-24T14:15:00
261,nm0281661,2024-11-23T23:33:00
261,nm0443511,2024-10-17T14:22:00
261,nm0510950,2024-09-11T02:25:00
261,nm0024666,2024-06-12T07:24:00
261,nm0001699,2023-01-15T16:15:00
261,nm0000822,2023-01-02T01:48:00
262,nm0243233,2023-03-17T05:33:00
262,nm0004571,2023-05-12T09:54:00
262,nm0378245,2023-03-06T23:24:00
263,nm0127677,2024-09-15T10:57:00
263,nm0852072,2023-07-17T16:58:00
263,nm0355621,2024-07-14T13:12:00
263,nm8530716,2023-06-06T19:47:00
263,nm0928207,2024-10-18T05:47:00
263,nm0000189,2023-02-24T16:43:00
263,nm0027566,2024-12-24T21:24:00
264,nm0533672,2023-02-25T11:50:00
264,nm0000224,2024-10-13T06:46:00
264,nm0818672,2023-06-10T00:21:00
264,nm0607554,2024-10-16T09:16:00
269,nm0859503,2024-09-12T21:13:00
269,nm0885203,2023-02-17T04:05:00
269,nm0743719,2024-07-21T18:37:00
271,nm1039212,2024-10-25T12:51:00
271,nm8247613,2023-06-12T02:12:00
271,nm3890763,2024-07-16T01:25:00
271,nm0933940,2023-12-11T06:21:00
271,nm1150321,2023-06-20T18:02:00
271,nm0622736,2024-04-19T21:48:00
271,nm0002070,2023-12-10T23:27:00
271,nm0588241,2024-09-25T18:31:00
271,nm0942833,2024-07-03T01:45:00
271,nm0001475,2023-06-14T04:11:00
275,nm0002285,2024-07-27T21:56:00
275,nm0561284,2024-11-15T22:08:00
275,nm0263775,2024-06-16T01:36:00
275,nm0769485,2024-12-28T01:41:00
275,nm0908022,2024-02-04T04:07:00
275,nm0882172,2023-06-03T03:57:00
275,nm1502216,2024-05-07T11:32:00
275,nm0466327,2024-05-05T16:20:00
276,nm0576793,2024-11-02T14:42:00
276,nm1461057,2024-09-08T23:24:00
276,nm1039877,2023-08-28T17:19:00
276,nm0736622,2024-06-25T11:04:00
277,nm0769485,2024-06-09T10:22:00
277,nm1883706,2023-06-16T03:41:00
278,nm0000970,2024-08-15T12:29:00
278,nm0000625,2024-08-21T01:19:00
278,nm2705775,2023-02-03T17:59:00
278,nm0065975,2024-04-15T20:45:00
278,nm0283945,2023-05-25T09:48:00
278,nm6727895,2023-09-05T20:25:00
278,nm0394533,2023-01-03T23:41:00
278,nm0490615,2023-02-11T04:54:00
279,nm0049414,2024-11-24T18:12:00
279,nm0723168,2024-07-10T01:14:00
279,nm0001032,2024-01-12T15:08:00
283,nm0959959,2023-05-07T11:20:00
283,nm0137079,2024-01-17T08:46:00
283,nm6314437,2024-09-04T02:13:00
283,nm0363515,2023-03-26T01:13:00
283,nm0593285,2023-12-27T23:04:00
283,nm0223038,2023-02-25T01:43:00
283,nm0282530,2024-07-27T12:28:00
283,nm0911976,2023-12-07T23:45:00
283,nm0651403,2024-09-15T07:14:00
283,nm0766212,2024-02-03T18:52:00
284,nm0773183,2023-06-04T17:53:00
284,nm2171157,2023-12-16T16:16:00
284,nm0034519,2023-08-19T10:42:00
284,nm0234118,2023-03-15T01:15:00
284,nm0481447,2023-05-02T01:53:00
284,nm0557678,2024-11-16T19:29:00
284,nm0215019,2024-02-26T23:51:00
284,nm0183918,2024-03-24T23:40:00
284,nm0856673,2024-01-02T14:38:00
286,nm1221055,2024-02-22T20:58:00
286,nm0000106,2023-04-05T14:30:00
286,nm0428089,2024-09-26T02:00:00
286,nm0335048,2023-02-25T06:20:00
286,nm0051036,2023-04-11T18:33:00
287,nm0296811,2023-09-14T06:48:00
289,nm0000572,2024-12-08T19:49:00
289,nm0060302,2023-12-08T14:56:00
289,nm0140895,2023-02-13T10:30:00
289,nm0024177,2023-07-10T13:08:00
289,nm0609216,2023-07-19T18:01:00
289,nm2589740,2024-04-10T19:45:00
289,nm1513736,2024-04-08T15:55:00
292,nm1067072,2023-05-16T00:54:00
292,nm1966361,2024-10-18T18:22:00
292,nm0001146,2024-04-07T04:13:00
292,nm0640495,2024-02-05T23:31:00
294,nm0920555,2024-10-21T18:54:00
295,nm8970013,2024-02-19T12:03:00
296,nm0817692,2024-06-13T20:43:00
297,nm0033152,2023-08-27T21:53:00
297,nm0044073,2023-10-28T21:53:00
297,nm0312575,2023-09-06T23:24:00
297,nm0128326,2023-01-13T18:54:00
297,nm0216220,2024-10-28T18:34:00
297,nm0077344,2024-02-16T19:03:00
297,nm0798611,2023-01-05T06:21:00
297,nm0282959,2024-09-05T13:41:00
297,nm0221527,2023-08-12T18:08:00
297,nm3802458,2024-11-24T04:34:00
298,nm0392442,2024-05-09T05:49:00
298,nm0150966,2024-12-07T13:06:00
298,nm0000435,2023-01-16T22:16:00
298,nm0445290,2023-09-06T21:36:00
298,nm1478028,2024-06-24T05:10:00
298,nm0868381,2023-01-21T03:39:00
298,nm0000377,2024-03-27T22:08:00
298,nm0716124,2024-09-09T13:44:00
298,nm0001388,2023-06-12T05:25:00
298,nm0012175,2024-05-11T18:54:00
302,nm0011490,2023-12-20T19:41:00
302,nm0782225,2024-04-12T14:06:00
302,nm0330195,2024-04-19T03:27:00
302,nm0284781,2024-10-01T23:10:00
302,nm3859237,2023-08-28T15:37:00
302,nm0000793,2023-10-28T11:27:00
303,nm0388166,2024-05-07T17:59:00
303,nm6856059,2023-11-21T02:21:00
303,nm0086926,2024-12-08T02:15:00
303,nm0297686,2024-09-22T15:59:00
303,nm0679959,2024-11-12T02:37:00
303,nm0041466,2023-10-26T17:40:00
303,nm0043035,2024-06-28T11:02:00
303,nm0342201,2024-01-05T19:28:00
303,nm5017775,2024-04-05T14:06:00
304,nm0372748,2024-06-24T19:21:00
304,nm0000945,2023-02-17T10:08:00
305,nm0094048,2024-09-24T10:44:00
305,nm0576017,2024-09-19T16:24:00
305,nm0000227,2024-10-02T10:01:00
305,nm4478296,2023-02-02T09:32:00
310,nm0297713,2023-07-27T16:23:00
310,nm1917069,2023-11-20T13:23:00
310,nm0320762,2023-02-17T03:22:00
310,nm0001491,2024-08-26T03:21:00
310,nm0727071,2023-10-06T05:37:00
310,nm0347656,2024-07-06T02:36:00
311,nm0899059,2023-03-17T02:16:00
312,nm0309395,2023-12-17T05:40:00
312,nm1092222,2023-02-20T02:29:00
312,nm0613787,2024-01-23T00:10:00
312,nm0305368,2024-06-16T12:27:00
312,nm0796119,2023-10-14T18:58:00
313,nm1082477,2023-01-14T02:36:00
313,nm0605252,2024-09-20T03:40:00
313,nm3718007,2023-12-03T16:48:00
313,nm0839146,2023-01-20T12:33:00
314,nm0143378,2024-08-08T07:04:00
314,nm2060799,2023-01-20T22:09:00
314,nm0849789,2024-08-25T21:09:00
314,nm1229213,2023-11-26T17:57:00
314,nm0000606,2024-07-25T17:03:00
318,nm0197950,2024-09-05T14:51:00
318,nm7802963,2024-08-09T17:55:00
318,nm0245427,2023-10-10T16:33:00
318,nm0752761,2023-03-22T06:14:00
318,nm0443016,2023-04-05T02:26:00
318,nm4311746,2024-03-16T11:01:00
319,nm0057450,2023-11-18T15:34:00
319,nm0096737,2024-07-01T04:37:00
319,nm0685174,2024-05-27T19:42:00
319,nm0497763,2023-07-25T18:30:00
319,nm0316708,2024-07-09T08:25:00
319,nm0039989,2024-03-04T00:19:00
319,nm0576536,2023-08-22T18:06:00
319,nm0005024,2023-12-25T10:03:00
319,nm0515556,2023-10-03T17:43:00
324,nm0166076,2023-10-18T02:46:00
324,nm0417552,2024-03-08T04:39:00
324,nm0290420,2024-05-15T19:21:00
324,nm0201089,2023-08-16T01:24:00
324,nm0477297,2024-07-27T01:56:00
324,nm7400175,2024-12-20T06:56:00
324,nm0239113,2024-09-11T23:41:00
324,nm0249931,2023-10-19T07:06:00
324,nm0431956,2024-11-25T06:31:00
324,nm0590747,2023-07-19T06:50:00
325,nm0001520,2024-10-21T15:11:00
325,nm0802463,2023-08-15T22:28:00
326,nm0876603,2023-12-04T03:29:00
326,nm0159300,2023-11-09T11:13:00
326,nm0782225,2024-05-19T04:08:00
327,nm1721185,2023-01-20T01:39:00
327,nm0448832,2023-10-13T11:10:00
327,nm2301662,2023-05-19T05:55:00
327,nm0943978,2023-02-16T11:04:00
327,nm0526714,2023-03-11T16:16:00
328,nm2083687,2024-04-14T08:53:00
328,nm0957050,2024-12-03T08:42:00
328,nm0336790,2024-03-21T21:13:00
328,nm0004462,2024-02-10T04:07:00
328,nm0002018,2024-06-14T01:56:00
328,nm0185819,2024-08-20T01:01:00
328,nm3001807,2024-10-15T12:56:00
328,nm0632653,2024-08-23T07:23:00
328,nm1286160,2024-03-06T00:46:00
328,nm0950867,2023-11-06T18:46:00
330,nm0738020,2023-02-14T10:06:00
330,nm0560757,2024-03-18T11:45:00
330,nm0209815,2024-06-19T02:55:00
330,nm3721677,2023-07-28T13:31:00
330,nm0001800,2023-03-17T19:23:00
330,nm0130955,2024-04-19T20:22:00
330,nm0375036,2023-03-19T01:02:00
330,nm2643206,2023-09-19T14:21:00
331,nm0816182,2023-07-27T00:29:00
331,nm0707425,2024-01-27T07:05:00
331,nm0478831,2023-09-12T09:08:00
331,nm2849656,2023-07-05T10:25:00
331,nm6236879,2024-03-09T12:08:00
332,nm0948989,2024-02-10T15:35:00
332,nm0836593,2023-12-01T09:25:00
332,nm0603646,2023-06-01T12:48:00
332,nm0653268,2023-09-01T01:52:00
332,nm0341431,2024-12-13T01:04:00
332,nm0859005,2024-12-02T14:07:00
332,nm0484641,2023-10-07T19:12:00
332,nm0957460,2024-11-23T00:33:00
332,nm0335562,2024-07-07T10:16:00
336,nm0521033,2023-05-19T06:03:00
336,nm8682292,2024-08-28T01:02:00
336,nm5144187,2023-08-17T22:17:00
336,nm0000559,2023-06-26T06:02:00
336,nm0872456,2024-05-18T02:44:00
336,nm0045420,2024-10-10T07:41:00
336,nm0637477,2023-07-09T20:03:00
336,nm0237693,2023-10-17T19:09:00
336,nm0569635,2023-01-10T21:03:00
337,nm0000708,2023-03-16T22:27:00
337,nm0087126,2023-10-06T13:44:00
337,nm0813691,2023-07-22T08:53:00
337,nm0001995,2023-08-09T02:27:00
337,nm2320107,2023-09-27T01:12:00
337,nm1807645,2023-07-17T16:08:00
337,nm0431956,2023-11-17T07:41:00
341,nm0151895,2024-11-07T15:16:00
341,nm0482273,2023-04-24T08:12:00
341,nm4456120,2024-12-20T19:16:00
341,nm0005517,2023-10-20T04:48:00
341,nm0863614,2023-03-25T09:35:00
341,nm0174682,2023-10-01T13:59:00
341,nm0109050,2023-04-10T22:09:00
341,nm0012121,2023-01-26T03:21:00
341,nm1586462,2023-05-15T17:59:00
342,nm0255990,2024-04-08T16:30:00
344,nm0772109,2023-11-06T16:41:00
344,nm0452128,2023-09-05T13:53:00
344,nm0390283,2024-07-08T23:35:00
346,nm0253463,2024-03-14T13:06:00
347,nm0001620,2024-07-02T03:10:00
347,nm0103797,2023-06-01T06:00:00
347,nm0041681,2023-12-12T03:12:00
347,nm0209634,2023-12-27T04:02:00
347,nm2755227,2024-06-25T06:30:00
347,nm1126657,2024-11-02T05:25:00
347,nm0795226,2024-08-23T15:06:00
347,nm1596088,2023-03-08T11:19:00
347,nm0417552,2024-09-24T04:13:00
347,nm0414090,2024-04-25T21:14:00
349,nm0760203,2024-10-05T02:07:00
349,nm0474238,2024-08-13T19:37:00
349,nm0602206,2024-08-19T12:08:00
349,nm0161500,2023-03-10T10:10:00
349,nm0825587,2024-01-02T05:50:00
351,nm0736332,2023-08-06T05:37:00
351,nm0871240,2023-03-27T04:38:00
351,nm2583927,2023-11-24T11:05:00
351,nm2034147,2024-04-02T19:53:00
351,nm0898962,2024-08-17T06:20:00
351,nm0001525,2024-11-19T04:13:00
351,nm0001080,2023-04-22T18:37:00
351,nm0566948,2023-01-14T02:16:00
351,nm0000327,2023-11-05T04:29:00
352,nm0393464,2024-10-12T11:32:00
352,nm9285200,2023-05-24T14:58:00
352,nm3437713,2023-12-12T22:00:00
352,nm0607897,2024-04-09T03:49:00
355,nm0361519,2023-11-26T14:13:00
355,nm0687735,2023-10-07T23:08:00
355,nm0290013,2023-09-12T03:23:00
355,nm0026563,2023-08-09T00:59:00
355,nm1728063,2023-03-14T20:01:00
356,nm0197656,2024-10-11T21:10:00
356,nm0492444,2024-05-21T13:41:00
356,nm2715532,2023-11-06T07:49:00
356,nm0632641,2023-01-09T01:57:00
356,nm0147757,2024-08-05T09:52:00
356,nm0000616,2023-03-22T01:04:00
356,nm0864243,2024-07-06T09:34:00
356,nm12984491,2023-06-19T07:02:00
356,nm0754241,2023-03-03T01:42:00
356,nm0819238,2023-03-19T09:30:00
357,nm8873343,2023-04-20T07:37:00
357,nm8273482,2024-01-12T06:48:00
357,nm0004571,2023-03-23T07:54:00
357,nm0001358,2023-10-14T19:17:00
357,nm0151342,2024-01-12T03:29:00
357,nm0633947,2024-07-10T03:17:00
357,nm0759757,2023-04-27T14:32:00
360,nm1202905,2024-11-01T16:13:00
360,nm0933232,2024-02-12T17:20:00
360,nm0505787,2024-12-06T21:34:00
360,nm0850680,2023-10-03T19:29:00
360,nm0177241,2023-11-20T19:28:00
360,nm0744094,2023-02-01T17:31:00
360,nm0707148,2024-08-11T13:28:00
360,nm0000834,2024-10-15T02:58:00
360,nm1821327,2023-12-01T19:06:00
360,nm1863944,2023-11-23T21:59:00
362,nm1127163,2024-05-08T16:47:00
362,nm0748973,2023-11-10T04:46:00
362,nm0493872,2024-07-28T02:55:00
362,nm2656786,2024-11-15T10:23:00
362,nm1299011,2023-11-19T23:37:00
362,nm0590906,2023-03-21T22:41:00
362,nm2034147,2023-06-13T21:17:00
362,nm0710490,2024-12-11T00:38:00
362,nm0815439,2024-02-01T08:30:00
364,nm1288160,2024-09-15T18:12:00
364,nm0654637,2023-11-20T00:23:00
364,nm1759785,2023-05-19T22:22:00
364,nm1018488,2024-12-02T18:06:00
364,nm1036104,2023-08-09T04:49:00
364,nm0001520,2024-12-15T20:11:00
364,nm0439344,2023-01-17T22:11:00
364,nm0054117,2023-10-13T19:41:00
364,nm0376535,2024-08-18T13:58:00
364,nm0819525,2024-06-05T09:42:00
366,nm0900062,2023-01-12T07:29:00
366,nm0626728,2024-07-23T21:49:00
366,nm0201538,2023-06-11T08:52:00
366,nm0529300,2023-01-23T07:53:00
366,nm0646010,2023-10-14T08:39:00
366,nm0382718,2023-03-19T16:16:00
366,nm0501697,2023-03-28T06:35:00
366,nm0161396,2024-01-16T17:46:00
366,nm0289953,2023-01-09T19:51:00
366,nm0001593,2024-11-10T14:53:00
367,nm1340318,2024-06-11T14:42:00
367,nm0295506,2024-05-20T16:17:00
367,nm0004936,2024-08-15T20:18:00
368,nm3381703,2024-10-14T10:25:00
368,nm0840531,2024-08-13T20:12:00
368,nm0465311,2023-07-28T11:50:00
368,nm0686375,2023-04-04T15:03:00
368,nm0490702,2023-09-13T15:51:00
369,nm0075655,2024-09-08T23:44:00
369,nm0787340,2024-09-07T23:25:00
369,nm0551667,2024-08-10T02:31:00
369,nm0116054,2023-02-18T04:08:00
369,nm0191408,2023-03-11T19:30:00
369,nm0435299,2024-10-03T14:35:00
369,nm0790018,2024-07-18T16:25:00
369,nm1937334,2024-10-15T06:33:00
369,nm6870300,2024-03-14T04:53:00
370,nm0001374,2024-07-07T09:00:00
370,nm0083280,2024-11-25T03:08:00
370,nm0438027,2023-09-15T04:57:00
370,nm0060289,2023-06-25T03:42:00
370,nm0446303,2023-03-16T11:22:00
370,nm0300010,2023-07-12T13:29:00
371,nm0698495,2024-03-03T07:15:00
371,nm0000951,2024-10-21T06:12:00
371,nm0544547,2024-07-13T16:15:00
371,nm0002082,2023-06-12T15:31:00
372,nm4942550,2023-03-18T19:31:00
372,nm0309348,2024-05-13T23:24:00
372,nm0738913,2023-01-11T07:06:00
372,nm0871240,2023-12-26T12:55:00
372,nm0137046,2023-12-08T19:01:00
372,nm0858776,2023-11-22T01:46:00
372,nm1571804,2024-06-19T21:52:00
372,nm0661541,2023-05-11T12:56:00
372,nm0871456,2023-06-28T19:01:00
374,nm0752761,2023-02-13T04:56:00
374,nm0042552,2024-06-27T20:10:00
374,nm6614856,2024-04-09T18:12:00
374,nm1752885,2023-11-20T20:38:00
374,nm3832268,2024-04-13T13:52:00
374,nm7424028,2024-01-13T22:30:00
377,nm0785664,2024-11-14T21:40:00
377,nm0435726,2023-03-22T11:43:00
378,nm1331849,2024-02-21T22:32:00
378,nm4240342,2024-05-15T03:47:00
378,nm6313315,2023-05-16T23:51:00
378,nm3437524,2023-02-02T19:10:00
378,nm0946670,2023-01-01T14:41:00
378,nm4311746,2024-12-03T20:48:00
378,nm0768641,2023-03-09T05:55:00
380,nm0328562,2024-12-03T17:42:00
380,nm0233937,2024-03-22T03:45:00
380,nm6980631,2024-10-27T00:08:00
380,nm0483279,2023-11-22T10:03:00
380,nm0429853,2024-12-10T00:05:00
380,nm0520601,2024-06-08T21:30:00
380,nm0438794,2023-03-21T15:59:00
380,nm0521937,2023-02-06T00:56:00
381,nm0001322,2024-10-07T19:04:00
381,nm0706220,2024-10-16T03:12:00
381,nm0130794,2024-09-20T19:07:00
381,nm9328837,2023-05-20T23:52:00
381,nm0441494,2023-11-25T06:20:00
381,nm1183178,2023-02-03T09:33:00
383,nm0182885,2024-03-24T03:35:00
383,nm0808189,2023-05-09T12:36:00
383,nm0216220,2024-10-19T02:38:00
383,nm0720890,2023-08-22T05:39:00
386,nm3533634,2024-03-26T02:37:00
386,nm0021541,2023-05-09T10:47:00
386,nm3930878,2024-08-04T09:24:00
386,nm1138805,2023-07-11T21:08:00
386,nm0304093,2023-03-20T02:25:00
386,nm0172385,2024-10-12T18:24:00
386,nm0041932,2023-12-16T08:09:00
386,nm0614526,2024-01-01T01:50:00
387,nm0505801,2023-04-24T23:29:00
387,nm0688384,2023-01-11T21:26:00
387,nm2064923,2024-11-15T23:44:00
387,nm0114460,2024-05-18T01:42:00
387,nm0045937,2024-06-11T23:23:00
387,nm0394631,2023-09-21T21:33:00
387,nm0000172,2023-01-03T11:30:00
387,nm0631741,2024-03-23T19:34:00
387,nm0160004,2023-03-02T18:24:00
387,nm0675579,2024-04-17T12:39:00
388,nm0221615,2023-10-06T14:50:00
389,nm0296809,2023-12-15T14:12:00
389,nm0305488,2023-05-07T15:27:00
389,nm0665550,2024-05-05T23:55:00
389,nm0197542,2023-02-09T03:33:00
389,nm0011244,2024-05-27T09:33:00
390,nm1533089,2024-02-16T22:28:00
390,nm0751426,2024-01-15T03:31:00
390,nm0919996,2023-09-12T05:58:00
390,nm3991275,2024-09-09T11:03:00
390,nm0000802,2024-10-09T23:36:00
390,nm0000482,2024-06-01T15:29:00
390,nm0271417,2024-01-05T12:22:00
390,nm0511862,2024-06-26T06:02:00
390,nm0292355,2023-01-14T10:10:00
391,nm0560756,2024-08-20T22:12:00
391,nm0000580,2023-03-10T09:08:00
391,nm4841645,2023-11-10T03:25:00
391,nm2051160,2024-09-10T20:03:00
391,nm0447305,2023-12-24T08:06:00
391,nm0827469,2024-05-08T00:53:00
391,nm0311136,2023-06-11T06:49:00
392,nm0885203,2024-01-12T18:58:00
392,nm0561284,2023-04-09T18:13:00
392,nm0147757,2023-01-25T00:12:00
392,nm1338476,2023-10-28T21:06:00
392,nm12530279,2023-10-22T05:38:00
392,nm2593369,2024-10-16T11:00:00
392,nm0000375,2024-10-01T01:50:00
392,nm0307986,2024-02-18T03:20:00
393,nm0765604,2024-08-01T23:52:00
393,nm0000403,2024-06-21T23:39:00
393,nm0001010,2023-09-15T09:38:00
393,nm0747857,2023-03-20T09:18:00
393,nm1573253,2024-12-26T14:56:00
393,nm0667542,2024-02-26T18:59:00
394,nm0099679,2024-10-27T16:59:00
394,nm2848782,2023-10-16T16:18:00
394,nm6815000,2024-03-17T21:34:00
394,nm0551429,2024-03-13T03:16:00
394,nm0150844,2023-05-23T04:10:00
395,nm6814999,2024-09-04T00:01:00
395,nm0654239,2024-08-13T22:16:00
395,nm1282927,2024-03-22T16:34:00
395,nm0000331,2024-06-18T10:27:00
395,nm0904371,2024-04-09T07:02:00
395,nm3991275,2024-09-05T08:08:00
396,nm0794190,2023-02-01T09:32:00
397,nm9333207,2024-11-17T13:28:00
397,nm0884876,2023-11-08T14:36:00
398,nm0212524,2024-05-06T07:19:00
398,nm0383022,2023-06-03T22:51:00
398,nm0629735,2024-09-10T21:33:00
398,nm0567756,2024-03-01T13:34:00
398,nm0200981,2024-04-11T06:55:00
398,nm0262725,2023-04-18T06:47:00
398,nm0729870,2024-05-19T07:56:00
398,nm0943978,2024-04-21T08:33:00
398,nm0159129,2023-11-06T23:12:00
400,nm0000658,2024-03-03T01:34:00
400,nm0336790,2023-07-17T23:09:00
400,nm2726899,2024-02-13T22:21:00
400,nm0696163,2023-01-09T07:20:00
400,nm0245072,2024-06-23T09:19:00
400,nm0752871,2024-06-24T07:01:00
400,nm2853059,2023-10-18T01:03:00
401,nm0003981,2024-11-14T15:53:00
401,nm5409151,2023-08-21T02:20:00
401,nm0392442,2023-10-26T05:58:00
401,nm0526286,2023-06-17T07:45:00
401,nm0181613,2024-07-09T18:51:00
401,nm2132671,2024-12-17T08:27:00
401,nm5935549,2023-09-06T22:21:00
401,nm4227649,2024-12-25T08:50:00
402,nm0293530,2024-05-16T06:56:00
403,nm0348314,2023-09-08T02:49:00
403,nm0308561,2024-11-06T09:51:00
403,nm0689461,2024-02-03T15:20:00
403,nm0267912,2023-03-10T04:40:00
403,nm0843038,2024-01-27T04:57:00
406,nm0280961,2023-07-03T19:43:00
406,nm0605288,2024-03-16T19:46:00
406,nm0197592,2024-05-03T10:44:00
406,nm0207637,2023-06-08T03:01:00
406,nm0182581,2023-05-09T18:59:00
406,nm2790265,2023-12-26T20:58:00
408,nm1638333,2023-11-16T16:49:00
408,nm0843762,2024-02-25T17:58:00
408,nm0029962,2024-03-25T19:37:00
408,nm0399685,2024-03-28T13:48:00
408,nm0000362,2023-08-01T04:51:00
408,nm0346102,2023-12-06T20:05:00
408,nm0971111,2024-01-03T14:49:00
408,nm0284781,2023-09-07T14:03:00
408,nm1370969,2023-03-17T03:48:00
409,nm0817021,2023-06-08T08:28:00
409,nm4422686,2024-04-11T09:17:00
409,nm0215938,2023-09-08T18:14:00
409,nm0484483,2024-04-13T07:45:00
409,nm0369202,2024-05-03T20:12:00
409,nm3371387,2023-05-06T03:10:00
410,nm0024710,2024-04-03T17:23:00
410,nm0451307,2023-06-15T11:57:00
410,nm0160085,2023-01-06T15:20:00
410,nm0014800,2024-08-03T03:29:00
410,nm0049852,2024-08-23T22:15:00
410,nm0030382,2024-08-18T10:32:00
412,nm0552683,2024-09-03T22:44:00
412,nm0124693,2024-12-12T20:58:00
412,nm0689990,2023-05-14T01:59:00
412,nm0895083,2024-07-24T12:29:00
412,nm0567449,2024-06-23T06:25:00
412,nm0863441,2023-04-02T22:20:00
413,nm0827469,2024-04-23T07:13:00
413,nm0143378,2024-10-23T15:31:00
413,nm0335789,2024-01-23T08:47:00
415,nm9667672,2023-03-27T20:26:00
415,nm0388183,2024-07-06T21:20:00
415,nm0815439,2024-11-26T01:21:00
415,nm3890987,2024-04-12T11:57:00
416,nm5144187,2024-11-05T08:08:00
416,nm0501256,2023-11-07T02:41:00
416,nm1127163,2024-09-04T00:37:00
416,nm0522205,2023-03-10T04:11:00
416,nm1796402,2024-10-13T12:16:00
416,nm0371660,2024-02-15T06:30:00
416,nm0585122,2023-02-14T14:29:00
416,nm1807222,2024-04-10T01:09:00
416,nm4081438,2024-07-10T11:33:00
416,nm0288304,2024-05-25T18:59:00
417,nm0047459,2023-03-21T09:06:00
417,nm0698128,2024-09-15T18:45:00
417,nm0471147,2023-06-05T11:13:00
417,nm0496932,2024-03-06T06:04:00
417,nm0605042,2023-09-07T03:00:00
417,nm3734898,2023-10-27T21:42:00
417,nm0732313,2023-03-01T06:08:00
417,nm0673403,2023-07-08T21:12:00
417,nm0003817,2024-10-15T20:31:00
417,nm0335070,2023-10-04T08:48:00
418,nm0284585,2024-10-07T03:24:00
418,nm0245859,2023-06-14T05:38:00
418,nm0297249,2024-07-07T11:31:00
418,nm0365480,2023-05-20T04:45:00
418,nm0622204,2024-09-08T15:48:00
419,nm0414531,2023-08-27T05:38:00
419,nm1115230,2023-05-14T00:59:00
419,nm0799527,2023-09-17T18:29:00
419,nm0014650,2024-04-18T19:17:00
419,nm2794671,2024-08-19T20:43:00
419,nm0637038,2023-02-02T13:23:00
419,nm0026379,2023-12-09T22:20:00
420,nm0856321,2024-09-22T23:55:00
420,nm0409779,2023-04-06T18:39:00
420,nm0301887,2023-03-16T04:12:00
420,nm0330195,2024-09-18T07:26:00
420,nm0793916,2023-06-11T01:28:00
420,nm0243924,2024-11-22T20:48:00
420,nm7740713,2024-10-25T23:54:00
420,nm1405398,2023-06-23T16:00:00
420,nm0004839,2023-06-13T07:02:00
422,nm0829576,2023-05-13T06:26:00
422,nm0742694,2023-12-09T22:30:00
422,nm2477873,2024-03-15T01:14:00
422,nm0149260,2023-07-02T07:27:00
422,nm1455681,2024-12-21T09:08:00
422,nm0001960,2024-05-05T04:22:00
422,nm1202905,2023-11-08T18:45:00
422,nm0070630,2023-11-16T22:35:00
422,nm0476442,2023-12-02T07:43:00
424,nm0285620,2024-07-17T21:49:00
424,nm0444208,2023-02-15T01:36:00
426,nm8873343,2023-11-04T08:27:00
426,nm0000622,2024-11-02T09:19:00
426,nm0491591,2023-11-12T05:00:00
426,nm0005110,2024-06-13T15:49:00
426,nm0000113,2023-07-24T05:39:00
426,nm0825134,2023-10-09T12:42:00
426,nm0870170,2024-01-22T10:33:00
426,nm0264781,2023-07-26T18:30:00
426,nm0273510,2024-09-03T17:10:00
427,nm0697438,2024-08-23T07:50:00
427,nm2351281,2024-11-21T19:15:00
427,nm0794918,2024-05-01T00:22:00
427,nm0005517,2024-09-05T21:36:00
429,nm1293885,2023-04-13T15:56:00
429,nm0544547,2024-07-14T19:27:00
429,nm0540441,2023-09-09T05:16:00
430,nm0000888,2024-12-25T16:45:00
430,nm1682614,2023-02-04T11:59:00
430,nm0088860,2024-06-23T06:04:00
430,nm0001740,2023-03-02T19:34:00
430,nm0948949,2023-03-15T10:07:00
430,nm0362522,2023-04-04T04:06:00
430,nm0874232,2024-06-20T06:16:00
430,nm1789084,2023-05-15T03:24:00
432,nm4343003,2024-11-08T16:36:00
432,nm0022663,2023-06-15T18:06:00
435,nm0852072,2023-02-18T15:28:00
436,nm2266795,2024-03-23T20:28:00
436,nm0041466,2024-06-19T08:18:00
436,nm0000628,2024-02-20T19:27:00
436,nm0000842,2023-11-06T16:24:00
436,nm0914246,2023-10-03T18:41:00
436,nm0882853,2024-06-07T06:51:00
437,nm0316596,2023-11-11T00:34:00
437,nm5050883,2023-12-27T03:20:00
437,nm0462572,2023-08-21T10:45:00
437,nm0117592,2024-12-18T04:47:00
437,nm0829717,2024-02-06T11:59:00
437,nm0844761,2024-02-17T12:08:00
437,nm0642912,2024-07-02T04:56:00
437,nm0766212,2024-09-01T03:32:00
438,nm0687029,2024-06-21T01:28:00
438,nm0399888,2023-06-15T00:49:00
438,nm0426062,2024-09-10T10:46:00
438,nm0551277,2024-09-01T02:43:00
438,nm0634663,2024-08-05T13:15:00
438,nm0660244,2024-07-06T16:40:00
439,nm9074055,2024-04-11T10:11:00
439,nm10458907,2023-08-04T00:07:00
440,nm0902299,2024-10-05T18:10:00
443,nm0654239,2023-06-25T22:51:00
443,nm0000225,2023-02-17T16:51:00
443,nm1748489,2024-06-13T20:31:00
443,nm0064988,2024-07-08T06:43:00
443,nm8504889,2023-04-17T15:23:00
443,nm1874644,2023-07-11T05:09:00
443,nm0174064,2024-01-24T23:59:00
443,nm3603873,2023-02-10T12:32:00
443,nm0337894,2024-09-27T04:12:00
443,nm0759826,2024-05-24T20:04:00
444,nm4667834,2024-07-18T06:22:00
446,nm0699631,2023-02-04T19:21:00
446,nm0691170,2024-11-14T20:40:00
446,nm0560451,2024-07-14T17:49:00
446,nm1605198,2024-02-22T22:46:00
446,nm0000382,2023-04-21T02:39:00
446,nm0234581,2024-03-22T04:13:00
446,nm0738452,2023-08-06T05:10:00
446,nm0197689,2024-07-21T00:04:00
446,nm2258892,2024-09-16T02:53:00
447,nm1293885,2023-07-04T16:28:00
447,nm3240434,2023-04-22T10:59:00
447,nm2411088,2023-08-28T04:16:00
447,nm0621901,2024-04-19T17:08:00
447,nm0004767,2023-06-15T15:54:00
447,nm3875218,2024-01-09T17:51:00
448,nm0919623,2024-03-28T00:50:00
448,nm1402751,2024-11-05T00:44:00
448,nm9331937,2024-12-11T08:51:00
448,nm0731995,2023-10-22T06:38:00
448,nm4987843,2023-04-05T22:07:00
451,nm0059847,2024-02-16T18:47:00
451,nm5788570,2023-05-23T18:29:00
451,nm2446283,2023-05-19T16:07:00
457,nm0286225,2024-12-03T04:22:00
457,nm0866055,2023-01-14T08:08:00
457,nm4568834,2023-11-27T01:10:00
457,nm0692391,2024-06-27T17:49:00
457,nm1896168,2023-04-23T08:21:00
459,nm0883484,2023-10-04T03:33:00
459,nm4125906,2024-11-02T13:48:00
460,nm0176638,2024-09-23T07:16:00
460,nm0268047,2023-04-22T01:44:00
460,nm0206141,2023-12-24T18:15:00
460,nm0758151,2023-11-19T22:51:00
460,nm0023832,2024-03-13T06:38:00
463,nm2776304,2023-06-02T02:26:00
463,nm0317224,2024-12-19T21:35:00
463,nm3013596,2023-07-04T07:52:00
464,nm0513521,2023-03-21T20:02:00
464,nm0164883,2024-05-26T17:25:00
464,nm0381211,2023-02-08T16:48:00
464,nm0301224,2023-07-18T08:41:00
464,nm0031981,2023-03-13T07:15:00
464,nm0424453,2024-06-07T16:41:00
465,nm0005251,2024-01-11T06:21:00
465,nm0457215,2024-10-19T16:50:00
465,nm0632770,2023-02-12T23:38:00
465,nm0138980,2024-01-17T20:22:00
465,nm0868456,2023-06-04T13:51:00
465,nm0043041,2024-10-12T19:04:00
466,nm0761133,2023-01-12T18:15:00
466,nm0558089,2024-02-11T23:25:00
466,nm1936366,2024-02-23T07:39:00
466,nm0637681,2024-09-28T08:49:00
466,nm0000110,2023-10-01T05:57:00
466,nm1693022,2023-05-17T07:23:00
466,nm1324105,2023-06-26T10:48:00
467,nm7087538,2023-10-06T22:34:00
467,nm0407514,2023-05-27T10:44:00
467,nm0827663,2023-09-12T03:04:00
467,nm0000764,2024-05-04T06:13:00
467,nm3130001,2024-01-09T22:15:00
467,nm0478915,2023-02-11T06:37:00
467,nm1065585,2023-06-27T09:06:00
469,nm6636296,2023-01-03T01:15:00
469,nm0915618,2024-04-13T14:04:00
469,nm1024677,2023-05-16T17:14:00
469,nm0413559,2023-10-18T05:06:00
469,nm1318578,2023-12-20T02:12:00
469,nm0001364,2024-07-21T03:18:00
470,nm0800074,2024-01-16T06:09:00
470,nm0005043,2023-01-13T13:21:00
470,nm0001812,2023-10-15T09:48:00
470,nm0054060,2024-10-13T05:44:00
470,nm2947657,2023-07-27T00:43:00
470,nm0609182,2023-10-03T07:37:00
470,nm0636071,2024-05-25T12:26:00
470,nm0027810,2023-04-13T05:04:00
470,nm0937245,2023-04-11T13:15:00
475,nm0232592,2023-04-16T14:31:00
475,nm3228504,2024-03-19T11:33:00
475,nm1118632,2023-09-19T19:09:00
475,nm0000846,2024-05-21T11:17:00
475,nm0153481,2023-08-01T03:07:00
475,nm2984377,2024-06-17T23:33:00
475,nm0001777,2024-03-20T22:24:00
476,nm0631147,2023-06-26T20:51:00
476,nm1822659,2023-09-25T17:36:00
476,nm0421397,2024-03-03T16:35:00
476,nm0151606,2024-01-23T04:06:00
476,nm0502458,2024-12-07T18:34:00
476,nm4278486,2024-07-05T12:56:00
476,nm2205170,2023-10-03T18:48:00
479,nm0591300,2023-05-10T21:25:00
479,nm0918763,2023-12-28T13:50:00
479,nm0005568,2024-10-12T13:52:00
479,nm0759826,2024-08-08T00:58:00
481,nm0336335,2023-02-26T09:19:00
481,nm0144579,2024-05-01T18:51:00
481,nm0379274,2023-08-13T04:36:00
481,nm1091972,2023-09-27T20:22:00
482,nm0476097,2024-06-22T10:20:00
482,nm2664499,2024-10-24T11:49:00
482,nm0301165,2024-02-01T08:09:00
482,nm9343856,2024-07-21T21:16:00
482,nm0633041,2024-04-11T11:21:00
482,nm0400117,2023-07-21T17:08:00
482,nm1036570,2024-12-06T09:48:00
486,nm0713614,2024-01-19T11:43:00
486,nm1326319,2024-08-09T10:49:00
486,nm0329828,2023-09-19T18:46:00
486,nm3162825,2024-05-24T20:43:00
486,nm2105946,2024-12-13T07:08:00
486,nm0575198,2024-08-04T04:05:00
486,nm0848251,2024-10-07T16:00:00
486,nm0192050,2024-01-01T17:46:00
486,nm0764134,2024-09-01T06:02:00
488,nm0384060,2024-11-12T11:16:00
488,nm0867894,2024-05-12T00:12:00
488,nm0997990,2024-07-10T10:12:00
488,nm0887110,2024-11-20T19:40:00
488,nm0536821,2023-09-08T09:47:00
488,nm5152213,2024-07-02T12:35:00
488,nm0054117,2023-05-04T11:31:00
490,nm0556739,2023-10-05T11:20:00
490,nm0476560,2023-08-07T20:44:00
490,nm0059852,2023-06-13T05:40:00
493,nm0346745,2024-11-18T18:39:00
493,nm0000450,2024-11-15T05:03:00
493,nm0119664,2024-12-27T16:30:00
493,nm0948989,2024-11-16T18:13:00
495,nm0692586,2024-07-21T17:14:00
495,nm0077277,2024-05-13T09:02:00
495,nm0193632,2024-11-14T06:09:00
495,nm0846407,2024-10-24T01:41:00
495,nm0915913,2023-05-23T09:58:00
495,nm0002079,2024-08-16T08:32:00
495,nm0466304,2024-12-27T18:50:00
495,nm0751426,2024-06-12T12:06:00
495,nm0857620,2024-02-18T22:56:00
495,nm0022652,2023-04-21T05:05:00
496,nm8974904,2024-12-22T05:14:00
496,nm0940047,2024-11-19T23:13:00
497,nm4866661,2024-02-25T13:47:00
497,nm0744349,2023-07-07T12:07:00
497,nm0006737,2024-07-23T13:13:00
498,nm0467422,2023-11-13T16:49:00
498,nm0266674,2023-11-01T10:25:00
498,nm0082306,2023-09-03T08:03:00
498,nm0001642,2024-11-03T02:44:00
498,nm0249893,2023-01-07T16:54:00
498,nm11450628,2024-01-15T18:47:00
498,nm0390469,2024-04-07T16:57:00
498,nm0001421,2024-06-16T19:52:00
498,nm0354947,2023-12-25T19:37:00
498,nm0475054,2024-11-12T16:32:00
501,nm0011038,2024-11-03T14:35:00
501,nm0000649,2023-06-13T22:02:00
501,nm0567498,2023-11-09T02:47:00
501,nm0018872,2024-12-03T02:41:00
501,nm0335141,2024-05-11T16:20:00
501,nm0763072,2024-07-09T22:06:00
502,nm0717603,2024-06-13T18:40:00
502,nm0667542,2024-09-05T07:51:00
502,nm1356741,2023-04-18T17:37:00
502,nm0483907,2024-10-17T16:15:00
502,nm0920607,2023-01-16T06:08:00
502,nm0026379,2024-08-14T04:10:00
503,nm0304097,2023-03-03T10:28:00
503,nm0029908,2023-12-22T03:25:00
503,nm10394724,2023-10-26T13:17:00
503,nm0886731,2023-12-06T04:29:00
503,nm0744199,2024-08-17T02:07:00
503,nm0037816,2023-07-18T21:49:00
503,nm0594076,2024-09-20T16:37:00
503,nm0226583,2024-03-01T17:26:00
504,nm0946083,2024-11-14T13:50:00
504,nm0554370,2023-08-04T13:00:00
504,nm2591822,2024-10-12T00:49:00
505,nm0529265,2023-04-08T20:08:00
505,nm0843115,2024-10-23T14:40:00
506,nm4210844,2023-06-10T21:15:00
506,nm0037816,2024-03-13T07:51:00
506,nm3289187,2024-02-06T08:06:00
506,nm0284814,2023-07-04T06:55:00
506,nm6679012,2023-09-26T20:27:00
506,nm0241484,2024-07-03T00:37:00
506,nm0001058,2024-12-04T14:36:00
506,nm0464475,2023-01-04T05:38:00
507,nm0001233,2024-06-10T08:34:00
507,nm0962476,2023-02-11T22:54:00
507,nm0156955,2023-12-17T11:00:00
507,nm0001788,2023-12-23T22:59:00
507,nm1365307,2023-12-06T06:33:00
507,nm0336770,2024-09-01T18:56:00
507,nm0521919,2024-11-22T08:07:00
508,nm0290190,2023-12-26T12:36:00
508,nm0725891,2024-10-21T21:42:00
508,nm0655870,2024-08-19T22:11:00
508,nm0193632,2023-12-13T04:47:00
508,nm0253463,2023-04-04T00:44:00
508,nm0002035,2023-09-15T23:08:00
508,nm0001006,2024-04-23T06:13:00
510,nm0521955,2024-04-01T11:53:00
510,nm4176504,2023-05-16T08:34:00
510,nm2853059,2024-04-11T18:30:00
510,nm2257318,2023-09-02T02:32:00
510,nm0959959,2024-08-06T01:43:00
510,nm0096470,2023-09-20T16:57:00
510,nm0001024,2023-06-25T18:03:00
511,nm0796119,2024-08-20T05:21:00
511,nm0000605,2024-08-01T19:19:00
511,nm0001041,2024-04-17T01:59:00
511,nm0551062,2024-09-28T18:59:00
514,nm1031014,2023-01-15T11:51:00
514,nm3172179,2023-07-25T18:46:00
515,nm1181610,2024-06-17T05:48:00
515,nm0767194,2024-01-15T22:29:00
518,nm0585461,2024-08-20T18:25:00
518,nm0382900,2024-09-28T20:31:00
518,nm0170969,2023-10-18T12:54:00
518,nm0015904,2024-01-22T15:51:00
518,nm0802276,2023-08-01T10:48:00
518,nm0603875,2023-08-11T18:13:00
520,nm1279870,2024-08-16T05:30:00
520,nm0451422,2023-09-08T08:05:00
520,nm0052532,2024-04-08T00:39:00
520,nm0151334,2024-12-03T22:24:00
520,nm0600120,2024-01-09T10:15:00
520,nm3741799,2023-06-12T23:36:00
520,nm0088098,2024-01-10T15:14:00
520,nm0099366,2024-05-01T20:39:00
523,nm0665850,2024-10-15T17:30:00
523,nm0198030,2023-12-04T11:58:00
523,nm1788932,2023-08-10T16:24:00
523,nm0161198,2024-07-01T05:00:00
523,nm0269102,2024-03-01T07:45:00
523,nm9460174,2023-10-03T22:54:00
523,nm0488814,2024-12-13T10:23:00
523,nm0040014,2024-01-22T17:44:00
523,nm0392447,2024-09-22T14:57:00
523,nm0516286,2023-09-20T14:24:00
525,nm3951511,2024-10-09T03:49:00
525,nm0919798,2024-10-04T12:42:00
525,nm0175700,2024-07-15T12:43:00
525,nm0573790,2023-02-07T03:35:00
527,nm0493691,2024-12-13T06:23:00
527,nm2433700,2024-10-19T03:41:00
527,nm0000134,2024-05-11T16:36:00
527,nm3663776,2024-04-08T19:50:00
527,nm0059905,2023-05-25T08:54:00
527,nm1658459,2023-03-07T07:44:00
527,nm0113632,2024-03-22T22:43:00
527,nm5688376,2023-09-14T03:40:00
527,nm0244151,2024-08-18T08:51:00
528,nm0000447,2023-04-24T12:31:00
528,nm0920607,2024-03-16T18:52:00
529,nm0206097,2023-02-16T03:57:00
529,nm0004692,2024-02-04T12:14:00
532,nm3021826,2024-04-10T03:23:00
532,nm0392976,2024-11-12T06:23:00
532,nm1143861,2023-07-01T19:38:00
532,nm2057461,2024-07-05T13:16:00
532,nm0351133,2024-11-01T06:03:00
532,nm0910278,2024-04-28T07:01:00
533,nm0370411,2023-08-23T19:31:00
533,nm0163748,2023-03-14T14:22:00
533,nm0030153,2024-10-24T05:53:00
534,nm0657891,2023-10-28T20:38:00
534,nm0232627,2024-04-14T17:25:00
534,nm0089217,2023-08-02T09:42:00
534,nm0569891,2023-03-17T20:13:00
534,nm0000970,2024-12-03T19:35:00
534,nm0690743,2023-12-26T20:56:00
534,nm0243017,2023-09-10T20:47:00
534,nm0903567,2023-07-13T00:03:00
534,nm0003104,2023-12-03T04:45:00
534,nm0665003,2023-02-02T00:32:00
535,nm0032198,2023-07-24T14:07:00
535,nm0002114,2024-08-11T22:01:00
535,nm0856074,2024-11-24T05:03:00
535,nm0849863,2024-06-03T11:50:00
538,nm9229144,2024-01-21T18:03:00
540,nm1666600,2023-02-28T10:54:00
541,nm0277556,2024-10-19T07:12:00
543,nm1927212,2023-02-01T10:42:00
543,nm0908468,2023-02-25T22:57:00
543,nm0507212,2024-12-17T10:04:00
544,nm2187603,2024-08-04T16:47:00
544,nm0452361,2023-05-14T03:25:00
544,nm0150944,2024-01-28T13:30:00
544,nm1981105,2024-07-05T00:10:00
544,nm0213446,2024-09-20T07:25:00
544,nm0950830,2024-09-21T14:13:00
546,nm0000897,2024-11-05T16:33:00
546,nm2849223,2024-08-26T05:53:00
546,nm7802963,2023-01-28T00:13:00
546,nm3636232,2023-03-15T10:48:00
546,nm1241914,2023-11-03T07:29:00
546,nm0218461,2024-12-11T03:41:00
546,nm0656428,2023-01-02T07:29:00
546,nm0047487,2024-02-08T10:52:00
546,nm1585676,2024-09-13T05:53:00
547,nm0949876,2023-02-11T01:43:00
547,nm0400923,2024-10-23T20:58:00
547,nm0000105,2024-07-19T05:40:00
547,nm0213446,2024-02-06T20:18:00
547,nm0592625,2024-10-14T21:17:00
547,nm0678933,2024-04-02T11:20:00
549,nm2358432,2023-12-06T19:43:00
549,nm1202905,2024-09-15T06:39:00
549,nm0144045,2023-05-28T12:51:00
549,nm0709545,2024-10-14T23:46:00
549,nm0706608,2023-03-18T19:19:00
549,nm0001288,2023-02-18T17:55:00
549,nm1340318,2024-05-26T03:44:00
550,nm0771493,2024-05-23T17:12:00
550,nm5768023,2023-09-16T11:31:00
550,nm0545659,2023-12-05T01:10:00
550,nm0024529,2024-04-05T18:58:00
550,nm0512960,2024-12-14T16:16:00
550,nm0041932,2023-07-24T07:19:00
550,nm0533599,2023-03-11T03:18:00
550,nm0298843,2024-10-01T07:24:00
550,nm0862904,2024-04-22T01:33:00
550,nm3707003,2024-07-21T22:35:00
551,nm0001948,2023-03-11T23:28:00
551,nm0138879,2024-10-05T05:57:00
551,nm0112492,2024-09-06T03:52:00
551,nm3889821,2024-04-23T10:08:00
551,nm0003224,2024-05-10T04:31:00
551,nm9331937,2024-05-26T19:27:00
551,nm0460808,2024-07-15T01:42:00
554,nm0000294,2024-02-13T17:53:00
554,nm4451790,2023-06-11T06:36:00
554,nm1896168,2024-09-21T00:58:00
554,nm4987843,2024-11-11T06:38:00
554,nm0143549,2023-07-02T13:27:00
555,nm0829270,2023-09-09T03:15:00
555,nm0794425,2023-09-14T08:55:00
555,nm0464522,2023-07-17T12:11:00
555,nm3506633,2024-12-05T02:00:00
555,nm0400005,2024-08-04T18:06:00
555,nm0291694,2023-04-15T08:53:00
557,nm1555535,2023-07-03T04:23:00
557,nm0073426,2024-10-09T02:58:00
557,nm0761836,2023-05-25T23:06:00
557,nm0001959,2023-11-18T08:14:00
558,nm1594999,2024-12-03T15:37:00
558,nm1035356,2024-08-12T10:26:00
558,nm1275795,2024-08-27T14:45:00
558,nm0326599,2023-10-04T06:03:00
558,nm0582551,2023-06-22T12:37:00
558,nm1395349,2023-12-19T00:35:00
559,nm2958109,2023-06-07T15:16:00
559,nm0076702,2023-10-09T03:04:00
559,nm0232976,2023-08-22T09:21:00
559,nm0019996,2024-09-03T18:47:00
559,nm0094048,2024-04-10T01:54:00
559,nm0000153,2024-01-23T03:59:00
559,nm0320762,2023-07-09T21:11:00
559,nm3160575,2023-12-22T12:00:00
559,nm2951316,2023-04-22T23:39:00
561,nm0174725,2023-05-06T13:12:00
561,nm2984377,2023-09-09T10:04:00
561,nm0522789,2023-08-04T10:26:00
561,nm0516652,2023-08-18T13:45:00
561,nm0096835,2024-09-18T14:29:00
561,nm0871143,2023-04-11T16:24:00
561,nm0644574,2023-03-05T22:18:00
561,nm0320721,2024-04-21T14:02:00
561,nm0002079,2024-09-24T17:47:00
561,nm2981021,2024-04-12T02:43:00
562,nm0333026,2023-08-25T07:47:00
562,nm0000968,2023-06-02T01:12:00
562,nm0438960,2024-03-01T18:05:00
562,nm0004757,2024-12-27T23:39:00
562,nm0002769,2023-10-23T22:30:00
562,nm0584541,2023-10-10T03:08:00
562,nm0346087,2024-01-03T01:47:00
562,nm0140865,2023-02-10T06:39:00
562,nm1342455,2023-04-13T07:21:00
562,nm2003067,2024-02-21T10:31:00
563,nm0001965,2023-02-01T05:37:00
563,nm0620657,2024-02-21T23:07:00
563,nm0783327,2024-10-03T13:38:00
563,nm0762455,2023-09-17T01:46:00
564,nm0511614,2023-08-01T18:01:00
564,nm0001359,2023-12-18T16:35:00
564,nm0006737,2024-01-11T15:14:00
564,nm0706499,2024-10-14T14:00:00
564,nm0219939,2023-08-28T22:14:00
564,nm1678637,2024-07-13T02:25:00
564,nm3097097,2024-06-16T06:46:00
564,nm0694112,2024-07-26T22:32:00
569,nm0803370,2024-02-22T17:12:00
569,nm2008580,2023-11-11T12:11:00
569,nm0743516,2023-07-20T07:55:00
569,nm0869121,2024-08-27T20:31:00
569,nm5843593,2023-05-27T13:09:00
571,nm1143861,2024-04-13T04:43:00
571,nm0606519,2024-03-15T17:59:00
571,nm2639092,2024-11-01T20:09:00
571,nm9039885,2023-06-22T15:11:00
571,nm0556209,2024-11-06T09:23:00
573,nm0451148,2024-12-13T11:40:00
573,nm1667376,2024-11-11T01:22:00
574,nm0676131,2023-02-16T08:25:00
574,nm0601111,2023-11-12T05:05:00
574,nm0784878,2024-10-12T07:22:00
574,nm0174725,2023-01-19T00:50:00
574,nm0497362,2023-03-05T08:45:00
574,nm0868711,2024-10-27T20:06:00
574,nm0276008,2023-07-03T04:32:00
575,nm0137664,2023-11-14T05:04:00
575,nm0507849,2023-10-10T23:23:00
576,nm0957372,2024-07-05T01:44:00
576,nm0279963,2023-09-18T12:31:00
576,nm2849785,2024-10-11T01:32:00
577,nm0788009,2024-06-05T06:38:00
577,nm0926475,2024-05-14T21:34:00
577,nm0659394,2023-12-05T20:44:00
578,nm0654648,2023-07-19T13:08:00
578,nm0000478,2024-04-06T21:52:00
578,nm0783317,2024-02-10T00:13:00
578,nm0000799,2024-12-18T08:31:00
578,nm0322345,2024-01-19T07:00:00
578,nm0543350,2024-12-12T03:55:00
578,nm0324735,2024-07-13T20:55:00
580,nm4278486,2024-11-08T23:20:00
581,nm0584393,2024-03-01T11:30:00
581,nm0005105,2024-11-13T07:54:00
581,nm0004095,2023-02-11T09:16:00
581,nm0641938,2024-12-12T04:13:00
581,nm0076702,2023-08-09T15:08:00
581,nm0004748,2024-10-19T11:02:00
581,nm1732448,2023-02-05T10:57:00
581,nm1920701,2023-01-14T05:18:00
581,nm0033152,2023-12-24T15:31:00
584,nm10712988,2024-08-26T18:05:00
584,nm0368762,2023-09-20T22:31:00
585,nm0245705,2023-04-17T07:29:00
585,nm1784581,2024-04-12T13:30:00
586,nm0753479,2023-01-01T09:40:00
586,nm0162541,2024-12-23T16:13:00
586,nm0741454,2024-11-21T05:06:00
586,nm0026035,2024-11-15T18:11:00
586,nm0894340,2023-06-04T21:08:00
586,nm4278486,2024-07-26T03:39:00
586,nm0014873,2024-06-27T07:12:00
586,nm0899821,2023-01-15T18:43:00
586,nm0866658,2023-01-14T22:57:00
587,nm0444621,2023-09-26T16:56:00
588,nm0006763,2024-10-14T02:14:00
588,nm0370848,2023-03-12T17:32:00
588,nm0959959,2024-08-27T02:59:00
588,nm0385277,2023-05-12T18:55:00
588,nm0133719,2023-03-06T09:55:00
588,nm0005283,2024-03-07T12:34:00
588,nm0167649,2024-01-23T20:37:00
588,nm0002138,2023-02-20T17:34:00
588,nm9229144,2023-07-22T18:39:00
588,nm1402751,2023-04-01T08:03:00
590,nm0684952,2023-09-15T09:06:00
590,nm2320107,2023-10-09T20:09:00
590,nm0457048,2023-06-13T17:44:00
590,nm0001080,2024-08-22T18:50:00
590,nm4635205,2024-12-23T17:11:00
590,nm0307752,2023-07-06T21:14:00
591,nm0687560,2024-07-23T20:05:00
591,nm0590906,2023-08-23T19:25:00
591,nm0036792,2023-08-10T22:25:00
591,nm0597840,2024-12-24T07:46:00
591,nm0167028,2024-10-08T17:54:00
591,nm3361199,2023-09-19T18:38:00
595,nm0603586,2024-05-21T16:56:00
595,nm0158078,2023-02-03T06:02:00
595,nm0190384,2023-02-12T22:39:00
595,nm3578827,2024-06-21T06:50:00
595,nm0000518,2023-09-20T17:40:00
595,nm0709478,2024-08-11T19:20:00
595,nm0006369,2024-10-24T12:35:00
595,nm0000604,2023-12-03T18:05:00
595,nm0000708,2023-05-07T05:56:00
595,nm0025308,2024-09-23T12:08:00
596,nm0567706,2024-09-28T17:33:00
596,nm0707148,2023-02-12T02:05:00
596,nm0027683,2024-07-15T01:28:00
596,nm8579236,2024-05-08T01:09:00
596,nm0937629,2023-04-14T07:16:00
596,nm0756150,2023-11-21T13:36:00
596,nm0005441,2023-02-08T01:15:00
596,nm2131243,2023-06-21T08:33:00
598,nm4000255,2024-12-21T05:44:00
598,nm0921303,2023-10-24T00:35:00
599,nm0607194,2024-11-17T15:37:00
599,nm0586346,2024-08-05T20:23:00
599,nm0883013,2024-03-02T01:00:00
599,nm0001041,2023-10-19T05:03:00
599,nm0492373,2024-11-18T14:38:00
601,nm0884852,2024-02-17T05:24:00
601,nm0509454,2024-03-06T06:35:00
601,nm0103242,2024-11-15T06:24:00
601,nm0005327,2023-04-26T18:50:00
601,nm0760045,2023-02-19T14:29:00
601,nm0607375,2024-07-20T13:53:00
601,nm0607703,2024-08-23T03:20:00
604,nm0000800,2023-07-04T18:33:00
604,nm0000197,2023-03-10T10:20:00
604,nm0467017,2024-02-08T17:06:00
604,nm0001559,2023-09-02T21:52:00
604,nm0715731,2023-12-28T13:50:00
605,nm0113769,2023-12-08T15:40:00
605,nm0486742,2023-06-07T22:22:00
605,nm0548277,2023-08-14T02:41:00
605,nm0485509,2024-08-20T17:24:00
605,nm1039212,2024-03-07T19:23:00
605,nm0734000,2023-06-23T14:00:00
605,nm0682698,2024-07-02T07:41:00
605,nm0943978,2023-02-28T00:17:00
605,nm1055590,2023-03-08T11:29:00
606,nm0000527,2024-09-24T02:14:00
606,nm0123201,2024-08-14T12:46:00
606,nm0001055,2023-03-08T22:44:00
606,nm1141886,2023-11-14T16:09:00
606,nm3663669,2024-05-24T13:40:00
606,nm0421105,2024-09-17T07:15:00
606,nm2411682,2023-12-15T18:24:00
607,nm0187981,2024-12-03T03:19:00
607,nm0001773,2023-09-11T14:57:00
607,nm1371911,2024-08-02T15:58:00
607,nm2372412,2023-05-14T04:24:00
607,nm2114169,2023-04-27T10:02:00
607,nm0370886,2023-01-27T13:09:00
607,nm1799679,2023-11-13T00:33:00
607,nm3872839,2023-01-06T23:57:00
607,nm1440023,2024-10-14T08:38:00
611,nm0022306,2023-12-07T20:07:00
611,nm1822808,2024-11-09T02:49:00
611,nm1425099,2023-01-16T12:24:00
611,nm0943553,2024-09-16T08:29:00
611,nm0434712,2024-10-10T07:25:00
611,nm0664005,2023-05-25T15:52:00
611,nm0613357,2023-08-27T01:34:00
611,nm0115429,2024-04-13T04:22:00
613,nm1682573,2023-03-20T15:51:00
613,nm0000022,2023-10-19T15:40:00
613,nm0451600,2024-06-22T15:12:00
614,nm0564841,2023-10-20T03:13:00
614,nm0440758,2024-02-28T14:36:00
614,nm0600508,2024-04-21T21:23:00
616,nm4472964,2023-01-05T06:32:00
616,nm1927212,2024-04-08T15:02:00
616,nm1819083,2024-03-08T22:11:00
616,nm7814940,2023-03-15T13:57:00
616,nm0000161,2024-04-19T10:36:00
618,nm0583857,2023-11-11T11:18:00
618,nm0001641,2024-06-03T23:58:00
618,nm0766046,2023-02-03T07:38:00
618,nm0894734,2024-05-14T19:02:00
618,nm0001135,2024-10-20T04:47:00
618,nm0014519,2024-01-06T13:25:00
618,nm3013596,2024-07-03T19:27:00
618,nm0730635,2024-05-19T00:09:00
620,nm8054627,2023-01-24T02:44:00
620,nm0337872,2024-11-14T08:23:00
620,nm5855663,2023-05-13T01:29:00
620,nm0336500,2024-11-24T10:32:00
620,nm3209720,2024-05-21T05:17:00
620,nm0000677,2024-03-08T00:20:00
620,nm0943978,2024-07-05T16:16:00
624,nm0713999,2024-03-03T02:52:00
624,nm0022652,2024-07-24T06:59:00
624,nm1293885,2024-01-14T18:03:00
624,nm0001595,2023-04-20T16:36:00
624,nm0914396,2024-02-19T07:44:00
624,nm0001620,2024-04-26T10:40:00
624,nm0825587,2024-05-21T19:31:00
625,nm0956544,2023-01-09T08:18:00
625,nm1978998,2023-06-21T01:58:00
625,nm0033152,2024-04-11T23:18:00
625,nm0588777,2023-05-06T01:00:00
625,nm0938893,2023-07-20T01:22:00
625,nm1115878,2023-03-28T01:29:00
626,nm0000706,2024-02-16T09:42:00
626,nm1828251,2023-12-24T03:40:00
626,nm0097842,2024-04-14T22:09:00
626,nm6852394,2023-02-08T04:24:00
626,nm0031981,2023-11-04T18:06:00
626,nm0373324,2023-03-21T19:08:00
626,nm0357718,2024-05-18T15:20:00
626,nm0934618,2024-05-07T05:21:00
626,nm0636466,2024-10-18T09:34:00
626,nm0003492,2023-06-12T10:39:00
628,nm0001357,2024-06-09T05:08:00
628,nm0144307,2024-10-23T06:27:00
628,nm0754584,2024-06-15T06:27:00
629,nm0643518,2024-07-18T03:46:00
629,nm0231315,2024-04-15T06:08:00
629,nm0939909,2023-05-21T04:47:00
629,nm1032916,2023-02-08T14:59:00
629,nm0001633,2023-03-03T03:51:00
629,nm2126101,2023-08-23T16:29:00
630,nm0001366,2024-01-16T05:46:00
630,nm0485729,2024-12-09T20:58:00
630,nm0214914,2024-12-07T16:09:00
630,nm0548228,2023-01-13T10:53:00
630,nm0192050,2023-03-15T00:38:00
630,nm0065888,2024-02-20T02:04:00
630,nm1040735,2023-10-19T14:20:00
632,nm1133364,2023-04-20T05:51:00
632,nm0073318,2024-08-12T12:43:00
632,nm0656768,2023-07-09T03:12:00
632,nm0504492,2024-05-07T19:16:00
632,nm3065061,2023-06-18T07:37:00
632,nm1141161,2024-05-27T01:29:00
637,nm0515758,2023-02-16T16:20:00
637,nm0783327,2024-07-01T20:11:00
637,nm4745723,2023-04-22T06:07:00
637,nm2205170,2024-06-05T00:23:00
637,nm0945474,2024-07-26T19:37:00
640,nm0232319,2023-01-17T10:45:00
640,nm0532458,2023-03-07T15:40:00
640,nm1817619,2023-08-20T11:54:00
640,nm0227003,2023-01-23T08:01:00
640,nm0320219,2024-02-05T20:43:00
641,nm0124279,2023-06-21T02:15:00
641,nm0358373,2023-03-12T20:46:00
642,nm1655689,2024-11-26T18:41:00
642,nm0645568,2024-01-17T22:57:00
642,nm0690432,2024-10-01T12:13:00
642,nm4451790,2023-06-25T03:26:00
642,nm0275423,2023-05-03T15:29:00
642,nm0905901,2024-02-18T09:38:00
642,nm1552050,2023-07-05T22:26:00
643,nm1129289,2023-06-01T16:14:00
643,nm0140914,2023-07-19T17:46:00
643,nm7088459,2023-09-16T03:28:00
643,nm0000454,2024-03-28T13:47:00
647,nm0634389,2024-04-14T17:24:00
647,nm9743839,2024-08-27T04:11:00
647,nm0161701,2024-08-08T03:20:00
652,nm0904371,2024-01-11T22:30:00
652,nm0038355,2024-08-06T05:46:00
652,nm0724483,2023-05-12T19:51:00
652,nm1234132,2024-12-09T02:05:00
652,nm0054253,2023-09-16T16:44:00
652,nm0225255,2023-08-20T10:09:00
652,nm1794735,2023-12-16T07:47:00
652,nm0099054,2024-09-06T17:47:00
652,nm0457502,2024-05-27T13:50:00
653,nm0311589,2023-05-27T18:40:00
653,nm0559326,2023-04-21T11:38:00
653,nm8436122,2023-05-09T02:55:00
653,nm0001032,2023-06-02T13:51:00
658,nm0870204,2023-11-04T07:35:00
658,nm0696038,2023-08-15T00:16:00
658,nm0448654,2023-02-22T22:21:00
658,nm0280242,2024-07-28T10:30:00
658,nm0423866,2023-09-20T22:02:00
658,nm0755974,2023-11-17T16:55:00
658,nm4591498,2023-11-18T18:48:00
658,nm0146905,2024-05-22T18:51:00
659,nm0764852,2024-11-26T15:50:00
660,nm9244403,2023-12-22T11:11:00
660,nm0191408,2024-05-14T04:06:00
660,nm0000197,2023-02-09T07:30:00
660,nm6657551,2023-01-11T09:57:00
660,nm0006725,2023-02-26T05:43:00
663,nm1013240,2023-12-14T01:59:00
663,nm0516266,2023-03-03T06:48:00
663,nm0165101,2024-04-04T11:26:00
663,nm1405391,2023-09-10T17:39:00
663,nm2431367,2023-06-25T15:58:00
663,nm0005080,2023-08-04T12:34:00
663,nm0000469,2023-10-19T06:55:00
663,nm0117146,2024-04-24T16:16:00
664,nm0255544,2023-03-13T19:22:00
664,nm1461130,2024-11-11T01:54:00
664,nm0709905,2024-03-23T20:38:00
664,nm0264390,2024-12-18T05:01:00
664,nm3664211,2023-08-07T17:36:00
664,nm2994552,2024-04-11T19:13:00
664,nm0292159,2023-11-28T12:13:00
667,nm0293614,2024-05-23T21:45:00
667,nm7044108,2023-08-09T17:05:00
667,nm3650447,2024-05-22T13:13:00
667,nm1139455,2023-02-07T04:19:00
667,nm0163939,2023-02-22T07:39:00
667,nm3023631,2024-08-15T16:54:00
668,nm1244100,2024-10-05T20:11:00
668,nm0451228,2024-12-26T05:20:00
668,nm1797657,2024-02-22T07:15:00
668,nm0670481,2023-09-22T22:40:00
668,nm0513299,2024-07-03T12:22:00
669,nm1204924,2023-08-06T07:00:00
669,nm0490240,2024-11-13T20:11:00
669,nm1446215,2024-06-17T22:22:00
669,nm0001673,2023-05-10T17:03:00
669,nm0526729,2024-10-02T16:02:00
669,nm0306696,2023-02-06T13:58:00
669,nm0005080,2023-04-11T04:03:00
669,nm0915618,2024-09-17T08:34:00
669,nm9460174,2024-09-06T21:54:00
669,nm0001416,2023-10-22T23:57:00
672,nm0307752,2023-01-16T02:53:00
672,nm0581909,2024-03-09T01:19:00
672,nm0507212,2023-08-09T00:50:00
672,nm0648164,2023-12-07T21:24:00
672,nm0168939,2023-12-26T01:41:00
673,nm4461361,2024-04-02T01:59:00
673,nm0884561,2024-06-16T06:11:00
673,nm1235455,2024-10-12T07:50:00
673,nm0000450,2024-10-24T08:01:00
673,nm0035877,2023-10-19T10:12:00
675,nm1436884,2023-06-05T04:15:00
675,nm0804775,2023-02-27T02:46:00
675,nm0255695,2023-11-15T07:04:00
675,nm0004571,2024-11-10T09:56:00
675,nm0599824,2024-10-21T02:31:00
675,nm0955471,2023-08-17T19:06:00
675,nm0001228,2023-12-13T07:52:00
675,nm0622553,2024-10-25T00:27:00
675,nm0159407,2024-05-26T13:52:00
676,nm0395004,2023-05-04T17:45:00
677,nm2726899,2024-11-02T08:12:00
677,nm0001404,2024-04-10T07:27:00
677,nm1115863,2023-08-20T11:00:00
681,nm0631104,2024-08-03T05:16:00
681,nm0019609,2023-10-19T09:41:00
681,nm0393464,2024-08-10T02:13:00
681,nm0000543,2023-02-23T05:17:00
682,nm0000225,2024-09-04T17:51:00
682,nm0687560,2023-04-18T23:31:00
682,nm0425005,2024-01-25T13:42:00
682,nm0001772,2023-08-18T18:05:00
682,nm0309395,2024-02-10T21:28:00
682,nm0157805,2023-10-10T15:41:00
682,nm3472571,2023-07-25T20:27:00
684,nm0514922,2023-02-20T06:20:00
684,nm0066134,2023-05-26T23:12:00
685,nm0918763,2024-07-02T08:37:00
685,nm0794425,2024-07-10T13:34:00
685,nm0855225,2024-04-18T07:46:00
685,nm3505886,2023-01-14T11:29:00
685,nm0210116,2023-10-13T20:27:00
686,nm0910571,2024-04-10T13:25:00
686,nm3971648,2023-04-07T03:59:00
686,nm3147745,2024-03-04T01:57:00
686,nm0005392,2024-01-08T06:34:00
686,nm2656786,2024-09-01T20:43:00
686,nm0003508,2023-05-12T08:42:00
686,nm2358153,2023-05-04T08:39:00
686,nm6096879,2023-02-14T07:53:00
687,nm0596294,2023-06-27T08:50:00
687,nm0131974,2024-09-12T22:42:00
687,nm0089029,2023-09-14T12:59:00
688,nm0001358,2024-05-08T01:54:00
688,nm0629634,2024-02-25T16:36:00
688,nm0826944,2023-04-12T10:54:00
688,nm0483048,2024-04-05T16:01:00
693,nm0634749,2024-04-25T00:29:00
693,nm0495947,2023-04-02T07:31:00
693,nm0277229,2023-01-24T18:41:00
693,nm9331940,2024-03-22T04:14:00
694,nm0174064,2023-07-25T02:25:00
694,nm0756917,2024-07-20T23:42:00
694,nm0095741,2024-11-23T11:06:00
696,nm0172604,2023-12-05T23:45:00
696,nm2958109,2023-09-13T06:14:00
696,nm0676194,2024-07-13T11:50:00
696,nm11621213,2023-10-19T15:12:00
696,nm1391090,2023-02-09T15:47:00
696,nm0829717,2024-01-22T13:43:00
696,nm2446283,2023-05-19T04:26:00
696,nm0001890,2024-05-09T07:55:00
697,nm0002013,2024-10-06T16:44:00
697,nm0918763,2024-04-13T23:28:00
697,nm0668391,2023-01-15T14:58:00
697,nm0354947,2024-08-27T18:56:00
697,nm1119913,2024-05-22T02:27:00
697,nm0891998,2024-02-21T11:28:00
697,nm0004906,2023-03-20T18:33:00
697,nm0709905,2023-06-18T12:29:00
697,nm4549848,2024-03-26T17:16:00
697,nm0049852,2023-04-06T19:25:00
698,nm0010958,2023-08-25T20:02:00
698,nm0233107,2024-07-17T23:17:00
698,nm0564841,2023-10-13T15:54:00
698,nm0428086,2024-10-04T10:00:00
698,nm3195039,2024-12-28T11:16:00
699,nm1565197,2023-02-14T00:31:00
699,nm0590747,2023-08-16T13:12:00
699,nm3195039,2023-04-05T11:52:00
699,nm0131612,2023-04-06T00:30:00
699,nm0290394,2024-03-16T20:29:00
702,nm0292355,2023-09-06T01:25:00
702,nm0381211,2024-05-02T03:41:00
702,nm0898869,2023-07-26T16:44:00
702,nm0029962,2024-11-04T22:56:00
702,nm0209409,2023-10-16T10:22:00
702,nm0314328,2024-10-22T07:43:00
702,nm0441494,2024-05-15T00:40:00
702,nm0334150,2023-02-03T00:04:00
702,nm0001730,2023-11-02T13:37:00
705,nm0149192,2023-01-04T06:18:00
705,nm2515968,2024-12-19T12:16:00
705,nm0572813,2024-11-23T08:43:00
705,nm0308127,2024-10-10T20:39:00
706,nm0132035,2024-10-19T09:44:00
706,nm0001191,2024-03-07T10:46:00
706,nm0084761,2024-08-06T17:46:00
706,nm0030194,2024-04-21T13:26:00
707,nm0565887,2024-10-03T18:35:00
709,nm0849477,2024-01-11T19:18:00
709,nm0193160,2023-06-16T15:57:00
709,nm0954704,2023-01-26T02:05:00
709,nm0533692,2023-04-07T11:44:00
709,nm0659274,2023-09-11T01:31:00
709,nm3012064,2024-01-03T14:48:00
710,nm2755227,2023-01-19T16:58:00
710,nm2134327,2023-08-03T20:50:00
712,nm0004979,2024-07-28T03:34:00
712,nm0292841,2024-02-09T04:30:00
712,nm0908124,2023-01-01T16:00:00
712,nm0388166,2024-03-26T00:44:00
712,nm0021691,2024-05-24T00:30:00
712,nm0001428,2024-07-10T20:43:00
712,nm0001524,2024-08-15T02:11:00
712,nm0252111,2024-02-11T19:40:00
712,nm0001388,2023-01-13T01:07:00
712,nm1126338,2023-07-17T12:57:00
713,nm1560116,2023-02-20T12:47:00
714,nm1134945,2023-10-05T10:21:00
714,nm0070858,2024-07-24T08:57:00
714,nm0001773,2023-10-02T07:47:00
714,nm0507460,2024-04-13T16:05:00
714,nm0504492,2024-07-09T06:02:00
715,nm4913654,2023-07-21T04:18:00
716,nm0642230,2024-06-07T17:26:00
716,nm0501256,2024-04-19T05:13:00
716,nm0809095,2023-11-21T13:50:00
716,nm2656786,2024-08-23T03:20:00
716,nm0057370,2023-02-06T23:58:00
716,nm0279069,2024-02-24T02:05:00
716,nm0192035,2024-02-16T11:06:00
716,nm0494815,2023-03-04T23:49:00
719,nm1552841,2024-10-14T19:44:00
719,nm0068873,2024-10-11T23:47:00
719,nm0594381,2024-02-26T13:26:00
719,nm0640908,2024-08-14T20:49:00
719,nm0017044,2024-09-06T11:05:00
719,nm0001719,2024-04-04T07:10:00
719,nm0536799,2024-03-11T00:33:00
719,nm5240345,2024-10-18T19:07:00
719,nm0897716,2023-10-08T07:23:00
719,nm3907392,2024-05-17T16:24:00
720,nm0560091,2024-12-13T11:59:00
720,nm0400923,2023-02-22T13:25:00
720,nm0559144,2023-08-18T13:02:00
720,nm0573715,2023-01-01T23:00:00
720,nm0442873,2024-05-10T12:17:00
720,nm2256659,2024-11-02T08:00:00
720,nm0000189,2023-07-18T21:44:00
720,nm0911542,2024-09-05T16:21:00
720,nm0001445,2024-01-27T03:05:00
721,nm0799402,2024-01-16T05:00:00
721,nm0265562,2024-06-22T22:12:00
721,nm0000286,2024-05-27T15:24:00
723,nm6001666,2023-06-13T22:57:00
723,nm1817887,2024-06-15T21:42:00
723,nm0938893,2024-05-09T20:31:00
723,nm0067391,2023-03-24T10:19:00
723,nm0104526,2023-12-10T08:54:00
723,nm0580959,2023-08-05T07:59:00
725,nm0255562,2024-08-14T23:40:00
725,nm0009349,2024-04-03T22:49:00
725,nm0920607,2024-09-25T12:47:00
725,nm2432930,2023-09-25T13:15:00
725,nm0249893,2024-08-20T17:07:00
725,nm0001615,2024-07-16T16:45:00
725,nm0443016,2024-10-12T06:26:00
725,nm0741454,2024-11-26T03:03:00
725,nm0013741,2023-02-16T17:31:00
725,nm0559977,2023-12-28T02:43:00
727,nm0591877,2023-10-14T10:43:00
727,nm0265761,2024-10-27T12:05:00
727,nm0065777,2024-11-05T21:07:00
727,nm0887463,2024-07-01T20:13:00
728,nm0773183,2023-12-12T08:42:00
728,nm0283311,2024-02-16T13:13:00
728,nm0002064,2024-04-12T05:27:00
728,nm0300122,2024-12-23T12:03:00
728,nm1708414,2024-07-06T23:02:00
729,nm0297908,2023-04-23T17:13:00
729,nm0684770,2023-10-27T13:39:00
729,nm0341558,2024-08-11T23:57:00
729,nm0123688,2024-12-13T21:12:00
731,nm0098959,2023-04-13T07:39:00
731,nm0162911,2023-07-13T10:20:00
731,nm0919798,2024-05-20T22:33:00
731,nm2325602,2023-08-08T19:49:00
731,nm0586418,2023-03-16T03:06:00
731,nm0001196,2024-12-26T02:31:00
731,nm2910093,2024-10-04T18:59:00
731,nm3971648,2024-11-26T07:16:00
731,nm0671496,2024-10-27T02:16:00
732,nm0595040,2023-07-27T10:47:00
732,nm1153218,2024-05-11T01:08:00
732,nm0109050,2023-01-23T04:32:00
732,nm1735332,2024-03-12T03:15:00
732,nm1560201,2023-03-04T17:14:00
732,nm6109970,2024-01-24T12:44:00
732,nm0069770,2023-08-04T22:18:00
732,nm2193504,2024-11-13T18:47:00
732,nm0389298,2023-04-08T06:24:00
732,nm0410968,2023-11-23T08:21:00
734,nm0815359,2023-12-26T15:28:00
735,nm3459140,2024-07-28T22:17:00
735,nm0188133,2024-01-20T18:19:00
735,nm0159129,2023-01-17T00:32:00
735,nm0444784,2024-10-15T19:37:00
735,nm0000909,2023-11-09T01:46:00
736,nm0006669,2023-09-15T03:55:00
736,nm0183764,2023-04-08T20:59:00
736,nm0578979,2023-02-01T21:35:00
736,nm0126960,2023-11-15T22:25:00
736,nm0950009,2023-07-25T20:27:00
736,nm0650153,2023-06-01T13:37:00
736,nm0002025,2024-09-20T16:08:00
736,nm0611458,2024-12-19T19:37:00
736,nm0314305,2024-02-09T00:09:00
738,nm0220706,2024-04-16T12:33:00
738,nm0128573,2023-02-19T19:40:00
738,nm0585257,2023-12-01T05:47:00
738,nm1452229,2024-06-06T23:40:00
738,nm0765368,2024-08-18T08:52:00
738,nm0668361,2024-08-20T19:50:00
738,nm0885673,2023-08-17T07:41:00
738,nm10930429,2024-08-12T19:29:00
738,nm5857646,2024-09-06T21:03:00
739,nm0688467,2023-09-01T11:56:00
739,nm0957372,2024-03-06T07:49:00
740,nm0001859,2024-05-08T00:37:00
740,nm0614165,2023-10-08T22:47:00
740,nm1085986,2023-02-23T09:13:00
740,nm1012515,2024-02-16T10:28:00
740,nm0182688,2023-12-04T18:59:00
742,nm0222473,2023-04-21T10:53:00
742,nm0166452,2024-09-02T08:19:00
742,nm0603882,2024-10-02T06:27:00
742,nm2558355,2024-07-25T01:11:00
742,nm5267820,2023-03-24T05:25:00
742,nm0001647,2023-07-01T14:46:00
742,nm9285200,2024-02-24T17:21:00
743,nm0251654,2024-09-20T01:09:00
744,nm0165808,2024-07-15T22:04:00
745,nm0004839,2023-06-15T08:30:00
745,nm0615223,2023-12-10T12:55:00
745,nm0256628,2023-03-19T07:22:00
753,nm0302565,2024-09-14T03:03:00
753,nm0004692,2023-06-08T17:24:00
755,nm0843401,2024-11-14T13:11:00
755,nm0580959,2023-01-25T00:35:00
755,nm0308642,2024-11-06T18:47:00
755,nm0566783,2023-08-22T13:32:00
755,nm1772845,2023-10-11T01:46:00
755,nm0281955,2024-10-27T05:59:00
757,nm1715257,2023-07-21T11:27:00
757,nm0575974,2023-07-03T08:32:00
758,nm4725798,2024-08-14T10:26:00
758,nm2356938,2024-07-02T00:48:00
758,nm4115744,2023-02-23T05:17:00
758,nm0817038,2024-07-27T18:16:00
758,nm0659394,2024-07-07T04:50:00
758,nm0791805,2023-07-05T17:20:00
758,nm0507708,2023-01-18T14:41:00
759,nm0605453,2024-03-13T22:21:00
760,nm2906761,2023-05-01T11:57:00
760,nm0146905,2023-07-08T19:31:00
760,nm0920555,2024-08-03T12:32:00
760,nm2253764,2023-01-14T17:14:00
760,nm0195235,2023-12-26T00:09:00
760,nm0512357,2024-01-09T02:12:00
760,nm0882853,2024-09-06T18:33:00
760,nm0823614,2024-04-25T20:35:00
760,nm0660244,2024-04-23T18:27:00
761,nm0497763,2024-11-28T14:00:00
761,nm0910400,2024-06-03T22:02:00
761,nm0000869,2023-09-03T23:52:00
761,nm0720381,2023-12-05T20:32:00
762,nm0279036,2024-03-05T02:40:00
762,nm0043875,2024-01-23T07:17:00
762,nm1731478,2023-09-09T04:30:00
762,nm0000733,2023-12-16T10:49:00
762,nm0276008,2024-05-02T16:30:00
762,nm0550615,2024-11-25T05:20:00
762,nm0000321,2023-06-02T20:43:00
762,nm0064988,2023-03-24T20:10:00
762,nm0869088,2024-08-26T11:12:00
762,nm0001488,2024-04-16T22:53:00
763,nm0149051,2023-02-16T01:11:00
763,nm0034475,2024-08-08T06:20:00
763,nm0768747,2023-06-22T02:49:00
763,nm0354754,2024-04-20T14:09:00
763,nm0865372,2023-11-01T11:18:00
763,nm0001162,2023-11-21T07:04:00
763,nm0587401,2023-12-04T17:30:00
763,nm0136555,2024-12-07T12:01:00
764,nm8995141,2023-01-23T04:03:00
764,nm0895761,2024-09-11T15:01:00
764,nm0155362,2024-10-14T23:45:00
764,nm0816669,2023-03-17T18:31:00
764,nm0869852,2023-12-08T19:41:00
766,nm0000616,2024-04-23T07:43:00
766,nm1402751,2023-04-21T04:56:00
766,nm0767194,2023-12-27T13:10:00
766,nm0606730,2023-07-20T04:21:00
766,nm0874092,2023-08-25T04:30:00
768,nm0223266,2024-04-12T18:40:00
768,nm0001813,2023-07-19T11:06:00
768,nm0611524,2024-06-24T04:37:00
769,nm0488467,2023-11-22T13:15:00
769,nm1585676,2023-11-16T17:12:00
769,nm0114175,2024-08-01T06:33:00
769,nm0133880,2024-12-21T15:34:00
769,nm1031817,2024-05-23T04:56:00
770,nm0002016,2024-04-19T06:11:00
770,nm0088725,2023-02-18T05:53:00
770,nm0137967,2023-01-28T01:01:00
770,nm0407756,2023-06-27T23:55:00
770,nm0310704,2024-07-03T03:45:00
770,nm0864326,2024-11-23T21:49:00
770,nm0197647,2024-04-13T10:35:00
770,nm0252244,2023-03-28T22:44:00
771,nm0148061,2023-11-28T17:38:00
771,nm0766046,2024-04-27T02:35:00
771,nm0197963,2023-08-05T12:10:00
771,nm0512357,2024-11-12T07:06:00
772,nm0642221,2024-07-27T04:18:00
774,nm0317369,2023-01-18T18:35:00
774,nm1648016,2023-07-13T22:20:00
774,nm0751917,2024-04-18T16:36:00
774,nm0001482,2023-07-09T01:48:00
774,nm0446314,2024-07-17T06:25:00
774,nm0148061,2024-09-02T01:00:00
774,nm1544100,2024-03-07T10:25:00
775,nm0447782,2023-10-06T00:12:00
775,nm0336790,2024-03-11T08:15:00
775,nm3420151,2023-05-02T01:48:00
776,nm3832268,2023-01-06T01:41:00
776,nm0907404,2023-11-01T13:21:00
776,nm0005221,2023-11-04T23:52:00
776,nm2636108,2024-05-22T03:53:00
776,nm0730533,2023-04-28T20:13:00
776,nm0021456,2023-02-13T09:35:00
776,nm0249931,2023-01-27T22:00:00
776,nm0663854,2024-03-04T07:19:00
776,nm0301556,2024-01-16T06:21:00
778,nm3431007,2023-06-02T05:38:00
780,nm0879006,2024-06-12T07:49:00
780,nm0320988,2023-07-01T00:09:00
780,nm0940579,2023-08-13T16:17:00
780,nm0262725,2023-01-08T00:07:00
782,nm0001836,2024-05-09T22:13:00
782,nm0004980,2024-11-23T00:19:00
782,nm0783879,2024-10-19T21:25:00
782,nm0336489,2024-06-22T18:15:00
783,nm2643206,2023-03-27T05:17:00
784,nm0195547,2024-11-17T07:01:00
784,nm4478296,2023-01-16T13:26:00
784,nm0705707,2023-07-01T13:16:00
784,nm5114849,2023-10-20T23:52:00
784,nm0142746,2023-10-09T18:46:00
784,nm1862701,2023-12-28T15:45:00
784,nm1566068,2024-05-06T17:36:00
784,nm15702829,2023-11-16T11:29:00
785,nm1941219,2023-07-28T12:40:00
785,nm0096338,2023-09-11T11:00:00
785,nm0000098,2023-10-14T06:32:00
785,nm0842421,2023-09-08T21:08:00
785,nm0000471,2024-01-10T20:51:00
785,nm2560043,2023-03-28T15:05:00
785,nm5659833,2024-04-14T17:53:00
785,nm0000670,2023-11-19T12:01:00
786,nm0000514,2024-09-25T18:58:00
786,nm0097840,2024-03-14T14:44:00
786,nm0795226,2023-02-26T20:54:00
790,nm0854124,2024-05-14T04:45:00
790,nm0479772,2024-05-06T16:53:00
790,nm2959502,2023-10-27T18:47:00
790,nm0245072,2023-07-18T22:30:00
790,nm0411028,2023-06-01T07:35:00
790,nm2848559,2023-05-16T09:53:00
790,nm6856066,2023-12-13T11:18:00
790,nm2453597,2024-03-05T05:46:00
790,nm0001745,2023-03-11T13:56:00
792,nm0905311,2023-03-11T15:28:00
792,nm0447305,2024-08-02T12:29:00
792,nm3907555,2024-03-21T02:53:00
792,nm0659146,2024-12-04T15:34:00
792,nm0005551,2024-05-10T19:04:00
792,nm0000811,2023-09-15T13:31:00
792,nm0260020,2024-02-22T22:13:00
792,nm0814280,2024-01-27T03:37:00
792,nm3016653,2024-05-17T09:20:00
792,nm1053055,2024-05-26T21:04:00
793,nm0767562,2023-11-09T03:44:00
793,nm0849586,2024-12-06T11:59:00
793,nm0029456,2024-02-08T11:26:00
793,nm0324553,2023-12-07T18:13:00
793,nm0001011,2024-07-13T06:06:00
793,nm1120236,2023-08-18T08:21:00
793,nm1546272,2023-06-14T12:42:00
793,nm0102078,2024-01-22T00:26:00
793,nm0308881,2023-06-28T01:28:00
793,nm0913880,2024-04-26T18:51:00
794,nm0094326,2023-12-01T14:18:00
794,nm0000413,2023-07-04T21:51:00
794,nm1443527,2024-03-26T19:43:00
797,nm0022264,2023-04-23T17:42:00
797,nm0856321,2023-10-07T07:32:00
797,nm0821282,2023-06-12T21:55:00
797,nm0192024,2024-04-27T13:45:00
797,nm0798328,2024-01-14T23:34:00
797,nm2201753,2023-12-09T13:20:00
800,nm0637789,2023-02-08T00:51:00
800,nm0111379,2023-11-15T10:31:00
800,nm3162144,2024-10-11T13:29:00
800,nm0194234,2024-05-07T10:53:00
800,nm0051036,2023-09-24T10:05:00
800,nm5816685,2023-04-08T23:24:00
800,nm0816457,2024-06-25T21:41:00
800,nm2591755,2024-07-07T02:06:00
801,nm0768178,2023-04-05T03:22:00
801,nm3371540,2024-02-18T01:50:00
801,nm2889417,2023-06-24T03:58:00
803,nm0000189,2023-03-14T20:04:00
803,nm0165101,2024-12-23T09:17:00
803,nm0068886,2024-07-02T13:40:00
803,nm0653826,2024-10-20T15:55:00
803,nm9508265,2024-02-23T02:46:00
803,nm3125742,2023-04-06T02:09:00
803,nm0512003,2024-12-14T02:33:00
803,nm0001697,2023-03-21T10:34:00
805,nm0150926,2024-01-14T20:02:00
805,nm4637088,2024-09-23T10:36:00
805,nm0659274,2024-08-18T15:34:00
805,nm0056763,2024-12-16T04:19:00
805,nm0846616,2023-09-19T12:37:00
805,nm0792758,2024-12-26T04:30:00
805,nm0503122,2024-09-04T15:16:00
806,nm1431656,2023-02-03T13:44:00
806,nm1990515,2023-09-09T06:21:00
806,nm0378200,2023-05-14T14:41:00
806,nm1248730,2023-08-14T08:19:00
806,nm5871829,2023-04-07T04:56:00
806,nm0428216,2023-06-11T15:49:00
806,nm0673592,2024-07-09T23:33:00
806,nm0336335,2023-01-22T17:46:00
806,nm0430870,2024-04-05T02:24:00
808,nm0505323,2023-10-11T05:31:00
808,nm2003067,2023-09-14T20:45:00
808,nm0884964,2023-09-20T00:17:00
808,nm0888536,2023-01-06T00:17:00
808,nm0364375,2023-07-13T05:04:00
808,nm0543188,2023-02-09T23:32:00
808,nm2959880,2023-07-07T03:14:00
808,nm7769970,2023-05-04T21:12:00
810,nm1679296,2023-05-15T23:29:00
810,nm0791874,2023-05-15T21:30:00
811,nm0001691,2024-02-16T02:53:00
811,nm2910019,2024-01-12T13:16:00
811,nm0697156,2023-07-25T03:07:00
811,nm0206141,2023-12-11T23:50:00
811,nm0637680,2024-04-27T19:59:00
814,nm0139003,2024-09-28T01:17:00
814,nm0937245,2023-04-19T23:57:00
814,nm0099583,2024-08-08T09:37:00
815,nm0201638,2023-06-17T20:32:00
815,nm9012804,2023-01-26T20:17:00
815,nm0234261,2023-08-19T09:40:00
815,nm0935415,2024-02-20T04:24:00
815,nm0864243,2023-12-26T11:03:00
815,nm0611976,2023-01-28T07:21:00
815,nm1179845,2024-04-14T00:17:00
816,nm0082884,2024-02-27T01:34:00
816,nm0403822,2023-02-18T16:38:00
816,nm0213831,2024-11-18T19:53:00
816,nm0659274,2024-02-17T08:48:00
816,nm0687847,2023-06-01T11:56:00
816,nm0910966,2024-12-10T19:39:00
816,nm0425409,2024-05-21T01:11:00
816,nm0273510,2024-12-24T23:57:00
816,nm0668845,2024-11-16T05:36:00
817,nm8511275,2024-05-09T19:59:00
817,nm0004858,2023-11-07T06:36:00
817,nm0129712,2023-07-03T00:06:00
817,nm0201155,2024-03-14T06:50:00
818,nm2255521,2023-09-09T09:03:00
818,nm0511614,2024-06-19T13:46:00
818,nm3518858,2024-06-28T05:05:00
818,nm0556209,2023-05-10T09:29:00
819,nm0606730,2024-01-19T08:02:00
819,nm0517974,2023-04-05T08:36:00
819,nm0285160,2024-05-19T17:44:00
819,nm0175945,2024-01-03T21:03:00
819,nm2358153,2024-06-28T18:35:00
819,nm0000446,2024-01-19T15:53:00
819,nm0323615,2024-05-28T23:59:00
819,nm0246824,2023-11-08T13:31:00
819,nm0506582,2024-05-15T18:06:00
819,nm4456120,2023-05-25T16:51:00
820,nm0309348,2024-03-18T22:12:00
820,nm0367742,2024-11-27T03:07:00
820,nm0548635,2023-09-17T12:14:00
820,nm0832375,2024-08-20T15:07:00
820,nm0475411,2024-11-14T13:09:00
820,nm0563039,2024-04-08T07:42:00
820,nm0175262,2024-01-07T18:29:00
820,nm0307255,2023-04-07T18:08:00
822,nm1342455,2023-04-26T18:57:00
822,nm2752910,2024-03-04T14:57:00
823,nm2237350,2024-06-23T19:20:00
823,nm0790064,2023-11-19T11:30:00
823,nm3620209,2023-05-03T13:17:00
823,nm0246842,2024-04-28T07:04:00
823,nm0741454,2024-11-24T04:02:00
826,nm0363218,2023-09-08T22:03:00
826,nm0654275,2024-11-10T11:11:00
827,nm1800908,2023-10-25T16:45:00
827,nm0429363,2023-10-02T19:17:00
827,nm0448654,2024-01-18T21:21:00
827,nm0005095,2024-09-07T07:18:00
827,nm2807507,2024-12-02T12:23:00
828,nm0724844,2023-02-10T08:36:00
830,nm0853623,2023-02-15T06:59:00
830,nm0150966,2023-04-21T11:08:00
830,nm0043088,2023-10-13T06:41:00
830,nm1504868,2023-12-08T08:29:00
830,nm0318145,2023-02-01T02:47:00
831,nm0130794,2023-01-05T05:08:00
831,nm0653952,2023-06-25T02:44:00
831,nm0740946,2024-05-01T07:53:00
831,nm16808618,2023-06-20T10:55:00
831,nm2255521,2023-12-15T02:26:00
831,nm0685782,2024-05-11T09:53:00
832,nm0004748,2024-12-01T19:51:00
832,nm0608259,2023-07-17T20:26:00
832,nm1027703,2024-02-15T23:01:00
832,nm0581378,2023-11-10T00:39:00
832,nm0272038,2024-05-28T06:29:00
832,nm0001651,2023-06-07T12:25:00
832,nm0871143,2023-12-11T05:58:00
832,nm0862584,2024-10-05T10:29:00
832,nm0602959,2024-08-28T00:57:00
832,nm0720885,2023-09-23T15:53:00
833,nm0597075,2024-04-01T15:12:00
833,nm0659394,2024-11-26T01:00:00
833,nm0643805,2023-11-25T01:30:00
833,nm0362927,2024-11-16T02:44:00
833,nm0795345,2023-05-01T10:27:00
834,nm2980031,2024-07-24T22:13:00
834,nm2230865,2024-08-11T12:11:00
834,nm0005441,2024-01-04T19:14:00
834,nm0668382,2024-09-13T18:09:00
834,nm0623658,2024-10-24T09:56:00
835,nm1405398,2024-03-24T09:48:00
835,nm0261124,2024-12-07T07:15:00
835,nm0424228,2024-10-06T23:30:00
835,nm2718013,2023-10-21T01:02:00
835,nm5267820,2024-02-15T15:26:00
835,nm0001229,2023-06-25T16:07:00
835,nm1384666,2023-07-21T15:44:00
835,nm0644558,2024-08-24T14:55:00
836,nm0874092,2024-12-17T16:31:00
836,nm0364200,2024-10-19T19:34:00
836,nm6236879,2024-07-04T23:26:00
839,nm0077344,2023-07-12T17:58:00
839,nm0231728,2024-05-25T21:38:00
839,nm0001375,2023-06-28T11:02:00
841,nm0380242,2024-02-02T22:09:00
841,nm0051628,2024-06-27T14:53:00
841,nm2459979,2024-02-14T02:41:00
841,nm1036340,2024-03-07T05:55:00
841,nm0668382,2024-09-26T05:37:00
841,nm0660051,2023-11-05T18:28:00
841,nm0722315,2023-01-05T13:52:00
841,nm0753588,2023-06-18T01:31:00
841,nm0176592,2024-07-27T06:02:00
841,nm0875194,2023-10-02T07:19:00
842,nm1796402,2024-09-06T03:50:00
842,nm0743516,2023-08-18T16:04:00
842,nm0196419,2023-09-22T10:04:00
842,nm0524255,2024-04-18T17:41:00
842,nm0000951,2024-02-02T09:12:00
842,nm0198723,2024-11-11T07:06:00
842,nm0000480,2024-11-22T04:24:00
842,nm0910833,2023-10-03T13:07:00
842,nm1840093,2023-01-13T07:54:00
843,nm0683026,2023-01-07T09:55:00
843,nm2258692,2023-04-22T16:53:00
844,nm6967438,2024-12-04T16:41:00
844,nm0001062,2023-10-05T01:58:00
844,nm0104507,2023-08-10T13:57:00
844,nm0185412,2024-03-10T10:01:00
844,nm0000427,2024-10-13T11:01:00
844,nm0856673,2023-04-03T22:03:00
844,nm1507401,2023-09-14T14:30:00
844,nm0000849,2023-08-02T23:59:00
847,nm0619227,2024-01-06T10:37:00
847,nm0482121,2024-03-28T21:06:00
848,nm1715257,2024-04-16T21:57:00
848,nm0625167,2023-04-17T05:36:00
848,nm1468944,2023-01-16T19:50:00
849,nm0787462,2024-09-24T10:15:00
849,nm5240345,2023-03-25T16:06:00
849,nm0369513,2024-11-11T09:04:00
849,nm10163946,2023-11-23T21:55:00
850,nm2003063,2023-10-08T14:57:00
850,nm0000734,2023-06-17T19:25:00
851,nm0706220,2023-05-28T21:38:00
851,nm3892843,2023-08-02T00:37:00
852,nm0617175,2023-02-10T03:36:00
852,nm0665550,2024-01-26T09:21:00
852,nm0864081,2024-05-10T11:17:00
852,nm1442940,2023-03-03T06:37:00
852,nm0443577,2023-11-25T09:01:00
852,nm0603908,2024-07-21T23:00:00
852,nm0642522,2023-10-05T12:55:00
853,nm0272473,2024-01-09T02:38:00
853,nm0448832,2023-09-28T12:15:00
853,nm6995530,2024-11-04T13:42:00
853,nm2246282,2023-05-01T04:55:00
853,nm0196723,2024-09-01T16:43:00
853,nm0000604,2024-04-23T11:24:00
854,nm0722802,2023-09-28T08:25:00
854,nm2306816,2024-11-26T18:54:00
854,nm0127352,2024-05-27T14:07:00
854,nm1750943,2023-02-25T20:55:00
854,nm0737553,2024-10-15T02:35:00
854,nm0000357,2024-10-17T04:19:00
854,nm4323940,2024-08-01T19:44:00
858,nm0166477,2023-11-07T08:23:00
858,nm0137092,2023-11-10T17:16:00
858,nm0908022,2023-09-01T21:04:00
858,nm0446037,2023-11-18T18:18:00
858,nm0627068,2023-04-20T21:23:00
858,nm0856800,2023-08-28T19:41:00
858,nm2072214,2024-12-17T21:56:00
858,nm0163816,2023-01-18T17:30:00
858,nm0855763,2023-01-17T01:14:00
858,nm0587534,2024-03-05T16:14:00
860,nm1173131,2024-03-02T03:24:00
860,nm0280961,2023-06-10T00:40:00
860,nm5871830,2024-09-13T16:59:00
860,nm1124109,2023-04-02T18:22:00
861,nm0273312,2024-05-21T06:16:00
861,nm0001542,2024-02-11T20:31:00
862,nm2172081,2024-04-12T19:54:00
865,nm0790064,2023-08-04T19:41:00
865,nm7400175,2023-06-18T01:22:00
865,nm10930429,2024-07-05T04:50:00
865,nm0550552,2024-10-27T10:46:00
865,nm0584393,2024-09-07T17:20:00
865,nm0551277,2023-04-17T14:43:00
865,nm1968793,2024-10-26T10:41:00
868,nm0155362,2023-01-22T01:04:00
868,nm0538869,2024-05-06T23:03:00
869,nm0001421,2024-11-09T03:10:00
869,nm0595450,2023-09-22T02:03:00
870,nm0867894,2023-01-08T15:02:00
870,nm0000135,2024-06-20T18:43:00
870,nm3673695,2024-11-18T16:58:00
870,nm0043465,2024-08-09T05:47:00
870,nm0086469,2024-10-26T23:16:00
870,nm0053443,2023-07-08T03:37:00
872,nm0026039,2023-04-25T08:34:00
872,nm2753909,2023-12-02T09:01:00
872,nm0400117,2024-03-19T01:51:00
872,nm0920942,2024-08-17T11:27:00
875,nm4206125,2024-08-27T11:14:00
875,nm0603646,2024-12-25T05:18:00
875,nm0869035,2024-07-13T04:35:00
875,nm0001766,2024-02-15T19:20:00
875,nm0397048,2024-09-21T21:39:00
875,nm0737553,2024-04-12T14:13:00
876,nm0667065,2024-03-20T04:48:00
876,nm0389824,2023-06-02T19:25:00
876,nm3205314,2023-06-10T00:17:00
876,nm0114436,2024-01-14T10:29:00
876,nm7985005,2023-01-17T01:24:00
876,nm0331068,2024-10-12T09:46:00
876,nm0599824,2023-08-01T06:31:00
877,nm0099054,2023-02-28T10:11:00
877,nm1819083,2024-10-12T18:30:00
877,nm0786891,2023-11-27T00:27:00
877,nm2003063,2024-03-20T20:34:00
877,nm0882853,2023-08-17T03:50:00
877,nm0311059,2023-04-16T12:28:00
877,nm2212746,2024-03-15T13:17:00
877,nm0818274,2023-04-18T02:51:00
879,nm0020200,2023-05-12T04:11:00
879,nm0750412,2024-09-28T23:31:00
879,nm0793384,2023-01-18T22:26:00
879,nm0335789,2024-05-03T11:49:00
879,nm0495382,2023-09-19T08:04:00
879,nm0865575,2023-08-01T21:48:00
879,nm0491490,2024-04-28T08:17:00
881,nm0696866,2024-09-16T08:11:00
881,nm0000724,2023-05-26T05:03:00
881,nm0001367,2024-02-19T20:59:00
881,nm0822222,2024-10-05T01:35:00
881,nm0052186,2023-02-24T08:29:00
882,nm0364710,2024-08-19T12:58:00
882,nm0000767,2024-06-21T04:05:00
882,nm1839988,2023-07-10T13:09:00
882,nm0220976,2024-03-24T19:36:00
882,nm1036318,2023-10-21T06:08:00
890,nm0619324,2023-03-27T18:49:00
890,nm0840721,2024-11-12T20:30:00
890,nm0290013,2024-06-19T07:30:00
891,nm0261390,2023-10-25T16:06:00
891,nm0427337,2024-08-20T20:59:00
891,nm0046785,2023-10-04T03:32:00
891,nm0870094,2024-12-08T19:55:00
891,nm3510471,2024-06-02T19:02:00
891,nm0001424,2023-04-10T17:41:00
891,nm0588223,2023-02-02T16:31:00
891,nm0477341,2023-06-11T11:32:00
891,nm0653669,2024-12-08T12:04:00
891,nm5071471,2024-08-13T12:25:00
893,nm0388303,2024-12-20T19:18:00
893,nm1493817,2024-09-18T17:04:00
893,nm0004309,2023-04-16T22:09:00
893,nm0365835,2024-09-15T10:08:00
893,nm2072060,2024-06-13T08:23:00
893,nm1004774,2023-08-21T08:18:00
893,nm0057370,2023-03-17T22:10:00
893,nm0135084,2024-05-03T14:44:00
894,nm0473228,2023-03-22T01:26:00
894,nm0000673,2023-05-08T12:24:00
894,nm0667323,2023-11-17T17:07:00
894,nm0568493,2024-02-27T11:41:00
894,nm0035877,2024-12-17T20:12:00
894,nm0137092,2023-07-05T05:48:00
894,nm0614165,2024-03-20T10:59:00
894,nm2583884,2023-03-16T03:31:00
894,nm0526927,2023-01-24T20:35:00
895,nm0000256,2024-01-25T01:12:00
895,nm0443801,2023-01-17T04:17:00
895,nm0907270,2023-05-17T03:04:00
895,nm0004626,2024-12-15T22:10:00
897,nm0687735,2024-05-07T04:05:00
897,nm3889381,2024-06-08T12:03:00
897,nm0723032,2024-03-15T14:42:00
897,nm0461925,2023-08-15T03:23:00
897,nm0000435,2024-05-15T10:17:00
897,nm0234118,2024-04-12T17:01:00
897,nm0537648,2024-09-21T19:41:00
898,nm0770726,2023-11-18T01:43:00
898,nm0002035,2023-05-26T21:22:00
898,nm0197453,2023-12-27T17:12:00
898,nm0223190,2023-08-07T07:29:00
898,nm0001730,2023-09-05T16:06:00
898,nm0143295,2024-04-14T03:27:00
898,nm0841797,2023-12-17T10:04:00
898,nm0001745,2023-02-06T00:35:00
899,nm0468237,2023-02-17T10:10:00
899,nm0559977,2024-10-12T01:47:00
899,nm0766146,2024-03-11T11:18:00
899,nm0669813,2023-06-11T09:30:00
901,nm1840093,2023-11-13T13:29:00
901,nm0512267,2023-10-05T11:13:00
901,nm1284277,2024-05-01T13:09:00
901,nm0234564,2023-05-26T08:58:00
901,nm0002032,2024-04-14T01:47:00
901,nm0731376,2023-01-08T11:47:00
901,nm3147745,2023-08-24T17:21:00
901,nm0433722,2024-08-03T08:44:00
902,nm3775036,2023-09-13T17:58:00
902,nm0533154,2023-01-28T20:00:00
902,nm0320969,2024-04-14T15:25:00
902,nm0543169,2024-07-26T16:02:00
902,nm0546797,2023-07-02T01:04:00
902,nm2185539,2023-04-16T16:47:00
902,nm0000869,2024-08-12T14:38:00
903,nm0646568,2024-10-14T02:22:00
903,nm0218075,2023-05-18T04:51:00
903,nm0017491,2024-09-08T05:08:00
903,nm0928349,2023-11-01T20:23:00
903,nm0000809,2023-01-14T03:57:00
903,nm2031914,2024-09-09T12:28:00
903,nm1480144,2024-08-15T13:04:00
904,nm1174035,2023-05-24T12:43:00
904,nm0605904,2024-10-11T23:07:00
904,nm1296186,2024-10-12T19:11:00
904,nm0808541,2024-07-27T10:36:00
904,nm2794671,2024-08-20T11:38:00
904,nm9460174,2024-07-24T11:52:00
909,nm0001590,2023-10-08T13:17:00
909,nm0001191,2024-09-14T12:08:00
909,nm0307451,2023-04-10T02:31:00
909,nm1748489,2024-05-24T12:36:00
909,nm0052031,2024-09-05T03:56:00
909,nm0516310,2024-06-13T02:54:00
909,nm0814216,2024-06-08T22:39:00
909,nm0811217,2023-09-26T05:25:00
909,nm0405742,2023-03-04T22:08:00
909,nm0271408,2024-03-15T21:26:00
910,nm0959184,2023-09-24T10:25:00
910,nm0000177,2024-06-19T17:23:00
910,nm1751183,2023-02-21T00:16:00
910,nm0400117,2024-12-18T17:49:00
910,nm0265761,2023-02-25T20:19:00
910,nm6105049,2023-12-06T05:31:00
911,nm4334441,2023-03-20T05:43:00
911,nm1880089,2024-03-27T01:47:00
911,nm2277357,2023-09-18T11:45:00
913,nm0476287,2024-07-18T14:24:00
913,nm0507708,2023-10-24T23:32:00
913,nm0221216,2023-02-23T10:34:00
913,nm0775201,2023-11-17T22:04:00
913,nm3889821,2023-06-06T07:58:00
913,nm0092290,2024-05-19T18:32:00
914,nm0529581,2023-10-10T08:45:00
914,nm0268073,2024-05-01T11:20:00
914,nm0232306,2023-06-28T03:14:00
915,nm0613522,2023-10-28T21:19:00
915,nm0437364,2023-11-14T02:26:00
915,nm0846548,2023-04-09T16:25:00
915,nm0661585,2024-11-19T07:31:00
915,nm0415617,2024-08-23T21:56:00
915,nm3594330,2023-10-06T14:03:00
915,nm0001472,2023-02-23T02:18:00
918,nm0194621,2023-11-18T11:38:00
918,nm0000327,2024-05-16T01:55:00
918,nm0048695,2024-04-13T02:10:00
918,nm0915851,2023-03-17T07:14:00
918,nm0268619,2023-03-21T23:48:00
918,nm0532342,2023-02-04T05:34:00
923,nm0099677,2024-11-24T20:02:00
923,nm0547045,2024-12-13T22:42:00
923,nm0002134,2024-12-05T03:59:00
923,nm0833865,2023-04-27T06:14:00
923,nm0611423,2023-09-15T09:49:00
923,nm1680064,2024-06-04T07:47:00
923,nm0461498,2024-12-06T14:24:00
923,nm0564841,2024-02-05T05:10:00
923,nm0005251,2024-01-07T08:22:00
923,nm0656768,2024-09-18T16:10:00
927,nm0256216,2023-09-02T11:53:00
927,nm0001191,2023-01-01T08:47:00
927,nm0807354,2023-12-23T03:25:00
927,nm0658995,2023-06-02T23:31:00
929,nm0307995,2023-03-27T19:01:00
929,nm2351281,2024-05-21T13:18:00
929,nm0467374,2024-07-08T06:53:00
929,nm2968232,2024-09-02T15:10:00
930,nm0707466,2024-10-10T16:23:00
930,nm4123491,2024-01-12T03:40:00
930,nm0377947,2023-07-18T13:17:00
930,nm0270451,2023-04-08T22:02:00
930,nm0217377,2023-01-01T06:42:00
930,nm0135281,2024-01-18T13:33:00
930,nm0370411,2023-02-22T02:36:00
933,nm0004874,2023-10-06T23:59:00
933,nm1338476,2023-07-15T08:40:00
933,nm0244999,2024-10-26T00:42:00
933,nm0032221,2023-02-18T01:48:00
933,nm0531808,2024-02-15T00:49:00
933,nm13354175,2024-07-25T20:47:00
933,nm0438794,2024-09-07T00:37:00
933,nm0292187,2024-07-08T05:59:00
933,nm1215814,2024-12-24T16:23:00
935,nm1036104,2024-04-21T11:09:00
935,nm0030432,2023-07-26T07:35:00
935,nm0614903,2023-08-03T22:21:00
935,nm0925929,2023-01-04T06:06:00
935,nm0876278,2023-12-08T11:49:00
935,nm0443286,2024-02-09T06:10:00
935,nm6963452,2023-09-03T09:24:00
936,nm1249540,2024-03-06T11:44:00
936,nm1275795,2024-05-27T20:13:00
936,nm0075655,2024-05-26T20:13:00
936,nm1323233,2023-07-07T09:30:00
936,nm4132989,2024-04-05T17:00:00
938,nm0585032,2024-10-20T06:22:00
938,nm0736332,2024-05-28T06:21:00
938,nm0858569,2024-01-25T23:40:00
938,nm0043389,2023-05-22T16:58:00
938,nm0000345,2023-12-10T14:05:00
938,nm0718619,2023-12-16T13:12:00
938,nm0561118,2023-02-17T04:57:00
938,nm3021272,2024-06-03T22:44:00
939,nm0572897,2024-06-27T22:28:00
939,nm0596294,2024-10-17T15:14:00
939,nm0001162,2023-03-23T06:55:00
939,nm0323856,2024-11-23T13:39:00
939,nm0211819,2023-11-23T09:24:00
939,nm0908729,2023-07-07T02:44:00
939,nm4942550,2024-04-11T23:21:00
939,nm0038898,2023-12-01T16:01:00
939,nm3729721,2024-09-24T10:21:00
939,nm0260020,2024-04-15T16:56:00
940,nm0318202,2024-02-07T08:30:00
941,nm1843026,2023-09-25T18:21:00
942,nm0111297,2024-04-19T15:44:00
942,nm0828206,2024-04-22T10:05:00
942,nm0641938,2023-11-10T13:30:00
942,nm1299912,2023-11-18T15:59:00
942,nm0524839,2024-09-02T19:04:00
942,nm0515296,2023-11-26T03:48:00
942,nm0862086,2024-12-22T08:16:00
942,nm1551601,2024-01-12T20:08:00
944,nm0924154,2023-08-22T17:14:00
944,nm0000493,2024-02-16T23:30:00
944,nm0960495,2024-07-06T10:55:00
944,nm2046862,2024-07-10T21:54:00
944,nm0001629,2023-07-06T11:46:00
944,nm0478713,2024-08-28T16:01:00
944,nm0001607,2023-07-13T15:03:00
944,nm0251986,2023-09-03T07:25:00
944,nm0138885,2024-05-26T18:48:00
944,nm0059840,2023-04-16T21:55:00
945,nm0200455,2023-06-22T04:14:00
945,nm0003123,2024-02-01T23:13:00
945,nm0192490,2024-12-11T17:17:00
946,nm0713614,2023-12-14T08:29:00
946,nm0703875,2024-05-19T14:10:00
946,nm0844761,2023-10-26T21:34:00
946,nm0324026,2024-06-11T18:26:00
946,nm2428982,2023-04-25T20:19:00
946,nm0865372,2024-08-13T02:33:00
947,nm0052757,2023-03-03T04:06:00
947,nm10397519,2023-12-23T15:53:00
947,nm0585689,2024-12-07T10:44:00
947,nm2585331,2023-07-10T00:43:00
947,nm0185272,2024-06-24T23:45:00
948,nm0001413,2023-03-08T14:02:00
948,nm10164016,2023-02-10T18:15:00
949,nm0867923,2023-03-07T09:25:00
949,nm1036104,2024-09-24T01:04:00
949,nm6314437,2023-01-11T10:30:00
949,nm0231315,2024-10-15T23:50:00
949,nm7444554,2024-07-20T05:09:00
949,nm2849093,2023-02-06T11:21:00
951,nm2648539,2023-01-10T19:38:00
951,nm3625103,2023-03-01T11:42:00
951,nm0660244,2023-07-26T12:00:00
951,nm0466700,2023-09-19T00:36:00
951,nm2958109,2023-03-19T02:44:00
951,nm0623319,2023-11-25T13:40:00
953,nm0698337,2024-03-25T02:50:00
953,nm0681319,2024-01-01T02:02:00
954,nm0937629,2023-09-13T06:42:00
956,nm0786292,2023-11-23T06:42:00
956,nm0331189,2023-03-28T08:47:00
956,nm0213895,2023-09-26T18:06:00
956,nm0382110,2023-07-08T11:37:00
956,nm0549325,2023-04-17T12:53:00
956,nm0561118,2023-05-09T03:10:00
956,nm0314328,2024-09-11T19:49:00
956,nm4594399,2024-11-04T15:55:00
958,nm0143892,2024-06-11T02:02:00
961,nm0476011,2023-07-14T08:40:00
962,nm0001126,2023-06-26T15:49:00
962,nm0463539,2023-08-09T19:43:00
962,nm0385594,2023-08-26T10:27:00
962,nm0178259,2023-07-21T22:58:00
962,nm0256216,2023-01-26T01:09:00
962,nm0000458,2023-12-02T09:48:00
964,nm0611524,2024-03-26T05:58:00
964,nm0915851,2024-10-15T02:59:00
964,nm0000093,2023-01-17T15:38:00
964,nm0485272,2023-04-05T19:26:00
964,nm0306357,2023-11-17T07:05:00
964,nm0000124,2024-07-14T08:03:00
964,nm0141632,2023-01-26T08:50:00
966,nm2122010,2023-05-18T18:04:00
966,nm0462658,2024-09-06T00:51:00
966,nm0895083,2023-08-07T18:35:00
966,nm1599046,2023-02-14T08:01:00
967,nm0487221,2023-07-05T01:21:00
967,nm2635804,2024-09-13T23:13:00
967,nm0001264,2024-06-01T16:08:00
967,nm0467422,2024-08-23T23:16:00
967,nm3087358,2023-12-25T12:18:00
967,nm0534297,2024-12-08T23:07:00
967,nm0003508,2023-04-10T04:41:00
968,nm0814216,2023-07-27T19:10:00
968,nm0057383,2024-09-27T09:18:00
968,nm0240887,2023-06-21T22:07:00
969,nm2994552,2023-08-08T16:42:00
969,nm0679959,2023-06-23T11:31:00
969,nm0594062,2023-08-19T05:53:00
969,nm0241523,2024-09-04T05:23:00
969,nm0027282,2023-10-15T07:25:00
969,nm0227003,2024-08-09T08:31:00
970,nm0092231,2024-12-20T18:18:00
970,nm1679296,2024-02-26T12:10:00
970,nm0000886,2024-12-27T22:46:00
970,nm0385976,2023-10-19T04:52:00
972,nm0653078,2023-09-15T05:36:00
972,nm0709545,2023-05-16T09:01:00
972,nm0397066,2024-03-26T14:48:00
972,nm0177949,2024-06-19T01:42:00
972,nm0006762,2024-10-27T12:19:00
972,nm0341558,2024-09-09T01:41:00
972,nm0217262,2024-03-15T17:41:00
973,nm2438465,2023-02-15T15:19:00
973,nm0725122,2023-06-10T00:51:00
973,nm0156345,2023-05-15T13:12:00
973,nm0059852,2023-01-11T20:23:00
973,nm0001715,2023-02-24T11:38:00
973,nm0550615,2023-01-11T03:06:00
973,nm0088377,2024-05-14T10:56:00
975,nm0943988,2024-02-26T17:51:00
975,nm0002071,2023-01-02T02:55:00
975,nm0223953,2024-08-13T03:40:00
975,nm0935498,2024-02-09T05:42:00
975,nm0505787,2024-08-11T17:45:00
975,nm6098250,2023-12-02T05:29:00
975,nm0046214,2023-02-17T03:29:00
976,nm0926338,2024-08-17T01:11:00
976,nm0333701,2023-05-25T21:09:00
976,nm0830857,2024-01-08T23:04:00
976,nm0750343,2024-12-09T16:56:00
976,nm0035988,2024-10-13T08:07:00
976,nm0099583,2023-04-15T22:51:00
976,nm0298843,2024-07-18T04:38:00
976,nm0567945,2023-12-10T14:00:00
976,nm0913094,2023-10-19T18:17:00
978,nm1785339,2024-08-17T08:06:00
978,nm0579843,2023-09-13T19:43:00
978,nm7609198,2024-11-12T18:45:00
978,nm0327428,2023-06-09T10:26:00
978,nm0207616,2024-06-20T11:41:00
978,nm0001844,2023-11-23T19:04:00
978,nm0350619,2023-09-25T22:20:00
979,nm0179059,2023-11-22T20:40:00
979,nm0770730,2024-03-03T10:19:00
979,nm0515975,2023-07-27T15:41:00
979,nm0509811,2023-07-23T07:47:00
979,nm0535006,2024-07-12T19:26:00
979,nm0321587,2023-06-19T05:08:00
979,nm0001687,2024-05-18T04:09:00
979,nm0951019,2024-08-01T16:44:00
981,nm1176698,2023-05-04T15:15:00
981,nm0000096,2024-10-21T08:09:00
981,nm0959959,2024-11-12T07:07:00
981,nm0597695,2024-01-07T21:59:00
981,nm0511288,2024-09-03T00:45:00
981,nm0038322,2024-03-02T06:21:00
981,nm0001105,2023-07-28T08:32:00
982,nm2282137,2024-02-15T07:55:00
982,nm0308972,2024-08-13T09:37:00
982,nm0151449,2024-02-10T06:41:00
982,nm0489861,2023-03-13T06:03:00
982,nm7137353,2024-05-28T02:13:00
983,nm0866344,2023-05-18T12:34:00
983,nm0829155,2023-10-05T19:05:00
984,nm0454120,2024-06-07T03:47:00
984,nm7814940,2024-03-06T05:17:00
984,nm0756917,2023-03-11T10:10:00
984,nm0051628,2024-10-01T07:57:00
984,nm1319365,2023-02-13T01:14:00
985,nm2671273,2023-02-02T22:54:00
985,nm0685559,2024-11-20T08:18:00
985,nm0669660,2023-05-08T14:06:00
985,nm0049658,2024-07-13T07:20:00
985,nm0556209,2024-05-15T09:14:00
985,nm1040533,2024-11-09T22:10:00
988,nm0112923,2023-09-20T17:45:00
988,nm0000188,2023-11-11T01:39:00
988,nm0937675,2024-02-09T08:21:00
988,nm0738746,2024-11-22T01:44:00
990,nm0183639,2023-03-12T02:54:00
992,nm0627068,2023-08-01T06:50:00
993,nm0791418,2023-05-23T19:51:00
993,nm2356938,2024-05-01T16:20:00
993,nm0000622,2024-08-25T21:57:00
993,nm0226583,2024-08-22T12:15:00
993,nm0429831,2024-06-06T07:39:00
993,nm0611976,2024-11-10T06:54:00
993,nm0001058,2024-05-07T23:03:00
993,nm0370822,2024-02-19T08:22:00
993,nm0681740,2023-02-13T15:09:00
993,nm0589019,2023-01-05T14:57:00
994,nm0909668,2023-10-06T21:34:00
994,nm0718647,2023-05-02T01:46:00
994,nm0843520,2024-06-23T03:51:00
994,nm0637643,2024-07-01T17:11:00
994,nm0609802,2024-04-14T21:06:00
994,nm3270673,2023-05-07T01:49:00
996,nm2865987,2023-10-08T06:13:00
996,nm0000849,2023-12-10T23:10:00
996,nm0002098,2024-07-10T18:03:00
996,nm3023064,2024-03-24T09:33:00
996,nm0057370,2024-01-04T04:47:00
996,nm5816685,2023-09-06T00:10:00
996,nm0788903,2023-07-03T09:30:00
997,nm0295005,2023-02-25T12:24:00
997,nm0071680,2023-02-03T17:18:00
997,nm1899576,2023-08-17T11:47:00
997,nm0597075,2023-07-20T13:58:00
997,nm2266493,2024-12-02T22:50:00
997,nm0663183,2023-06-28T07:08:00
998,nm0433722,2024-08-12T04:29:00
998,nm0687506,2023-04-01T15:17:00
998,nm0599824,2023-07-16T15:32:00
998,nm0703549,2024-05-06T09:53:00
998,nm0002079,2023-12-11T12:48:00
998,nm0134910,2024-04-21T02:44:00
999,nm0001821,2024-09-22T07:56:00
999,nm0793851,2023-02-24T17:29:00
999,nm0077340,2023-08-17T02:29:00
999,nm0674231,2024-12-06T05:12:00
999,nm0483945,2023-06-01T18:37:00
999,nm0516115,2024-05-04T07:12:00
1000,nm0798398,2024-10-15T13:46:00
1000,nm3899141,2024-02-08T06:17:00
1000,nm0232800,2024-08-20T07:47:00
1002,nm2502714,2024-02-13T10:25:00
1002,nm0520636,2023-09-11T18:17:00
1002,nm0202184,2024-09-09T12:58:00
1002,nm0617175,2024-08-21T06:11:00
1002,nm0001549,2024-03-08T07:39:00
1003,nm0582074,2023-02-28T03:08:00
1006,nm0084908,2023-08-04T17:19:00
1006,nm0039084,2023-04-20T07:17:00
1007,nm0171713,2023-04-27T23:51:00
1007,nm9074056,2024-10-22T12:11:00
1008,nm0278308,2024-02-07T03:36:00
1008,nm0424534,2024-12-01T12:17:00
1010,nm0209030,2023-05-12T19:51:00
1010,nm0569790,2024-07-26T15:31:00
1010,nm0893783,2024-04-23T05:27:00
1010,nm0393464,2023-04-08T18:16:00
1010,nm0711631,2024-03-14T09:51:00
1010,nm2083687,2024-12-17T09:30:00
1010,nm6968658,2024-08-18T13:22:00
1011,nm5620173,2023-08-08T15:59:00
1011,nm3021272,2024-07-07T21:34:00
1011,nm0000498,2023-09-03T23:32:00
1011,nm0633997,2024-01-05T08:09:00
1011,nm0649638,2024-03-14T16:43:00
1011,nm1086926,2024-07-03T06:54:00
1011,nm3391237,2024-07-10T11:21:00
1011,nm0508380,2023-09-15T20:00:00
1011,nm0717342,2024-12-13T11:35:00
1011,nm0323597,2023-06-19T16:11:00
1012,nm0824852,2023-01-06T14:06:00
1012,nm6815002,2024-03-01T07:17:00
1012,nm0185274,2024-04-14T06:47:00
1012,nm0537683,2023-02-07T15:55:00
1012,nm0155362,2023-08-26T15:31:00
1012,nm0757256,2024-08-23T19:36:00
1013,nm0019736,2023-10-11T01:24:00
1013,nm0000164,2024-08-22T22:35:00
1013,nm0628179,2024-03-16T18:08:00
1013,nm10164016,2024-04-14T21:58:00
1013,nm0307451,2023-02-11T08:54:00
1013,nm0217567,2024-09-10T08:17:00
1013,nm0304644,2023-02-21T15:26:00
1013,nm0498010,2024-08-07T16:38:00
1013,nm0453607,2023-06-21T06:19:00
1013,nm1603618,2023-08-07T19:32:00
1014,nm0549237,2023-08-18T13:53:00
1014,nm0083424,2024-10-20T01:42:00
1014,nm0689461,2023-10-06T12:08:00
1014,nm0244582,2023-02-28T00:43:00
1014,nm0580957,2023-05-17T01:42:00
1014,nm0899979,2023-03-16T14:03:00
1014,nm0251797,2023-10-20T23:06:00
1015,nm0491406,2023-10-02T17:04:00
1015,nm0080020,2023-02-10T04:20:00
1017,nm0761457,2024-04-10T20:10:00
1017,nm2643206,2024-06-10T07:46:00
1017,nm0000461,2024-07-23T15:40:00
1017,nm0642444,2024-03-20T01:05:00
1017,nm0479772,2024-01-06T10:00:00
1017,nm0198970,2024-03-17T17:20:00
1017,nm0051036,2024-06-10T13:55:00
1017,nm0661541,2023-03-28T13:09:00
1018,nm0338413,2024-05-09T22:46:00
1018,nm0516994,2024-09-20T10:28:00
1018,nm0782565,2023-08-07T18:10:00
1018,nm0000178,2024-01-09T08:44:00
1018,nm0582320,2023-03-27T14:08:00
1018,nm0934618,2023-04-28T13:53:00
1018,nm3459300,2024-10-17T14:05:00
1022,nm3122871,2024-01-16T19:48:00
1022,nm0468957,2024-07-04T10:14:00
1022,nm1469275,2023-10-22T18:14:00
1022,nm0001409,2024-04-13T11:51:00
1022,nm0496942,2023-12-17T18:52:00
1023,nm3741799,2024-05-26T17:06:00
1023,nm0534045,2024-04-11T08:51:00
1023,nm0039435,2024-05-04T23:47:00
1023,nm0042046,2023-03-12T15:15:00
1023,nm0730168,2024-02-02T05:15:00
1023,nm0626259,2023-10-22T03:59:00
1023,nm0773340,2023-10-17T07:07:00
1023,nm0001697,2023-05-09T13:35:00
1023,nm0190962,2024-11-14T19:33:00
1023,nm0145428,2024-01-05T22:03:00
1024,nm0000150,2023-03-18T00:57:00
1024,nm0243493,2023-07-26T16:23:00
1024,nm0294382,2024-12-05T02:05:00
1024,nm0666157,2023-07-06T06:17:00
1024,nm0495426,2023-07-05T22:24:00
1024,nm0206257,2024-02-02T10:05:00
1024,nm0377362,2023-03-09T17:27:00
1024,nm0008905,2023-06-06T17:28:00
1024,nm3640154,2024-12-11T06:34:00
1024,nm1142849,2023-01-27T15:25:00
1026,nm0884964,2023-07-12T21:42:00
1026,nm0565569,2024-06-20T22:53:00
1026,nm0553074,2023-01-21T03:30:00
1026,nm0637643,2024-06-04T08:45:00
1026,nm0252244,2023-06-04T13:31:00
1026,nm0641172,2023-04-10T22:01:00
1027,nm0580959,2024-12-03T22:50:00
1027,nm0424509,2024-12-08T06:14:00
1027,nm0481447,2024-02-27T12:56:00
1027,nm0004978,2023-08-21T08:29:00
1027,nm1968793,2024-05-21T14:31:00
1029,nm2762640,2024-07-13T01:20:00
1029,nm0195235,2024-05-13T17:23:00
1029,nm0287098,2024-12-03T19:03:00
1029,nm0062636,2023-05-17T01:04:00
1029,nm0232800,2024-08-07T07:40:00
1029,nm0526927,2024-07-22T20:28:00
1029,nm1153218,2024-08-26T10:45:00
1032,nm0565569,2024-03-20T11:29:00
1032,nm5100354,2024-09-07T19:24:00
1032,nm0592625,2024-10-11T05:47:00
1032,nm0668845,2023-11-23T07:55:00
1032,nm2513232,2023-10-20T06:56:00
1032,nm0001697,2023-11-05T06:22:00
1032,nm0409420,2024-02-24T09:41:00
1032,nm0451601,2024-02-21T04:06:00
1033,nm0559820,2024-05-15T00:02:00
1033,nm0378245,2024-08-21T21:47:00
1033,nm0001699,2024-12-02T08:56:00
1033,nm0547300,2024-04-23T09:52:00
1036,nm0678933,2023-02-06T02:43:00
1036,nm0096458,2024-11-20T17:50:00
1036,nm0000663,2024-04-04T10:49:00
1036,nm0601340,2023-08-15T18:11:00
1036,nm1426995,2024-03-05T13:25:00
1036,nm2034147,2023-11-15T12:26:00
1036,nm0010958,2024-06-01T09:20:00
1036,nm0042046,2023-10-06T10:21:00
1036,nm0004864,2023-05-05T15:47:00
1037,nm3119031,2023-08-26T08:55:00
1037,nm0971111,2023-05-17T22:15:00
1037,nm2254706,2024-08-22T00:12:00
1037,nm1807645,2023-05-21T19:50:00
1037,nm0732305,2023-09-01T03:57:00
1037,nm4635205,2023-11-25T08:04:00
1037,nm0909668,2023-03-21T22:12:00
1037,nm0720064,2024-09-02T01:11:00
1037,nm6056898,2023-12-06T18:15:00
1037,nm0244707,2023-12-24T11:29:00
1038,nm0176882,2024-04-08T01:54:00
1038,nm0320030,2023-10-13T03:13:00
1038,nm0295005,2024-01-04T23:48:00
1038,nm0004965,2024-04-18T11:21:00
1038,nm0731182,2024-01-12T23:22:00
1038,nm0270377,2023-08-21T22:07:00
1039,nm0458460,2024-07-01T16:20:00
1039,nm0011060,2024-05-17T12:03:00
1039,nm0836724,2023-05-09T02:16:00
1039,nm0948876,2023-11-27T13:15:00
1039,nm0045937,2023-12-13T08:29:00
1039,nm0146542,2024-08-28T17:21:00
1039,nm0774516,2024-02-15T10:10:00
1040,nm0407497,2023-08-03T01:34:00
1040,nm8395318,2024-09-24T19:21:00
1040,nm0442799,2024-01-14T18:13:00
1040,nm0195235,2024-07-26T07:48:00
1040,nm0088940,2023-08-08T21:15:00
1040,nm0153481,2023-07-11T07:22:00
1040,nm0611889,2023-08-07T00:28:00
1040,nm0001050,2023-10-04T13:22:00
1040,nm0873845,2023-06-07T23:40:00
1041,nm0813691,2024-10-13T21:15:00
1044,nm0032628,2024-09-21T09:40:00
1044,nm0897715,2024-07-23T13:10:00
1044,nm0184578,2023-10-10T23:49:00
1044,nm0671559,2023-09-25T16:20:00
1044,nm5743922,2024-06-08T17:40:00
1044,nm0042046,2024-08-24T02:57:00
1045,nm9710968,2023-02-04T13:27:00
1045,nm12365150,2023-11-09T20:47:00
1049,nm0341518,2023-12-04T03:45:00
1049,nm0046337,2023-07-09T20:46:00
1049,nm2253764,2023-05-13T13:30:00
1049,nm0738031,2024-11-03T05:50:00
1049,nm0424706,2024-02-06T00:45:00
1049,nm0423866,2023-07-14T21:28:00
1049,nm0497346,2023-04-24T23:20:00
1049,nm10397520,2024-11-10T23:31:00
1050,nm0896621,2023-02-16T13:28:00
1050,nm4465402,2023-02-16T20:35:00
1050,nm0507460,2024-06-28T12:16:00
1050,nm0706608,2024-09-19T07:55:00
1050,nm2952249,2023-02-12T10:20:00
1050,nm0365281,2023-04-14T05:14:00
1050,nm0579820,2023-05-22T03:22:00
1050,nm4852914,2023-04-03T03:42:00
1050,nm0958345,2024-11-09T02:13:00
1052,nm7211213,2024-08-10T20:37:00
1052,nm0095741,2023-09-02T07:31:00
1052,nm0642444,2023-03-12T17:28:00
1052,nm0662236,2024-09-18T07:09:00
1052,nm0018540,2024-03-07T11:13:00
1052,nm1507401,2024-02-16T18:59:00
1052,nm0000489,2024-07-19T23:28:00
1052,nm1101923,2024-03-19T04:45:00
1052,nm0176638,2024-07-12T08:37:00
1052,nm0103722,2024-10-02T04:22:00
1053,nm3068246,2024-11-27T22:18:00
1053,nm1125529,2023-12-06T13:50:00
1053,nm0001566,2023-08-02T00:26:00
1053,nm0300083,2023-02-24T15:27:00
1053,nm0668361,2024-10-08T15:28:00
1053,nm0280553,2023-02-04T01:08:00
1053,nm0312985,2024-10-25T05:49:00
1053,nm1708414,2024-12-01T17:30:00
1053,nm0417644,2023-07-15T22:04:00
1053,nm0240887,2023-01-02T07:23:00
1054,nm0343997,2023-04-11T23:32:00
1054,nm0456077,2023-02-24T21:49:00
1054,nm1490362,2023-08-04T12:40:00
1054,nm0529300,2024-02-10T07:34:00
1054,nm0931845,2023-01-06T22:18:00
1055,nm0000805,2023-03-05T00:59:00
1055,nm0006369,2023-10-23T11:29:00
1055,nm0005169,2024-09-11T16:34:00
1055,nm0627505,2024-01-21T16:50:00
1055,nm0451600,2024-09-18T11:09:00
1055,nm0004874,2024-11-25T22:48:00
1055,nm0120310,2023-09-16T21:04:00
1057,nm2087817,2023-08-02T15:59:00
1057,nm0001164,2024-12-01T12:24:00
1057,nm1682799,2023-08-23T02:25:00
1057,nm0042298,2023-05-07T08:27:00
1057,nm0021456,2023-08-09T04:56:00
1057,nm0344958,2024-05-14T23:49:00
1057,nm0575756,2024-10-15T07:14:00
1058,nm0279074,2023-06-20T15:04:00
1058,nm0714878,2024-11-26T02:40:00
1058,nm0687847,2024-12-09T06:02:00
1058,nm0075650,2023-01-02T19:54:00
1058,nm0108440,2023-03-19T10:18:00
1058,nm0814216,2024-05-16T17:15:00
1058,nm0281661,2023-11-14T15:08:00
1058,nm0176520,2023-05-20T16:31:00
1058,nm0000435,2023-12-01T16:38:00
1059,nm0875023,2023-10-20T11:21:00
1059,nm0474252,2024-02-23T07:40:00
1059,nm1666212,2024-05-14T14:37:00
1059,nm0807580,2024-08-13T13:12:00
1059,nm0529402,2023-08-23T23:13:00
1059,nm0888349,2024-05-23T03:52:00
1059,nm0364800,2023-07-07T08:36:00
1059,nm0787676,2023-07-18T04:06:00
1059,nm0631025,2023-08-07T04:30:00
1062,nm0771493,2024-08-04T13:15:00
1062,nm0448195,2023-12-20T16:02:00
1062,nm0001496,2023-10-21T11:31:00
1062,nm0370411,2023-06-28T11:13:00
1062,nm0820880,2024-06-15T01:00:00
1062,nm0302480,2023-08-06T08:07:00
1062,nm4966502,2024-10-15T10:16:00
1062,nm0746208,2023-01-22T01:55:00
1063,nm0000458,2024-06-16T16:14:00
1064,nm1234132,2024-01-26T14:22:00
1064,nm0543188,2023-04-20T15:02:00
1068,nm0204898,2023-05-26T20:38:00
1068,nm0205784,2023-04-28T20:36:00
1068,nm0598229,2024-11-20T22:18:00
1068,nm0829717,2023-02-06T11:20:00
1068,nm0156187,2023-09-27T04:37:00
1068,nm0144596,2024-02-26T17:29:00
1069,nm1688843,2023-06-06T09:25:00
1069,nm0501489,2024-11-24T06:51:00
1069,nm1402751,2024-06-04T19:47:00
1069,nm0435726,2023-01-12T02:03:00
1069,nm0049467,2024-12-09T17:41:00
1069,nm3618560,2023-03-06T07:56:00
1069,nm0529989,2023-05-21T19:35:00
1069,nm0433479,2023-09-07T21:44:00
1070,nm0141581,2024-12-25T02:02:00
1070,nm0005408,2023-11-16T08:30:00
1070,nm0128280,2023-01-06T14:48:00
1070,nm0083280,2023-05-19T05:27:00
1070,nm0601041,2024-05-06T01:04:00
1070,nm0107281,2023-06-01T20:07:00
1070,nm2585331,2024-10-23T02:08:00
1070,nm6588776,2023-01-08T19:36:00
1070,nm0940971,2024-02-12T11:43:00
1070,nm0843183,2023-10-01T08:25:00
1071,nm1133364,2024-11-05T16:19:00
1071,nm0908022,2023-03-20T18:16:00
1071,nm0005441,2023-03-08T18:08:00
1071,nm0023569,2024-06-23T13:12:00
1071,nm0862086,2023-03-05T00:36:00
1071,nm0665886,2023-03-26T11:12:00
1071,nm0185720,2024-07-13T10:50:00
1071,nm0949355,2023-12-01T01:45:00
1071,nm3416107,2023-05-05T01:07:00
1072,nm0000150,2024-04-06T12:02:00
1072,nm0004429,2024-02-26T19:18:00
1073,nm0385594,2023-09-11T06:59:00
1073,nm0428856,2024-08-16T13:22:00
1073,nm0299233,2024-07-10T12:41:00
1073,nm0000057,2024-08-11T18:30:00
1074,nm0524528,2024-01-26T20:25:00
1074,nm0338126,2023-12-14T16:32:00
1074,nm0442008,2023-07-24T22:19:00
1077,nm0516310,2023-06-15T15:07:00
1077,nm0473825,2024-02-01T19:08:00
1078,nm0249291,2023-02-24T01:04:00
1078,nm6313534,2023-01-22T14:18:00
1078,nm0381773,2024-05-09T02:56:00
1078,nm1173131,2023-12-13T02:00:00
1078,nm0342957,2024-06-06T10:41:00
1078,nm0001780,2024-02-22T15:34:00
1080,nm0159300,2024-01-14T14:49:00
1080,nm0790208,2024-03-14T10:42:00
1080,nm4392728,2024-07-14T19:27:00
1080,nm0000542,2023-09-04T00:33:00
1080,nm0000472,2024-12-13T14:02:00
1080,nm1364509,2023-08-23T14:42:00
1080,nm0674781,2023-07-06T10:35:00
1080,nm0000859,2024-03-02T12:13:00
1088,nm0129894,2024-06-28T03:44:00
1088,nm1443527,2024-11-26T06:29:00
1088,nm0123092,2024-12-17T01:48:00
1088,nm0375167,2024-09-19T03:23:00
1088,nm0267170,2023-07-22T15:15:00
1090,nm0552683,2023-06-16T11:18:00
1092,nm0003244,2023-01-26T19:13:00
1092,nm0200122,2023-03-27T20:05:00
1092,nm0246226,2024-11-02T12:12:00
1092,nm0417236,2024-08-18T20:20:00
1096,nm7452709,2024-07-07T17:44:00
1096,nm0467017,2023-07-09T04:48:00
1096,nm0733678,2024-08-14T07:43:00
1096,nm0209553,2023-09-21T11:31:00
1096,nm0611458,2024-12-08T09:46:00
1096,nm0290903,2023-07-13T23:03:00
1096,nm1022326,2024-01-05T06:58:00
1096,nm0302108,2023-03-24T11:46:00
1096,nm3650532,2023-09-18T09:07:00
1096,nm0791868,2024-10-18T01:38:00
1098,nm1234132,2023-05-14T01:21:00
1098,nm1708203,2023-10-04T04:43:00
1099,nm0290556,2023-06-14T15:02:00
1099,nm2524676,2024-01-24T05:43:00
1099,nm1693022,2023-05-09T21:54:00
1100,nm0651296,2023-03-01T15:41:00
1100,nm0324658,2024-06-01T12:16:00
1102,nm0478068,2024-10-07T22:09:00
1103,nm11634926,2024-11-27T06:48:00
1103,nm0344655,2024-09-27T08:08:00
1103,nm0174725,2024-01-09T04:47:00
1103,nm0002035,2024-11-22T01:57:00
1103,nm2918539,2023-10-16T18:24:00
1103,nm0184840,2023-11-15T08:55:00
1103,nm0729229,2024-03-22T19:24:00
1103,nm0093174,2023-11-06T12:39:00
1104,nm0129894,2024-08-07T14:43:00
1104,nm0590136,2024-04-01T15:16:00
1104,nm0866658,2024-08-18T17:09:00
1104,nm8511275,2023-08-21T02:17:00
1104,nm0000227,2024-12-26T03:54:00
1104,nm4760919,2024-07-10T21:01:00
1104,nm5710665,2023-01-03T06:01:00
1104,nm0378209,2024-09-10T00:17:00
1104,nm2622794,2023-06-28T20:56:00
1104,nm0705005,2024-02-12T00:59:00
1105,nm3374112,2023-11-18T08:27:00
1105,nm0080616,2024-02-07T04:46:00
1105,nm0244075,2024-09-01T20:41:00
1105,nm0923664,2024-08-12T11:27:00
1105,nm0917674,2023-10-15T22:44:00
1105,nm0670964,2024-02-13T21:32:00
1105,nm0141697,2024-05-02T22:20:00
1105,nm0094885,2024-04-05T15:15:00
1106,nm0424743,2024-02-01T03:41:00
1106,nm0601340,2024-11-02T08:49:00
1106,nm0654841,2024-04-02T13:38:00
1106,nm0865276,2023-09-26T13:18:00
1106,nm0365480,2024-03-16T19:59:00
1106,nm2537099,2023-07-15T10:02:00
1107,nm0002064,2024-07-03T13:20:00
1107,nm0246226,2023-01-12T07:36:00
1107,nm0314305,2024-06-10T01:52:00
1107,nm0165808,2023-05-17T23:18:00
1107,nm1981105,2024-10-18T23:47:00
1107,nm4991332,2024-07-02T01:44:00
1107,nm0734000,2024-04-13T04:19:00
1107,nm0113617,2024-06-07T17:15:00
1108,nm2714999,2023-10-18T12:56:00
1108,nm0135622,2024-06-15T05:13:00
1108,nm0496932,2024-07-04T05:56:00
1108,nm0845609,2024-04-21T03:09:00
1108,nm0001886,2024-12-18T01:03:00
1108,nm6815000,2023-07-21T07:30:00
1108,nm4445004,2024-08-09T07:18:00
1108,nm0454514,2023-07-04T16:50:00
1108,nm0607703,2024-01-10T03:25:00
1110,nm0005569,2024-10-26T18:48:00
1110,nm0137079,2024-03-13T01:21:00
1110,nm0001450,2023-08-19T22:26:00
1110,nm0748204,2024-12-11T14:31:00
1110,nm0541136,2024-02-24T13:14:00
1110,nm8682291,2023-12-25T07:44:00
1111,nm0744609,2023-04-27T00:18:00
1111,nm1963406,2023-08-10T21:13:00
1111,nm0333701,2024-10-08T01:09:00
1111,nm1375534,2023-01-03T21:04:00
1111,nm0548010,2023-02-04T07:59:00
1111,nm0177815,2024-06-15T23:13:00
1111,nm0653826,2023-01-15T13:20:00
1111,nm1605095,2024-12-14T14:12:00
1111,nm0864607,2024-06-23T19:20:00
1111,nm3940976,2023-05-05T00:31:00
1112,nm3374112,2023-06-20T14:41:00
1112,nm0993256,2024-12-02T07:52:00
1112,nm0746125,2023-09-13T00:53:00
1113,nm0370822,2023-11-01T21:07:00
1113,nm0885427,2024-01-12T12:44:00
1113,nm0659394,2023-10-13T19:05:00
1113,nm0001719,2024-08-07T19:36:00
1113,nm0803705,2023-03-02T23:18:00
1113,nm0411150,2024-02-08T03:54:00
1113,nm3164835,2024-11-27T03:58:00
1113,nm0219971,2024-01-04T11:01:00
1114,nm3027083,2023-10-02T11:28:00
1114,nm0541446,2023-02-19T11:38:00
1114,nm0308984,2023-02-11T07:44:00
1114,nm0593258,2023-09-25T00:33:00
1114,nm0105482,2024-04-21T15:51:00
1114,nm8338126,2023-07-10T06:41:00
1114,nm0837360,2024-05-25T19:05:00
1114,nm0754241,2023-10-05T01:07:00
1114,nm0504342,2024-12-28T23:06:00
1115,nm0011244,2024-08-05T15:00:00
1115,nm2143605,2023-10-14T06:27:00
1115,nm0758692,2024-07-06T01:14:00
1118,nm3039742,2023-01-25T05:45:00
1118,nm0313308,2023-02-01T15:30:00
1118,nm1748835,2023-09-09T23:32:00
1119,nm0633041,2023-02-25T12:48:00
1123,nm1101677,2024-12-14T22:39:00
1123,nm3389550,2023-05-26T03:42:00
1123,nm0335497,2024-11-26T21:07:00
1124,nm0385026,2024-11-24T16:24:00
1124,nm5935549,2024-02-28T13:14:00
1124,nm0276467,2024-03-04T08:32:00
1124,nm0458033,2023-05-27T20:07:00
1124,nm0137664,2023-06-25T11:10:00
1125,nm0367938,2023-03-25T20:27:00
1125,nm1534888,2024-07-15T09:08:00
1125,nm0462679,2023-06-03T11:31:00
1125,nm0052138,2024-06-18T07:04:00
1125,nm1215814,2023-10-28T02:25:00
1125,nm0083238,2024-04-28T06:44:00
1127,nm0874232,2024-09-11T16:22:00
1127,nm4269084,2023-11-12T04:44:00
1127,nm2790265,2024-03-17T22:50:00
1127,nm0717980,2023-01-13T17:09:00
1127,nm0053245,2023-12-02T02:16:00
1127,nm3718007,2024-08-10T21:49:00
1127,nm0042106,2024-08-12T12:24:00
1127,nm1828251,2023-01-28T04:11:00
1127,nm1694797,2023-12-25T08:47:00
1127,nm0957976,2024-05-26T23:16:00
1128,nm0417837,2023-10-20T23:21:00
1128,nm12929562,2024-08-27T12:04:00
1128,nm0057422,2023-03-01T08:47:00
1128,nm0001487,2023-05-14T03:46:00
1128,nm0006718,2023-01-24T02:02:00
1130,nm0006511,2023-07-07T09:09:00
1130,nm0721486,2024-06-15T04:16:00
1130,nm0950009,2024-10-22T11:54:00
1130,nm0548971,2023-02-19T13:34:00
1130,nm0700876,2023-10-09T23:16:00
1130,nm0029025,2023-03-24T16:05:00
1131,nm0016013,2023-07-11T19:04:00
1131,nm0907480,2023-06-16T17:30:00
1131,nm0176882,2023-04-22T22:47:00
1131,nm0210116,2024-03-05T21:39:00
1131,nm0840373,2024-04-07T01:44:00
1131,nm0332709,2023-12-15T04:53:00
1131,nm0261390,2024-04-01T16:50:00
1131,nm0054922,2023-10-27T03:01:00
1132,nm0692391,2024-01-15T21:55:00
1132,nm1384666,2024-03-01T16:05:00
1132,nm0137046,2024-09-14T09:15:00
1132,nm2342614,2023-06-08T11:00:00
1132,nm2412822,2024-10-03T14:35:00
1132,nm0526729,2024-06-10T18:08:00
1133,nm0001485,2024-01-03T21:46:00
1135,nm0320988,2023-08-23T18:05:00
1135,nm0437704,2024-06-14T15:20:00
1135,nm0619821,2024-09-04T02:56:00
1135,nm0433209,2023-03-01T16:26:00
1137,nm0482121,2024-08-21T13:59:00
1137,nm0230774,2024-03-17T10:25:00
1137,nm0629731,2023-06-07T04:00:00
1137,nm0087324,2023-04-01T01:08:00
1137,nm3418737,2023-01-16T00:15:00
1137,nm0413168,2024-12-08T13:12:00
1137,nm0010611,2024-01-11T17:03:00
1137,nm0504897,2023-03-13T00:13:00
1137,nm0937540,2023-01-19T22:50:00
1139,nm0689185,2023-08-09T05:00:00
1139,nm1146051,2023-05-05T14:00:00
1139,nm0333117,2024-10-19T11:18:00
1139,nm0615165,2023-04-23T10:48:00
1139,nm0244999,2024-01-01T00:28:00
1141,nm0784106,2023-03-08T13:02:00
1141,nm0002011,2024-06-18T15:23:00
1141,nm0817038,2023-09-12T23:41:00
1141,nm0177485,2023-02-27T23:22:00
1141,nm0919623,2023-12-19T13:12:00
1141,nm0430829,2023-02-03T03:45:00
1141,nm1039851,2023-08-18T09:24:00
1143,nm0001428,2024-07-04T21:04:00
1143,nm2371560,2024-07-19T15:12:00
1143,nm0104183,2024-05-16T23:15:00
1143,nm3677062,2024-07-07T08:19:00
1143,nm0000068,2024-04-18T04:47:00
1143,nm1909060,2023-10-03T19:30:00
1143,nm8672553,2023-01-21T22:34:00
1143,nm0027810,2023-04-13T16:19:00
1144,nm0317956,2023-02-22T22:30:00
1144,nm2719578,2023-05-10T01:57:00
1144,nm1703159,2024-09-25T21:39:00
1144,nm0765823,2023-10-02T18:27:00
1144,nm0790208,2023-09-15T21:33:00
1145,nm0784875,2023-03-18T04:41:00
1145,nm0577911,2024-08-17T09:23:00
1146,nm0208444,2023-12-25T08:48:00
1148,nm1603618,2023-07-01T20:51:00
1148,nm0688836,2023-05-15T01:29:00
1148,nm1796402,2023-11-14T17:25:00
1148,nm1211594,2024-04-13T09:48:00
1148,nm0002013,2023-05-27T02:26:00
1148,nm0862963,2023-04-05T02:31:00
1148,nm0000098,2023-11-04T08:15:00
1149,nm0870535,2023-12-25T19:34:00
1149,nm1967617,2024-06-02T17:09:00
1149,nm2718013,2024-02-27T22:28:00
1149,nm0657004,2023-08-11T05:25:00
1149,nm0602071,2023-08-20T13:37:00
1149,nm0057422,2024-12-26T23:50:00
1149,nm0000029,2023-11-01T21:12:00
1149,nm4278486,2023-11-13T13:40:00
1149,nm1800349,2023-01-12T13:19:00
1150,nm0894690,2024-05-02T04:37:00
1150,nm0002022,2024-07-17T07:02:00
1150,nm8974905,2024-09-15T00:04:00
1150,nm0001654,2024-11-25T03:18:00
1150,nm0783317,2023-01-03T19:42:00
1150,nm0069770,2023-01-05T06:31:00
1150,nm1731946,2023-05-20T10:01:00
1150,nm0264781,2023-01-21T11:47:00
1152,nm0000188,2024-02-05T04:22:00
1152,nm0104526,2023-07-15T14:06:00
1152,nm0277145,2024-09-11T10:14:00
1152,nm0759757,2024-12-13T07:08:00
1152,nm0632425,2023-05-27T07:59:00
1152,nm0449694,2023-12-02T01:59:00
1152,nm5126844,2024-05-11T19:58:00
1155,nm6356200,2023-03-19T22:12:00
1156,nm0908729,2024-04-27T13:50:00
1156,nm0000674,2024-08-25T04:28:00
1156,nm0011244,2023-03-08T10:40:00
1156,nm0112548,2023-01-04T03:41:00
1156,nm0451228,2023-11-28T14:37:00
1157,nm0476287,2023-05-20T10:53:00
1158,nm0634576,2024-08-07T07:03:00
1158,nm7602104,2024-12-09T14:49:00
1158,nm0677320,2024-08-27T09:09:00
1159,nm1370446,2024-12-28T15:00:00
1159,nm0001184,2024-02-02T22:28:00
1160,nm1129289,2023-12-09T03:12:00
1160,nm0111612,2024-11-02T03:52:00
1160,nm0593192,2023-05-01T19:43:00
1160,nm6393485,2024-06-20T14:01:00
1160,nm0211819,2024-05-17T12:22:00
1160,nm4841157,2024-01-14T11:02:00
1160,nm0001224,2023-01-11T13:34:00
1160,nm0227867,2024-02-09T11:17:00
1160,nm0397048,2023-08-01T00:59:00
1161,nm0001838,2024-01-14T07:17:00
1161,nm0470182,2024-08-27T21:51:00
1161,nm0005195,2024-04-06T22:57:00
1161,nm0860471,2024-12-14T18:18:00
1161,nm0578412,2024-12-28T02:29:00
1161,nm0582074,2024-08-09T01:28:00
1162,nm0726994,2023-07-03T22:44:00
1162,nm0696387,2024-10-26T21:41:00
1162,nm0908094,2023-03-12T03:10:00
1162,nm0001284,2023-08-07T02:47:00
1162,nm0452361,2024-07-23T00:53:00
1162,nm5307910,2024-07-17T15:12:00
1162,nm0423149,2024-09-07T16:36:00
1162,nm0332944,2024-12-16T20:23:00
1162,nm1518273,2024-10-26T14:05:00
1162,nm0338126,2024-03-28T15:21:00
1163,nm0039498,2023-07-27T06:44:00
1163,nm0016242,2024-11-22T19:34:00
1163,nm0000817,2023-10-16T01:32:00
1163,nm3464905,2024-08-13T03:11:00
1165,nm0895043,2023-08-16T09:53:00
1165,nm0273390,2023-12-26T12:23:00
1165,nm0559326,2023-05-08T08:33:00
1165,nm0395004,2023-06-27T04:05:00
1166,nm0464137,2023-12-01T12:24:00
1166,nm0667611,2023-03-22T07:32:00
1166,nm0766046,2023-05-28T02:53:00
1166,nm0000099,2023-08-06T14:58:00
1166,nm0019736,2023-07-28T03:27:00
1166,nm0752137,2023-03-27T12:37:00
1166,nm5140138,2023-12-11T07:06:00
1166,nm0593803,2023-01-22T18:01:00
1167,nm0168627,2024-03-07T19:37:00
1167,nm0228250,2024-06-28T18:47:00
1167,nm0000376,2024-03-07T22:33:00
1167,nm0443343,2024-11-10T16:42:00
1167,nm0000032,2023-06-04T00:42:00
1167,nm0002025,2024-11-14T08:31:00
1169,nm4469206,2023-01-25T11:55:00
1169,nm0784018,2023-01-17T14:59:00
1169,nm0268428,2024-03-25T11:48:00
1169,nm0317558,2023-08-06T08:55:00
1170,nm4739008,2023-08-10T04:59:00
1170,nm1259556,2023-08-04T16:39:00
1170,nm0007814,2024-08-14T19:15:00
1170,nm0546122,2023-09-02T11:24:00
1170,nm0478762,2023-11-26T21:13:00
1171,nm0266949,2023-02-26T16:22:00
1173,nm0213107,2024-06-19T03:35:00
1173,nm1086926,2023-11-07T00:49:00
1173,nm0829576,2024-05-14T01:29:00
1173,nm0000708,2024-06-16T08:39:00
1173,nm0843183,2023-05-01T18:42:00
1173,nm0514976,2023-02-26T11:09:00
1173,nm0163984,2024-10-20T07:32:00
1173,nm0000273,2023-04-02T08:28:00
1174,nm0545659,2023-03-02T15:39:00
1175,nm0516634,2024-09-24T20:21:00
1175,nm0137967,2023-07-02T13:48:00
1175,nm3096390,2023-06-23T19:49:00
1176,nm3677062,2024-09-08T19:25:00
1176,nm7211213,2023-10-09T13:44:00
1176,nm0755267,2023-04-28T00:40:00
1176,nm4658761,2023-02-18T22:05:00
1176,nm0195620,2024-01-10T08:40:00
1176,nm0326599,2023-10-12T03:33:00
1177,nm0757256,2024-04-04T23:25:00
1177,nm0000299,2024-02-02T07:36:00
1177,nm2622794,2023-10-13T10:30:00
1178,nm0738231,2023-08-05T03:18:00
1178,nm0377012,2024-10-27T12:49:00
1178,nm0631761,2024-05-06T06:16:00
1178,nm0766212,2023-07-26T17:04:00
1178,nm0001491,2023-04-08T09:33:00
1178,nm0408636,2024-02-03T23:33:00
1178,nm2324301,2023-09-17T02:43:00
1178,nm0179819,2023-10-15T14:35:00
1178,nm0292841,2024-04-03T19:38:00
1179,nm0631490,2024-09-15T18:52:00
1180,nm0825952,2024-10-18T10:18:00
1180,nm0816457,2024-03-11T07:38:00
1180,nm0329583,2023-07-19T07:53:00
1180,nm0876278,2024-09-18T23:33:00
1180,nm0444205,2024-01-17T07:02:00
1180,nm0462116,2023-05-17T06:19:00
1180,nm0759962,2023-01-26T17:55:00
1180,nm0731286,2024-05-01T23:53:00
1182,nm0000673,2023-04-15T14:58:00
1182,nm0331597,2024-12-15T22:33:00
1182,nm0528705,2023-02-18T19:32:00
1182,nm0413665,2024-04-26T13:57:00
1183,nm0621002,2024-02-25T12:42:00
1183,nm4904166,2024-05-18T23:47:00
1183,nm0744199,2024-12-08T18:30:00
1183,nm11634926,2023-03-24T21:39:00
1183,nm0010958,2024-07-22T05:04:00
1183,nm0937629,2023-05-11T08:40:00
1183,nm5928079,2024-03-10T17:51:00
1183,nm0392004,2023-05-03T01:36:00
1184,nm0088285,2023-07-21T17:06:00
1184,nm0685174,2024-08-28T09:26:00
1184,nm0346087,2024-02-15T02:42:00
1184,nm1137020,2024-06-15T11:03:00
1184,nm0710447,2023-04-25T14:35:00
1184,nm0340822,2023-07-11T10:16:00
1184,nm0325520,2023-03-21T01:50:00
1185,nm0233937,2023-02-21T09:47:00
1185,nm7819096,2024-08-26T07:35:00
1185,nm0931525,2023-03-06T04:06:00
1185,nm0619227,2024-05-04T04:59:00
1185,nm0091286,2023-01-27T09:32:00
1185,nm0226970,2023-07-05T06:42:00
1185,nm0460867,2023-02-21T16:39:00
1188,nm0120147,2023-02-21T00:20:00
1188,nm0138405,2024-02-12T13:43:00
1188,nm0202184,2023-10-17T16:17:00
1188,nm0605252,2023-04-05T20:16:00
1190,nm0911734,2023-01-24T09:28:00
1190,nm1338532,2023-08-12T12:47:00
1190,nm8585433,2023-09-12T23:55:00
1190,nm0234118,2023-10-17T00:31:00
1190,nm0174682,2023-12-20T11:26:00
1190,nm0471147,2023-03-06T02:20:00
1190,nm0222643,2024-08-01T16:22:00
1190,nm0146185,2024-01-08T15:49:00
1191,nm1600075,2024-11-22T04:54:00
1191,nm0213847,2024-02-01T05:40:00
1191,nm0284814,2023-08-20T19:08:00
1191,nm0220886,2024-10-02T08:19:00
1191,nm3371540,2024-07-16T12:00:00
1191,nm1054273,2023-09-06T19:05:00
1191,nm0266886,2023-10-27T19:59:00
1191,nm0881864,2024-03-19T02:44:00
1192,nm1517976,2024-12-02T17:23:00
1192,nm0407507,2023-10-15T21:46:00
1192,nm1830810,2024-01-24T15:03:00
1195,nm0000919,2023-06-15T19:56:00
1195,nm0068772,2024-03-05T11:36:00
1195,nm1036570,2024-03-02T00:47:00
1195,nm0045420,2024-11-13T21:03:00
1195,nm0929795,2023-12-08T04:09:00
1195,nm0379468,2024-11-03T03:56:00
1198,nm0129411,2023-05-10T22:31:00
1198,nm0455454,2023-12-19T12:33:00
1198,nm0823592,2024-05-16T20:55:00
1199,nm0591149,2023-01-15T12:24:00
1199,nm0853623,2024-08-26T10:34:00
1199,nm0608012,2023-08-01T11:21:00
1199,nm0210925,2024-03-27T18:22:00
1199,nm2244205,2024-01-15T10:31:00
1199,nm0957088,2023-05-26T23:11:00
1199,nm5195189,2023-01-04T13:25:00
1199,nm0175681,2024-04-08T16:35:00
1201,nm1203355,2024-09-25T08:14:00
1201,nm1775058,2024-05-02T21:27:00
1201,nm0532458,2024-11-04T21:27:00
1201,nm0681608,2023-09-17T00:09:00
1201,nm6605979,2024-02-26T08:42:00
1201,nm5152213,2024-11-28T00:17:00
1201,nm0149973,2023-08-19T00:10:00
1201,nm0763072,2024-03-05T17:19:00
1201,nm2008580,2024-10-23T02:06:00
1202,nm0107101,2023-04-03T03:43:00
1202,nm0506804,2024-05-06T09:00:00
1202,nm0959575,2023-06-26T09:36:00
1202,nm0793987,2024-01-09T03:47:00
1206,nm9074055,2024-08-16T03:10:00
1206,nm0466505,2023-01-08T03:32:00
1206,nm0913993,2024-07-03T20:23:00
1207,nm1234132,2023-01-09T16:39:00
1207,nm0108440,2024-03-25T06:01:00
1207,nm0843762,2023-03-27T05:05:00
1207,nm0364710,2023-10-05T03:46:00
1207,nm0648164,2023-07-05T05:09:00
1207,nm0602242,2024-04-28T20:52:00
1207,nm0761835,2023-03-04T22:14:00
1207,nm1392075,2023-07-14T16:52:00
1207,nm1817887,2023-04-27T20:01:00
1207,nm0092231,2024-02-14T02:16:00
1209,nm1091972,2023-03-19T18:18:00
1209,nm0529452,2023-05-19T12:51:00
1210,nm0908094,2024-02-15T12:38:00
1210,nm2356421,2023-02-16T14:46:00
1210,nm6318277,2023-02-28T00:59:00
1210,nm0003104,2024-01-20T14:05:00
1210,nm0505801,2024-06-23T16:59:00
1210,nm0437060,2024-09-16T11:15:00
1210,nm2281884,2024-03-06T10:06:00
1210,nm0730394,2023-09-09T18:06:00
1212,nm0043035,2023-01-19T23:16:00
1214,nm0474958,2023-01-06T20:49:00
1214,nm8873343,2024-02-08T11:20:00
1214,nm0284814,2024-02-07T22:22:00
1214,nm2719578,2024-10-24T10:33:00
1214,nm2114169,2024-12-13T10:00:00
1216,nm0547045,2024-10-11T15:15:00
1216,nm0000641,2024-12-06T01:13:00
1216,nm2119672,2024-10-17T02:18:00
1216,nm0234122,2024-02-28T06:32:00
1216,nm0273075,2023-09-02T14:32:00
1216,nm2766807,2023-06-02T17:08:00
1216,nm3533634,2024-06-23T18:17:00
1216,nm11055309,2023-02-15T21:46:00
1216,nm8871048,2024-02-24T20:06:00
1216,nm0782225,2024-01-22T00:08:00
1217,nm0715577,2024-08-21T14:52:00
1217,nm4028885,2023-12-06T02:16:00
1217,nm0573640,2023-02-24T09:55:00
1217,nm9597004,2023-09-08T21:00:00
1217,nm0001893,2023-07-04T23:50:00
1217,nm0929856,2023-08-06T09:20:00
1218,nm0839486,2023-02-27T05:27:00
1218,nm0853623,2024-08-10T09:07:00
1218,nm0490708,2024-03-26T22:52:00
1218,nm0731783,2023-10-05T06:04:00
1218,nm0001780,2024-04-26T19:19:00
1218,nm0301185,2024-11-26T02:01:00
1218,nm0522205,2023-12-27T14:46:00
1218,nm0163648,2024-03-21T10:48:00
1218,nm0556209,2024-06-26T01:54:00
1218,nm2092835,2023-06-15T14:48:00
1220,nm0611348,2024-01-16T09:24:00
1220,nm0024529,2024-05-15T15:18:00
1220,nm2957986,2023-03-25T12:47:00
1220,nm0133448,2023-01-14T12:31:00
1220,nm0752698,2023-03-08T16:06:00
1220,nm2413699,2023-08-27T03:39:00
1220,nm0941520,2023-05-22T18:16:00
1220,nm0083424,2024-04-12T16:47:00
1220,nm0930286,2024-10-26T09:12:00
1220,nm0103242,2023-08-10T03:59:00
1221,nm0807571,2023-06-12T16:14:00
1221,nm0323619,2024-06-21T15:27:00
1221,nm0000316,2024-11-17T13:24:00
1221,nm0572897,2023-10-21T19:19:00
1221,nm0888727,2023-11-23T20:49:00
1221,nm0875370,2023-10-19T22:37:00
1224,nm0000144,2024-06-08T10:40:00
1224,nm0229361,2023-12-19T22:06:00
1224,nm0522205,2023-08-27T02:24:00
1224,nm0025857,2024-04-09T17:52:00
1224,nm0195235,2023-07-03T22:24:00
1224,nm0382900,2024-11-13T07:01:00
1224,nm3117836,2023-08-11T15:45:00
1225,nm0021112,2023-12-08T00:49:00
1226,nm5555419,2023-01-20T15:23:00
1228,nm0279148,2024-08-06T08:12:00
1228,nm0000902,2023-07-02T02:44:00
1228,nm0134201,2024-03-27T08:35:00
1228,nm0255544,2024-11-19T11:40:00
1228,nm0391400,2024-03-02T12:07:00
1228,nm0309607,2024-12-28T03:40:00
1228,nm2655869,2023-04-04T22:06:00
1228,nm2652025,2024-09-28T12:53:00
1228,nm6727895,2024-06-20T11:14:00
1228,nm0000912,2023-02-17T21:35:00
1231,nm1127373,2024-12-12T04:38:00
1231,nm0048695,2024-03-28T22:44:00
1231,nm1164435,2024-03-13T04:33:00
1231,nm0629667,2023-07-26T08:26:00
1231,nm0494774,2024-06-14T13:50:00
1231,nm2313103,2023-06-14T10:43:00
1231,nm0001518,2023-12-02T08:55:00
1231,nm0503567,2024-10-05T06:56:00
1231,nm0182617,2024-03-01T20:37:00
1231,nm2290954,2024-09-13T08:11:00
1232,nm0000062,2024-05-03T12:45:00
1232,nm3385285,2023-01-25T04:28:00
1233,nm0028674,2024-06-25T13:59:00
1233,nm0811629,2024-02-12T11:07:00
1233,nm4018549,2024-07-26T10:31:00
1236,nm0161568,2023-03-08T22:27:00
1236,nm0773536,2024-04-09T11:39:00
1236,nm5843593,2024-09-28T15:51:00
1236,nm0602206,2024-11-08T19:34:00
1236,nm0003492,2024-12-18T13:13:00
1236,nm0615165,2024-10-25T19:48:00
1237,nm1041564,2023-12-27T19:51:00
1237,nm0767562,2024-01-02T18:41:00
1238,nm0346102,2023-02-14T07:35:00
1238,nm0000342,2023-06-03T21:17:00
1238,nm0204898,2024-12-20T23:05:00
1238,nm5857646,2024-09-02T09:54:00
1238,nm0000685,2024-06-08T07:21:00
1239,nm0268428,2023-01-02T16:25:00
1239,nm0843520,2023-03-25T14:37:00
1239,nm0585108,2023-08-02T22:27:00
1239,nm2725254,2023-02-26T12:24:00
1239,nm0869548,2023-12-18T05:37:00
1239,nm1117728,2023-03-20T19:59:00
1239,nm0121819,2024-03-07T00:33:00
1239,nm10163946,2024-06-12T11:28:00
1239,nm2614437,2023-01-11T19:40:00
1239,nm0114460,2024-02-16T03:45:00
1241,nm0657004,2023-01-19T03:31:00
1241,nm0001774,2024-11-21T23:03:00
1241,nm0329467,2023-11-07T02:46:00
1244,nm0664005,2024-12-19T11:43:00
1244,nm0064604,2024-09-19T14:39:00
1244,nm1936366,2024-10-07T14:48:00
1244,nm0430687,2024-09-02T20:29:00
1245,nm0426261,2024-11-25T01:21:00
1245,nm12717153,2023-09-08T14:34:00
1245,nm0733678,2023-11-13T22:40:00
1245,nm0299014,2023-01-20T07:20:00
1245,nm0045937,2023-12-03T03:56:00
1245,nm0015320,2023-08-16T10:12:00
1245,nm0001463,2024-03-17T09:13:00
1245,nm0260124,2023-12-02T08:58:00
1245,nm0855359,2024-02-15T10:13:00
1248,nm0873549,2023-12-27T01:12:00
1248,nm2849093,2024-06-02T07:27:00
1248,nm0185954,2023-09-27T07:17:00
1248,nm1373038,2023-07-02T13:19:00
1248,nm0140895,2024-09-17T18:41:00
1248,nm1296186,2024-06-18T22:39:00
1248,nm0160139,2023-10-08T14:36:00
1249,nm0007237,2023-04-14T03:23:00
1249,nm5589121,2024-12-21T13:33:00
1249,nm0503638,2023-08-26T11:20:00
1249,nm0836593,2024-03-19T11:27:00
1249,nm0919361,2023-01-09T18:28:00
1249,nm0512560,2024-12-22T21:57:00
1249,nm0000365,2024-06-04T06:29:00
1249,nm0790064,2024-01-04T01:05:00
1250,nm1533089,2024-05-16T05:19:00
1250,nm1193573,2024-04-27T08:24:00
1250,nm0407959,2024-10-13T12:55:00
1250,nm0001884,2024-07-12T11:48:00
1250,nm0263775,2024-05-15T09:16:00
1250,nm0492441,2023-05-19T00:03:00
1250,nm0869088,2023-01-27T04:21:00
1251,nm0000385,2024-11-09T09:35:00
1251,nm0378209,2023-05-06T06:02:00
1251,nm3188184,2024-02-14T22:24:00
1251,nm0000110,2023-04-18T14:49:00
1251,nm0001699,2024-05-04T17:53:00
1251,nm0820377,2023-02-14T04:57:00
1251,nm0926072,2023-05-17T05:40:00
1253,nm0176061,2023-10-11T01:49:00
1253,nm0123688,2023-11-12T17:37:00
1253,nm0435920,2023-07-17T03:00:00
1253,nm1694797,2023-11-28T08:17:00
1253,nm0517974,2024-06-19T22:44:00
1253,nm0842985,2024-07-21T21:25:00
1254,nm0494017,2024-08-12T07:18:00
1254,nm0453440,2024-01-23T02:31:00
1254,nm0409869,2024-07-16T21:21:00
1254,nm6636296,2023-04-17T23:36:00
1254,nm0006893,2023-03-07T09:20:00
1254,nm0660119,2024-06-06T21:20:00
1254,nm0766309,2023-07-19T18:28:00
1254,nm0001471,2024-04-05T18:17:00
1254,nm5634984,2023-01-03T13:08:00
1254,nm0003909,2024-08-19T20:28:00
1255,nm0821984,2024-10-17T06:21:00
1255,nm9460174,2023-03-01T11:15:00
1256,nm0000628,2023-05-19T22:46:00
1256,nm1299458,2024-08-27T12:40:00
1256,nm1269867,2024-07-17T11:00:00
1256,nm0274534,2024-02-09T07:09:00
1256,nm0876603,2023-05-22T17:30:00
1256,nm0425216,2023-11-13T23:50:00
1256,nm0535295,2023-10-24T04:54:00
1256,nm0394588,2024-08-26T05:20:00
1256,nm1099375,2024-07-16T20:22:00
1257,nm0731286,2024-04-27T17:33:00
1257,nm0533038,2023-11-04T16:37:00
1257,nm0775201,2023-05-24T14:56:00
1257,nm0059852,2023-12-08T06:13:00
1257,nm0852076,2024-04-14T15:44:00
1257,nm0719016,2023-08-04T14:19:00
1259,nm0448337,2024-02-20T12:54:00
1259,nm0003765,2023-12-25T21:41:00
1259,nm0443891,2024-01-03T13:41:00
1259,nm0125350,2024-03-21T03:47:00
1259,nm1587783,2024-02-18T19:15:00
1259,nm0255946,2024-10-22T05:53:00
1259,nm0397212,2024-01-25T16:12:00
1259,nm0095741,2024-07-17T05:16:00
1260,nm1064352,2023-12-07T03:09:00
1260,nm0044972,2023-08-26T01:23:00
1260,nm0614526,2024-05-12T14:58:00
1260,nm0668391,2024-09-21T16:41:00
1260,nm2063445,2024-06-24T14:55:00
1260,nm0824852,2023-12-08T17:21:00
1262,nm0004843,2023-11-09T15:54:00
1263,nm0790688,2024-02-19T15:39:00
1263,nm0938923,2023-12-03T19:30:00
1263,nm0750530,2023-05-17T23:52:00
1263,nm0004571,2023-05-06T16:22:00
1263,nm0060302,2024-11-08T19:32:00
1263,nm1750943,2023-11-20T10:59:00
1266,nm3915884,2023-12-25T05:08:00
1266,nm7822424,2024-03-23T18:59:00
1267,nm0514905,2023-05-16T12:46:00
1267,nm0158785,2024-06-24T05:05:00
1267,nm1682573,2024-12-23T12:46:00
1267,nm0479772,2023-01-14T19:03:00
1268,nm0634576,2023-04-13T21:00:00
1268,nm1168317,2024-10-09T16:08:00
1268,nm0424499,2024-03-15T06:26:00
1268,nm0585689,2024-06-28T12:39:00
1268,nm0729870,2024-05-10T05:54:00
1268,nm0237693,2024-12-09T09:15:00
1268,nm0531756,2023-10-12T21:01:00
1269,nm0665109,2024-10-27T00:48:00
1269,nm0000800,2023-03-09T22:33:00
1269,nm0501534,2023-09-01T20:02:00
1269,nm11931621,2023-08-27T04:36:00
1269,nm7592730,2024-02-18T11:22:00
1269,nm0402842,2023-08-26T22:58:00
1269,nm0001633,2024-08-07T09:11:00
1270,nm0336500,2023-09-24T02:38:00
1270,nm0436518,2024-01-27T21:31:00
1270,nm0204566,2023-08-20T12:28:00
1274,nm0824102,2023-12-02T04:12:00
1274,nm0883484,2024-09-20T10:58:00
1274,nm0156005,2023-10-01T19:11:00
1274,nm0908124,2024-07-25T17:38:00
1274,nm0584541,2024-12-13T01:27:00
1274,nm1508186,2024-07-26T07:36:00
1274,nm0141632,2024-08-02T09:52:00
1276,nm0126960,2024-01-24T17:06:00
1276,nm0948000,2023-09-18T08:44:00
1277,nm0097917,2024-03-17T13:02:00
1277,nm11437554,2024-03-09T01:37:00
1277,nm0068873,2023-11-20T16:48:00
1277,nm0118158,2024-04-28T06:14:00
1277,nm1276942,2023-09-27T12:35:00
1277,nm0942926,2024-10-19T08:27:00
1277,nm0970173,2024-08-06T00:21:00
1278,nm1067437,2023-06-19T13:04:00
1278,nm6815001,2024-05-22T01:07:00
1278,nm0135281,2023-09-06T17:59:00
1278,nm1041596,2023-12-07T02:28:00
1278,nm0071290,2023-01-25T05:34:00
1278,nm0550552,2024-03-11T07:39:00
1278,nm0627505,2024-06-14T13:43:00
1278,nm0766924,2023-06-24T04:22:00
1278,nm0484970,2024-12-02T19:05:00
1279,nm0359077,2024-10-23T22:00:00
1279,nm0881631,2024-08-28T09:55:00
1281,nm0123201,2023-03-13T22:52:00
1281,nm0001182,2023-06-25T20:12:00
1281,nm0371342,2024-06-13T10:09:00
1281,nm0197542,2023-02-14T23:42:00
1281,nm0201673,2024-04-06T03:32:00
1281,nm0033636,2024-09-15T11:05:00
1281,nm3663669,2024-02-27T12:48:00
1286,nm0129254,2024-06-03T18:04:00
1287,nm0204305,2023-03-16T20:42:00
1287,nm0661541,2024-12-22T14:55:00
1287,nm1543212,2024-07-16T05:20:00
1287,nm1985227,2024-03-26T04:06:00
1287,nm1822140,2024-06-22T06:45:00
1287,nm0098393,2023-12-13T13:58:00
1287,nm0665842,2023-04-04T23:34:00
1287,nm0421922,2024-03-07T11:05:00
1289,nm0334048,2023-10-12T20:57:00
1289,nm0492908,2024-05-18T14:05:00
1289,nm0148382,2023-01-26T22:13:00
1290,nm0343325,2023-02-24T23:15:00
1290,nm0419593,2024-04-02T22:05:00
1290,nm0191053,2024-05-13T05:01:00
1290,nm0590747,2023-12-01T08:41:00
1290,nm1222856,2024-02-10T08:52:00
1290,nm0822048,2023-02-05T14:38:00
1291,nm0741454,2024-08-07T19:55:00
1291,nm1124109,2024-06-15T08:43:00
1291,nm4825388,2024-04-18T10:58:00
1291,nm0926691,2024-05-17T08:54:00
1291,nm0241523,2024-10-03T06:31:00
1291,nm1339419,2023-01-27T15:27:00
1291,nm0659427,2023-01-14T09:55:00
1291,nm0210925,2023-12-22T14:56:00
1292,nm3385285,2024-08-11T01:21:00
1292,nm0666881,2024-04-01T23:20:00
1292,nm0446438,2023-04-03T11:23:00
1292,nm0000099,2024-06-06T07:38:00
1292,nm0759738,2023-08-21T02:17:00
1292,nm0411879,2024-10-13T13:01:00
1292,nm0330064,2023-06-14T21:22:00
1292,nm0706608,2023-10-14T03:26:00
1297,nm0310890,2024-04-25T02:09:00
1297,nm0659394,2024-01-22T21:36:00
1297,nm0362970,2023-01-20T18:48:00
1297,nm0111274,2023-01-26T12:18:00
1297,nm0005191,2024-07-10T06:52:00
1297,nm0957460,2023-11-12T15:15:00
1298,nm0029865,2023-06-07T12:53:00
1299,nm0615165,2023-11-05T23:47:00
1299,nm0946083,2024-01-12T12:49:00
1299,nm0000198,2024-07-22T06:30:00
1301,nm1536988,2024-10-11T13:23:00
1301,nm1573418,2024-07-18T14:29:00
1302,nm2003063,2023-05-03T18:42:00
1302,nm0785152,2023-09-26T03:56:00
1302,nm4964930,2023-04-01T07:51:00
1302,nm0004647,2024-02-26T21:13:00
1302,nm1164435,2024-10-07T17:11:00
1302,nm2444835,2024-05-06T02:42:00
1304,nm4866661,2023-03-11T10:02:00
1304,nm0502425,2023-10-19T03:17:00
1304,nm0133880,2024-10-16T16:03:00
1304,nm3067749,2023-01-28T08:20:00
1306,nm0001768,2024-11-10T07:27:00
1306,nm0838687,2023-11-06T07:23:00
1306,nm0159300,2024-06-12T12:47:00
1306,nm0317279,2023-11-01T13:40:00
1306,nm5071471,2023-05-28T14:19:00
1309,nm0412404,2024-09-21T16:40:00
1309,nm3968602,2023-08-23T08:17:00
1309,nm0840598,2024-09-10T08:37:00
1309,nm0045584,2023-10-19T03:22:00
1309,nm12776865,2024-02-24T21:56:00
1310,nm0196726,2024-11-21T15:17:00
1310,nm0392067,2024-09-25T19:39:00
1310,nm0560281,2023-08-17T21:56:00
1310,nm0743516,2024-12-22T00:04:00
1310,nm0512015,2024-11-10T19:02:00
1310,nm0884964,2024-11-21T16:30:00
1310,nm12530278,2024-07-10T15:59:00
1310,nm0783996,2024-11-16T01:17:00
1310,nm0000945,2023-07-08T10:02:00
1310,nm0666398,2024-04-14T11:02:00
1313,nm0002332,2024-12-19T07:19:00
1314,nm2440242,2023-03-11T07:08:00
1314,nm0236848,2024-02-19T06:03:00
1314,nm3507151,2023-11-14T16:03:00
1314,nm0004647,2023-06-04T13:17:00
1315,nm0164379,2023-10-26T15:32:00
1315,nm1748835,2023-12-17T11:51:00
1315,nm0295506,2023-07-28T00:10:00
1315,nm0412637,2023-02-14T08:30:00
1315,nm2259187,2024-03-22T22:55:00
1315,nm0321587,2023-10-20T00:56:00
1316,nm1955631,2023-08-07T02:57:00
1316,nm4123491,2024-09-25T12:23:00
1316,nm0496942,2023-01-01T04:03:00
1316,nm0281708,2023-07-24T02:36:00
1316,nm0302565,2023-06-26T17:36:00
1316,nm1039461,2023-05-03T09:56:00
1316,nm1595314,2023-08-26T02:32:00
1316,nm0727071,2023-06-24T00:53:00
1317,nm2058531,2023-11-19T19:27:00
1317,nm1796577,2024-11-03T01:40:00
1319,nm0673592,2023-02-23T06:47:00
1319,nm0183764,2023-04-05T10:52:00
1319,nm0544240,2024-05-22T01:21:00
1319,nm0329426,2023-07-19T06:15:00
1319,nm0706182,2023-04-04T01:25:00
1319,nm0162948,2023-08-25T11:58:00
1319,nm1392075,2023-04-26T00:07:00
1322,nm0330064,2023-12-02T23:09:00
1323,nm0940971,2023-08-13T20:29:00
1323,nm0167408,2023-11-25T11:51:00
1323,nm2614437,2023-02-02T17:44:00
1327,nm0030838,2024-08-08T15:04:00
1327,nm0509573,2023-06-04T08:50:00
1327,nm0003224,2023-05-08T19:00:00
1327,nm4710129,2023-06-27T22:59:00
1328,nm0331054,2024-03-17T15:23:00
1328,nm0507187,2023-01-17T19:11:00
1328,nm0870038,2024-06-05T23:26:00
1328,nm0474958,2024-05-09T12:07:00
1328,nm0442008,2024-03-25T17:31:00
1328,nm0178439,2023-01-03T05:07:00
1328,nm0097427,2024-08-26T19:09:00
1328,nm0001224,2024-10-05T10:49:00
1330,nm1789084,2023-11-22T01:03:00
1330,nm1855460,2023-07-05T21:24:00
1330,nm0220706,2023-09-27T15:27:00
1332,nm1963406,2024-02-24T08:17:00
1332,nm6870305,2023-07-04T08:13:00
1332,nm0779514,2024-03-18T10:42:00
1332,nm0001514,2023-03-25T10:58:00
1332,nm0000910,2023-03-07T09:25:00
1332,nm0487810,2024-05-23T07:48:00
1332,nm0103362,2023-03-01T11:30:00
1332,nm4343003,2024-05-08T04:20:00
1332,nm2018786,2024-10-17T21:46:00
1332,nm1679934,2024-04-18T05:13:00
1333,nm0738913,2024-01-28T06:21:00
1333,nm3011553,2023-04-24T16:28:00
1334,nm0858776,2023-06-23T01:15:00
1334,nm0003585,2023-06-19T14:39:00
1335,nm0228250,2024-09-16T01:08:00
1335,nm0292229,2024-04-26T17:54:00
1335,nm0787889,2024-12-14T07:38:00
1335,nm0001373,2024-04-03T06:03:00
1335,nm0042164,2024-01-09T04:06:00
1335,nm0243399,2024-10-19T16:29:00
1335,nm0666881,2024-05-28T19:20:00
1335,nm1249471,2024-04-18T18:32:00
1335,nm0370371,2023-03-21T12:39:00
1335,nm0000409,2024-04-20T18:31:00
1338,nm0000027,2023-03-02T21:03:00
1339,nm0606074,2024-10-14T07:01:00
1339,nm0242562,2023-08-19T21:07:00
1339,nm0338901,2024-03-13T12:32:00
1339,nm0924154,2023-01-03T11:16:00
1339,nm0000342,2024-12-26T01:55:00
1339,nm0047265,2024-05-16T06:41:00
1339,nm0892473,2023-02-04T16:01:00
1341,nm8504889,2023-05-26T14:23:00
1343,nm0541908,2024-08-16T06:46:00
1343,nm0001851,2023-03-25T05:18:00
1343,nm0406873,2023-08-07T04:00:00
1343,nm1370137,2023-09-17T00:49:00
1343,nm0000385,2024-07-26T22:37:00
1343,nm0054007,2024-06-20T16:14:00
1343,nm0291979,2023-10-12T20:51:00
1343,nm7822424,2023-09-16T12:54:00
1343,nm0179224,2023-01-01T20:50:00
1344,nm0842110,2024-04-03T06:29:00
1344,nm1408453,2023-02-11T12:59:00
1344,nm0001126,2024-08-09T00:16:00
1344,nm0451307,2023-06-23T17:02:00
1344,nm0790208,2023-05-25T11:32:00
1348,nm0661585,2024-12-14T09:00:00
1348,nm0950830,2024-12-27T21:19:00
1348,nm0426157,2023-05-05T00:08:00
1348,nm0110334,2024-05-20T17:59:00
1348,nm0339504,2024-09-03T15:48:00
1350,nm0955535,2023-06-15T17:10:00
1351,nm0310890,2023-05-26T07:08:00
1352,nm0000139,2024-12-20T13:20:00
1352,nm0751085,2023-09-15T12:52:00
1352,nm0049414,2024-05-27T08:01:00
1352,nm0155875,2024-09-08T06:06:00
1352,nm2720118,2023-09-07T14:34:00
1352,nm0847953,2023-11-06T14:15:00
1352,nm4311746,2023-04-19T14:51:00
1352,nm0052532,2023-05-24T06:00:00
1353,nm0077983,2024-07-15T14:52:00
1353,nm1286160,2024-10-02T09:14:00
1353,nm0452939,2024-01-01T04:07:00
1353,nm1141276,2024-10-23T20:36:00
1353,nm0362567,2024-01-14T10:46:00
1353,nm0399953,2024-11-07T01:18:00
1353,nm1763577,2023-02-04T17:04:00
1354,nm0629634,2024-03-15T04:49:00
1354,nm0056187,2023-01-19T14:11:00
1354,nm0001595,2023-09-18T23:30:00
1354,nm0604605,2023-05-21T23:31:00
1354,nm0692110,2024-05-22T01:14:00
1354,nm0000144,2023-11-20T19:49:00
1356,nm1153218,2023-05-13T07:11:00
1356,nm2865987,2023-01-05T19:44:00
1356,nm0215281,2023-08-01T22:46:00
1356,nm0630453,2023-08-07T05:59:00
1356,nm0465260,2024-05-11T09:06:00
1356,nm2147559,2023-09-23T23:17:00
1356,nm2448925,2024-05-09T10:08:00
1356,nm0540593,2024-05-25T03:49:00
1356,nm0233937,2024-03-21T23:15:00
1356,nm2065668,2024-06-16T15:04:00
1361,nm0079245,2023-06-08T00:56:00
1362,nm1669943,2024-03-25T12:25:00
1362,nm0402554,2023-01-12T18:20:00
1362,nm0648164,2024-01-07T03:14:00
1362,nm3542367,2024-01-20T00:52:00
1362,nm3603873,2024-09-10T15:13:00
1362,nm3231562,2023-08-18T20:27:00
1362,nm0075650,2024-09-16T18:57:00
1362,nm0043280,2023-10-22T19:22:00
1362,nm0805797,2023-05-01T16:59:00
1362,nm1076584,2024-11-18T03:08:00
1363,nm0128377,2023-10-26T09:17:00
1363,nm0726457,2024-07-01T11:02:00
1363,nm0197715,2023-09-04T11:11:00
1363,nm0593996,2024-01-26T18:41:00
1363,nm0281708,2024-11-13T10:29:00
1363,nm0175681,2024-12-19T19:14:00
1363,nm0295005,2023-07-19T04:00:00
1363,nm0231315,2023-05-04T12:12:00
1363,nm0055645,2023-09-09T01:31:00
1363,nm2591822,2024-04-23T03:03:00
1365,nm0579843,2023-06-21T13:26:00
1365,nm0000382,2024-06-03T05:35:00
1365,nm0000737,2024-06-15T12:59:00
1365,nm0512960,2023-09-27T17:18:00
1366,nm0671435,2024-09-12T23:27:00
1367,nm1530178,2023-01-07T11:13:00
1367,nm0226970,2024-09-20T17:55:00
1367,nm2134327,2023-01-25T13:32:00
1370,nm0429363,2024-03-15T06:44:00
1370,nm0359077,2024-02-25T02:04:00
1372,nm1468516,2023-02-13T21:17:00
1372,nm0000734,2024-11-28T12:31:00
1372,nm0096772,2023-12-24T04:21:00
1372,nm0001730,2023-04-06T23:02:00
1372,nm0011060,2023-05-10T17:51:00
1372,nm0272059,2024-11-12T23:27:00
1372,nm0262725,2023-03-18T08:10:00
1372,nm0670481,2023-05-25T03:48:00
1372,nm0172604,2024-08-05T18:54:00
1373,nm0621901,2023-09-19T09:54:00
1373,nm1773519,2023-05-08T06:38:00
1373,nm0247702,2023-08-12T08:48:00
1373,nm0512357,2024-04-28T02:43:00
1373,nm0848406,2024-10-19T15:50:00
1373,nm0692110,2024-02-26T17:21:00
1373,nm0852076,2024-09-13T12:47:00
1373,nm0882121,2023-05-06T12:07:00
1373,nm1279722,2023-04-28T16:46:00
1374,nm0457755,2023-02-23T13:08:00
1375,nm0918763,2024-05-20T00:31:00
1375,nm0505323,2024-02-25T00:57:00
1375,nm0414130,2024-07-02T17:39:00
1375,nm0605453,2024-03-16T06:42:00
1375,nm0000273,2024-07-26T22:41:00
1375,nm0602242,2024-09-11T11:13:00
1376,nm0041466,2024-07-11T04:49:00
1376,nm0580565,2024-12-14T06:13:00
1376,nm0721073,2024-05-07T17:25:00
1376,nm0621937,2023-12-01T00:36:00
1376,nm0453607,2024-03-12T14:21:00
1376,nm0101350,2023-03-21T06:28:00
1377,nm0419593,2023-03-27T11:24:00
1377,nm0045784,2024-10-18T09:25:00
1377,nm0000090,2023-12-25T00:38:00
1377,nm0437704,2024-06-26T06:36:00
1377,nm0001079,2024-07-19T02:03:00
1379,nm1495087,2023-05-15T17:02:00
1379,nm0491048,2024-12-14T10:25:00
1379,nm0573790,2024-05-01T14:42:00
1379,nm0036500,2023-10-18T20:44:00
1379,nm0001972,2023-06-27T06:17:00
1380,nm0722802,2024-02-21T12:04:00
1380,nm0386217,2024-11-10T03:26:00
1380,nm0455491,2024-10-06T02:33:00
1380,nm0335497,2023-09-24T20:19:00
1380,nm0000832,2023-06-26T16:20:00
1381,nm0027323,2024-05-11T07:59:00
1382,nm1571382,2024-03-04T03:43:00
1382,nm5152213,2024-05-15T08:55:00
1382,nm0463201,2023-04-01T20:45:00
1382,nm2671273,2023-12-19T16:27:00
1382,nm0292355,2024-01-18T19:56:00
1382,nm0004839,2024-12-16T11:27:00
1385,nm0065754,2023-10-03T14:26:00
1385,nm0197982,2024-06-07T06:02:00
1385,nm3198356,2024-08-03T16:09:00
1385,nm0232574,2024-03-12T09:06:00
1385,nm0489837,2024-10-12T00:07:00
1385,nm0693799,2023-11-28T17:29:00
1386,nm0089217,2023-06-26T21:37:00
1386,nm0835445,2023-04-21T13:50:00
1386,nm0451351,2024-03-18T06:37:00
1388,nm0315342,2024-01-26T05:04:00
1388,nm0793532,2024-06-24T14:22:00
1389,nm3389550,2024-02-25T21:00:00
1389,nm1117728,2024-02-06T13:34:00
1389,nm2008069,2023-07-11T15:19:00
1390,nm0546816,2023-10-16T03:32:00
1390,nm0267372,2024-12-23T04:55:00
1390,nm0441527,2023-09-04T08:45:00
1390,nm0317279,2023-09-03T14:41:00
1390,nm0001424,2024-12-11T16:24:00
1390,nm0614526,2023-10-22T03:05:00
1391,nm0001650,2024-10-14T04:44:00
1391,nm0563102,2023-03-14T12:27:00
1391,nm0019609,2023-01-26T09:08:00
1391,nm0062168,2024-05-12T07:01:00
1391,nm1015262,2024-08-16T07:25:00
1391,nm0626371,2023-08-28T18:54:00
1392,nm0349869,2023-01-10T03:21:00
1392,nm2551393,2024-05-25T06:12:00
1392,nm3449847,2023-11-12T22:23:00
1392,nm0597606,2023-10-07T10:20:00
1393,nm0001318,2023-12-23T04:36:00
1393,nm0447432,2023-12-04T13:02:00
1393,nm0474400,2023-08-15T00:52:00
1393,nm0479628,2024-03-01T16:25:00
1394,nm0002901,2024-07-17T21:26:00
1394,nm0000036,2024-01-23T03:12:00
1394,nm0376101,2024-12-07T12:53:00
1394,nm0444527,2023-12-03T11:24:00
1394,nm0329427,2023-07-05T18:16:00
1394,nm0335141,2023-08-12T06:44:00
1394,nm0563736,2023-12-22T12:09:00
1394,nm0097917,2024-06-19T07:43:00
1394,nm0116552,2024-12-15T16:21:00
1395,nm0005221,2024-01-25T19:19:00
1395,nm0471079,2023-01-21T15:57:00
1395,nm0299233,2023-03-25T06:05:00
1395,nm0928207,2023-07-11T21:53:00
1395,nm0151370,2023-07-06T06:49:00
1395,nm0575478,2024-05-08T16:32:00
1395,nm0001376,2024-11-11T22:10:00
1395,nm2306816,2023-10-22T09:04:00
1399,nm0862858,2024-04-26T12:55:00
1400,nm1017206,2024-10-07T23:03:00
1401,nm8682291,2023-01-06T05:01:00
1401,nm0380881,2023-04-20T16:03:00
1401,nm0578979,2023-08-26T16:42:00
1401,nm0051282,2024-07-04T12:51:00
1401,nm0447813,2024-12-06T00:23:00
1403,nm12717153,2023-05-16T20:52:00
1403,nm0403134,2024-04-18T01:10:00
1403,nm0127174,2023-10-06T04:27:00
1405,nm0000173,2023-09-17T11:31:00
1405,nm0594962,2023-05-05T02:44:00
1405,nm0044865,2023-06-07T23:54:00
1406,nm0424453,2024-03-02T06:58:00
1406,nm2138679,2023-10-09T05:40:00
1406,nm0670081,2024-08-06T11:11:00
1406,nm0207338,2024-08-26T14:30:00
1406,nm0038322,2024-07-06T00:53:00
1406,nm0250658,2024-06-05T20:18:00
1406,nm0178114,2024-01-21T12:53:00
1407,nm0832896,2024-11-15T04:59:00
1407,nm0247856,2024-02-17T19:22:00
1407,nm0031979,2024-11-22T08:36:00
1407,nm0362522,2024-10-15T16:04:00
1407,nm1773123,2023-08-26T07:19:00
1407,nm0021519,2024-09-19T18:42:00
1407,nm0737553,2023-07-16T23:58:00
1407,nm0573640,2024-02-21T20:37:00
1407,nm0001607,2023-09-16T04:46:00
1407,nm0510557,2024-08-06T08:04:00
1408,nm0261124,2024-11-15T02:47:00
1408,nm0714805,2024-11-05T10:59:00
1408,nm2438465,2024-06-28T19:57:00
1408,nm2926090,2023-10-26T21:41:00
1412,nm1566068,2023-04-17T20:35:00
1412,nm0447432,2024-11-25T03:13:00
1413,nm0902531,2024-08-04T21:08:00
1413,nm0001518,2023-06-12T11:50:00
1413,nm0927770,2023-07-18T13:22:00
1413,nm0884835,2023-10-11T00:03:00
1413,nm3154777,2023-01-16T14:26:00
1413,nm1638013,2024-11-25T20:25:00
1413,nm0098524,2024-12-15T03:35:00
1413,nm0885707,2023-10-27T11:25:00
1413,nm0535329,2024-11-12T21:23:00
1414,nm0710394,2024-08-09T02:42:00
1414,nm1288160,2024-09-26T05:03:00
1414,nm0000618,2023-04-07T12:28:00
1414,nm0000542,2023-10-06T15:33:00
1414,nm0565883,2024-08-25T16:32:00
1414,nm3353363,2023-12-17T11:10:00
1414,nm0624883,2024-07-02T16:12:00
1415,nm0751289,2023-12-02T21:53:00
1415,nm3231562,2024-05-18T20:52:00
1415,nm0565883,2024-10-28T12:15:00
1415,nm0576017,2024-03-24T08:55:00
1417,nm0038273,2024-07-27T14:04:00
1417,nm0000842,2024-02-21T17:29:00
1417,nm1552841,2023-04-17T15:15:00
1418,nm0000420,2023-05-08T23:55:00
1418,nm2471273,2023-12-03T18:46:00
1418,nm0152420,2023-12-28T09:35:00
1418,nm0001001,2023-07-20T14:23:00
1418,nm0733500,2023-04-05T22:07:00
1418,nm0121826,2024-10-05T06:06:00
1418,nm0479628,2023-01-21T03:37:00
1418,nm4112854,2024-03-04T04:27:00
1418,nm0735467,2024-03-13T01:06:00
1421,nm2490775,2024-01-02T10:05:00
1421,nm0525716,2024-05-09T16:11:00
1421,nm0428089,2024-10-26T04:48:00
1421,nm0601117,2023-07-28T14:30:00
1421,nm0005377,2023-01-25T11:15:00
1421,nm0527996,2024-04-01T21:12:00
1421,nm7153864,2024-04-19T07:17:00
1422,nm0000207,2024-12-12T17:32:00
1425,nm0235022,2024-04-02T15:43:00
1427,nm0700869,2023-06-22T06:21:00
1427,nm0677961,2023-08-08T00:13:00
1427,nm0020568,2023-08-18T05:53:00
1427,nm0070401,2024-07-20T14:51:00
1427,nm0414046,2024-08-14T05:53:00
1427,nm0443801,2024-11-09T11:15:00
1427,nm3666111,2023-07-08T06:56:00
1427,nm0487884,2024-06-19T12:44:00
1427,nm0000580,2023-02-25T13:36:00
1428,nm0110708,2024-09-07T11:20:00
1428,nm0587401,2024-02-19T01:31:00
1428,nm0060845,2024-03-11T18:50:00
1428,nm0044865,2024-04-25T03:27:00
1428,nm0476560,2023-03-03T23:00:00
1428,nm0744103,2023-12-02T09:18:00
1429,nm6443211,2023-06-16T19:12:00
1429,nm3437014,2024-01-09T10:57:00
1429,nm0875023,2024-07-06T06:47:00
1429,nm0186225,2023-08-11T21:01:00
1429,nm1795196,2023-01-15T19:59:00
1429,nm0076396,2023-05-22T12:23:00
1429,nm0502766,2024-04-16T10:42:00
1429,nm0822984,2023-07-27T15:31:00
1431,nm0309607,2024-05-09T19:02:00
1431,nm0000093,2024-10-04T11:24:00
1431,nm0318070,2024-09-19T10:17:00
1431,nm0335788,2024-01-07T02:39:00
1431,nm0412404,2024-04-23T10:14:00
1431,nm0886731,2024-05-05T10:42:00
1431,nm0637789,2023-04-18T03:32:00
1431,nm0160393,2024-12-11T01:43:00
1431,nm0112492,2023-08-05T22:01:00
1432,nm1828251,2024-10-20T22:48:00
1432,nm2589740,2024-05-11T06:52:00
1432,nm0527994,2024-02-05T21:33:00
1432,nm1105416,2024-03-08T23:36:00
1432,nm6679012,2024-03-19T23:26:00
1432,nm3449847,2024-06-19T12:28:00
1432,nm6765796,2024-02-22T02:31:00
1433,nm0411299,2024-08-03T03:44:00
1433,nm0937729,2024-11-13T05:42:00
1433,nm0703761,2023-07-22T06:29:00
1433,nm0893223,2023-03-08T03:28:00
1433,nm0340822,2024-08-12T23:58:00
1433,nm1011262,2024-04-21T05:57:00
1433,nm0076204,2024-01-10T08:57:00
1433,nm0337466,2023-12-12T23:53:00
1433,nm1800369,2024-04-27T17:57:00
1435,nm0197715,2023-04-15T15:53:00
1435,nm0643473,2024-06-11T11:09:00
1435,nm0114460,2024-12-01T14:59:00
1435,nm0054701,2023-09-28T11:45:00
1435,nm0146264,2024-09-08T19:01:00
1436,nm0589019,2023-05-11T06:32:00
1436,nm0000491,2024-08-05T16:56:00
1436,nm0182579,2024-06-25T01:47:00
1436,nm2952249,2023-09-21T07:19:00
1436,nm0867158,2024-03-18T15:57:00
1436,nm0621002,2023-07-12T20:10:00
1436,nm2849656,2023-05-08T11:56:00
1436,nm1203355,2023-03-17T09:03:00
1436,nm0824102,2023-12-22T01:52:00
1436,nm0600120,2024-05-10T22:13:00
1438,nm0687029,2023-06-16T01:05:00
1438,nm0835144,2023-11-17T04:06:00
1438,nm0031979,2024-03-26T22:24:00
1438,nm0032221,2023-03-16T04:18:00
1438,nm6727895,2024-08-15T08:45:00
1438,nm0881631,2023-09-13T14:08:00
1438,nm0913828,2023-10-16T17:31:00
1438,nm0371579,2023-05-17T05:17:00
1441,nm0255958,2023-02-09T01:26:00
1441,nm0787474,2023-07-17T11:21:00
1441,nm0736332,2023-05-01T01:39:00
1441,nm1752221,2023-04-19T12:22:00
1441,nm1452229,2023-11-25T13:15:00
1441,nm0200861,2024-02-09T05:02:00
1442,nm0721999,2024-01-25T01:39:00
1442,nm0070511,2024-09-02T07:00:00
1443,nm0455745,2024-02-11T18:52:00
1443,nm0001651,2024-02-04T11:13:00
1443,nm0897716,2023-12-05T10:59:00
1443,nm0406059,2023-06-26T04:43:00
1443,nm1345937,2024-09-18T11:17:00
1443,nm1632701,2023-12-18T21:52:00
1444,nm0431457,2023-07-26T04:12:00
1444,nm0099906,2024-07-25T19:03:00
1444,nm0521955,2024-05-23T17:38:00
1444,nm0463435,2024-07-18T21:06:00
1444,nm6856066,2024-10-11T18:27:00
1444,nm7400144,2024-09-25T05:57:00
1444,nm0507187,2024-04-27T13:34:00
1444,nm0369513,2024-12-14T02:51:00
1444,nm4201925,2024-04-07T17:52:00
1446,nm0228286,2023-10-10T06:51:00
1446,nm0672242,2024-03-09T11:50:00
1446,nm0932112,2023-05-05T01:56:00
1446,nm0608012,2023-04-02T21:48:00
1446,nm0067049,2023-02-15T21:37:00
1446,nm0069044,2023-03-18T00:27:00
1446,nm0437632,2024-01-07T06:05:00
1446,nm0525793,2023-03-03T09:26:00
1452,nm0805476,2023-01-14T17:45:00
1452,nm3148484,2024-09-25T05:11:00
1452,nm0324496,2023-03-10T08:44:00
1453,nm2605345,2023-02-24T05:23:00
1453,nm0484970,2023-12-02T11:37:00
1453,nm0122505,2024-12-12T23:16:00
1453,nm1039991,2023-06-17T00:22:00
1453,nm0000509,2024-08-22T22:19:00
1458,nm0780005,2023-03-27T23:00:00
1458,nm0358724,2023-06-10T04:03:00
1458,nm0065975,2024-04-08T12:39:00
1458,nm0000492,2024-05-03T21:29:00
1459,nm0607579,2023-06-15T22:38:00
1459,nm0780038,2023-07-22T02:30:00
1459,nm0922505,2024-12-22T11:39:00
1459,nm4574737,2023-09-25T21:54:00
1459,nm0576793,2024-11-08T06:26:00
1459,nm0292822,2023-11-28T03:25:00
1459,nm0156958,2023-10-10T09:55:00
1459,nm4197678,2023-08-02T03:45:00
1463,nm0707466,2024-12-06T16:34:00
1463,nm0669044,2023-03-05T12:04:00
1463,nm1795616,2024-02-23T21:45:00
1463,nm0000919,2024-05-13T09:04:00
1463,nm0843038,2023-04-19T02:50:00
1463,nm0412637,2024-07-04T05:09:00
1463,nm2443764,2023-08-22T16:49:00
1463,nm5816685,2023-03-23T13:48:00
1468,nm0323335,2024-03-15T04:53:00
1468,nm0135406,2023-11-27T19:55:00
1468,nm0494845,2023-07-21T01:19:00
1468,nm0308972,2024-05-12T17:37:00
1468,nm0292471,2023-06-02T10:04:00
1468,nm0380881,2023-05-14T16:50:00
1468,nm0353716,2024-08-06T08:40:00
1468,nm0580992,2023-06-06T07:52:00
1469,nm0196796,2024-07-09T20:16:00
1469,nm0421799,2024-08-25T09:53:00
1470,nm1221055,2023-01-22T03:32:00
1470,nm0484970,2024-05-16T08:49:00
1471,nm0656183,2024-06-10T18:57:00
1471,nm0001579,2024-02-09T08:30:00
1471,nm0001055,2024-01-28T04:41:00
1471,nm0214430,2023-05-21T16:41:00
1471,nm0564692,2023-12-25T09:57:00
1471,nm2608214,2024-08-05T18:11:00
1471,nm0857620,2023-03-10T09:03:00
1471,nm6967438,2023-04-26T22:25:00
1472,nm0183918,2024-01-10T12:11:00
1472,nm0563102,2024-07-04T10:57:00
1472,nm0841797,2023-04-17T18:48:00
1472,nm0335048,2024-03-19T08:03:00
1472,nm0258272,2024-07-12T23:49:00
1472,nm0000245,2024-02-20T21:33:00
1472,nm0451272,2023-02-26T01:34:00
1472,nm2255249,2023-04-28T15:43:00
1472,nm0205040,2024-05-26T13:07:00
1472,nm0173909,2024-09-08T01:14:00
1473,nm0924307,2023-06-08T20:02:00
1474,nm0692391,2023-02-26T02:28:00
1474,nm0001182,2023-04-01T07:51:00
1474,nm0000176,2023-05-12T14:27:00
1474,nm0115433,2023-03-14T23:22:00
1474,nm0417236,2024-11-04T22:56:00
1474,nm0403391,2024-09-27T23:36:00
1474,nm0291829,2024-03-02T18:32:00
1474,nm0775596,2023-05-25T10:34:00
1477,nm1732448,2023-07-04T08:27:00
1477,nm2498552,2023-07-05T22:32:00
1477,nm0643518,2023-11-10T04:36:00
1477,nm1056583,2024-07-21T22:29:00
1477,nm0814358,2024-11-26T23:05:00
1477,nm8535957,2024-09-09T06:36:00
1477,nm0868072,2023-08-16T06:09:00
1477,nm4894918,2023-06-14T03:26:00
1477,nm1796105,2024-03-25T02:54:00
1478,nm2175143,2024-04-24T13:13:00
1478,nm2254309,2023-07-27T04:38:00
1478,nm0001482,2024-06-27T02:17:00
1479,nm0643518,2023-06-28T02:14:00
1479,nm0814309,2024-09-02T05:48:00
1479,nm0001579,2024-11-20T15:55:00
1479,nm0197963,2024-11-14T08:21:00
1479,nm0001029,2024-04-11T17:42:00
1480,nm0000602,2023-01-26T11:33:00
1480,nm2063445,2024-12-09T02:20:00
1481,nm0021519,2024-01-13T11:24:00
1481,nm1370408,2024-01-28T09:06:00
1481,nm2543344,2023-03-28T11:03:00
1482,nm0874092,2024-09-03T08:02:00
1482,nm0818454,2023-10-02T23:41:00
1482,nm0128698,2024-03-26T07:00:00
1482,nm0283314,2023-04-03T08:27:00
1484,nm0005442,2024-04-21T07:17:00
1484,nm0012113,2024-02-15T21:01:00
1484,nm0204182,2024-09-12T08:46:00
1484,nm0814679,2024-02-26T21:39:00
1484,nm0603875,2024-03-23T01:34:00
1484,nm0731783,2024-12-01T16:02:00
1485,nm0000598,2023-05-06T13:49:00
1485,nm2386690,2023-02-04T20:53:00
1486,nm0275213,2023-07-06T03:55:00
1486,nm2411088,2023-02-08T18:08:00
1486,nm0825003,2023-10-17T03:14:00
1486,nm2465452,2024-06-05T06:29:00
1486,nm0173399,2023-07-23T15:29:00
1486,nm0001485,2024-06-12T19:53:00
1486,nm0893341,2023-10-24T08:22:00
1486,nm0108400,2024-12-11T05:00:00
1486,nm0001901,2023-04-09T21:57:00
1487,nm1139377,2023-05-01T20:04:00
1487,nm2517742,2024-11-28T23:27:00
1490,nm1168317,2024-12-22T09:35:00
1490,nm0001429,2024-04-04T21:56:00
1490,nm0371891,2024-07-22T13:08:00
1490,nm0001162,2023-03-19T12:39:00
1490,nm0353990,2023-10-12T21:55:00
1490,nm0576127,2023-10-19T15:27:00
1490,nm0604098,2024-12-02T00:49:00
1490,nm2073694,2023-12-08T13:10:00
1491,nm0175814,2024-09-27T21:24:00
1493,nm0894734,2023-04-04T09:03:00
1493,nm0395004,2024-04-25T16:38:00
1494,nm4913654,2024-09-06T02:45:00
1494,nm0079379,2023-10-22T09:13:00
1494,nm0577841,2024-04-23T13:16:00
1494,nm0852741,2024-04-03T11:07:00
1494,nm0678645,2023-06-28T07:40:00
1494,nm0371962,2024-06-06T22:00:00
1494,nm0133552,2023-05-12T02:05:00
1494,nm0002037,2024-05-22T20:21:00
1495,nm4296971,2023-09-26T10:35:00
1495,nm0962396,2023-08-01T13:03:00
1495,nm4343003,2023-03-12T14:01:00
1495,nm0005113,2023-11-18T01:04:00
1495,nm0728537,2023-06-14T08:43:00
1495,nm0232627,2024-01-18T05:53:00
1495,nm0249893,2024-12-16T16:26:00
1495,nm0296811,2024-09-15T21:48:00
1495,nm0177815,2024-04-11T12:16:00
1495,nm0948772,2024-01-21T02:44:00
1496,nm0581378,2023-11-05T09:48:00
1496,nm0809544,2023-02-17T06:13:00
1496,nm5640982,2023-09-12T13:40:00
1496,nm0950757,2024-02-17T01:40:00
1496,nm0394477,2023-05-03T00:21:00
1496,nm0273075,2024-01-05T17:51:00
1496,nm0002118,2023-03-17T07:17:00
1496,nm0762248,2024-10-24T11:23:00
1497,nm0613731,2024-05-07T18:23:00
1498,nm0021112,2024-09-17T01:46:00
1499,nm0048443,2024-05-21T04:39:00
1499,nm0719104,2024-10-17T15:55:00
1500,nm0000385,2024-01-27T02:23:00
1500,nm0400005,2024-05-07T07:21:00
1500,nm0567756,2024-10-03T21:36:00
1500,nm0346595,2024-02-06T06:20:00
1500,nm4834807,2023-03-21T07:37:00
1500,nm0076251,2024-07-11T01:48:00
1500,nm0526927,2023-01-26T00:14:00
1500,nm1560201,2023-11-21T17:30:00
1502,nm0882267,2024-03-04T22:34:00
1502,nm1115878,2024-02-26T08:41:00
1502,nm0805858,2024-01-09T14:07:00
1502,nm2440242,2024-09-27T10:08:00
1502,nm0320712,2024-11-09T11:27:00
1502,nm0117592,2023-03-22T07:09:00
1502,nm1796156,2024-07-05T02:10:00
1502,nm1249471,2023-12-25T17:20:00
1502,nm0060302,2024-10-04T18:40:00
1502,nm0002768,2024-10-08T03:00:00
1503,nm4282639,2023-06-15T10:29:00
1503,nm0433332,2023-03-12T05:47:00
1503,nm0196419,2024-07-22T05:23:00
1503,nm0294617,2024-09-15T22:57:00
1503,nm1899576,2023-10-24T15:45:00
1505,nm3503715,2023-07-22T04:50:00
1505,nm0342029,2024-01-21T19:29:00
1505,nm1753621,2024-01-26T01:17:00
1505,nm0233123,2023-05-22T17:23:00
1505,nm0000834,2023-08-17T07:56:00
1505,nm1631127,2023-01-24T12:24:00
1505,nm3112999,2024-11-13T22:40:00
1506,nm0561231,2023-05-04T22:11:00
1506,nm0200122,2024-07-07T04:08:00
1506,nm0933232,2024-07-06T10:49:00
1506,nm0581378,2023-06-18T06:26:00
1506,nm0886648,2023-07-05T15:46:00
1506,nm0960230,2024-03-04T21:45:00
1506,nm0249291,2023-04-10T14:24:00
1506,nm3240434,2023-11-18T00:34:00
1506,nm2056022,2024-06-10T17:04:00
1506,nm0463297,2024-09-28T15:33:00
1509,nm0751018,2024-12-19T05:42:00
1509,nm0677961,2024-10-05T20:46:00
1511,nm0542677,2024-03-03T12:40:00
1512,nm0148974,2023-04-22T15:44:00
1512,nm0438794,2023-03-14T23:46:00
1512,nm0922563,2023-07-05T13:46:00
1512,nm0162541,2023-06-01T13:31:00
1513,nm0766146,2024-04-02T11:21:00
1513,nm0483173,2023-04-18T11:22:00
1513,nm0450687,2023-02-05T11:45:00
1513,nm0285160,2024-08-10T15:56:00
1518,nm0460864,2023-04-16T17:05:00
1518,nm0559890,2023-05-08T18:02:00
1518,nm2008580,2024-01-10T14:40:00
1519,nm0722388,2024-02-28T19:33:00
1519,nm6765796,2023-02-17T15:20:00
1519,nm0869146,2024-02-24T20:16:00
1519,nm0829270,2023-04-07T17:09:00
1520,nm0096458,2023-12-02T01:20:00
1520,nm0002037,2024-09-05T01:44:00
1520,nm0001024,2024-09-09T06:27:00
1520,nm0794425,2023-12-17T04:42:00
1521,nm0146334,2023-10-09T17:00:00
1521,nm0001475,2024-07-20T03:11:00
1521,nm0000056,2024-12-26T04:56:00
1521,nm0552832,2024-07-21T19:51:00
1521,nm0559920,2023-02-08T09:59:00
1521,nm0000649,2024-01-05T23:04:00
1521,nm0227867,2024-06-26T15:39:00
1521,nm0463255,2023-03-18T07:37:00
1521,nm0293739,2023-01-24T09:56:00
1521,nm0631307,2023-10-05T12:06:00
1523,nm0102078,2023-08-05T02:05:00
1523,nm0076828,2024-11-18T03:32:00
1523,nm0004742,2024-01-19T08:44:00
1523,nm3571851,2023-09-20T21:30:00
1523,nm0594497,2024-04-21T12:36:00
1525,nm1384666,2024-01-26T17:47:00
1525,nm0444784,2023-08-18T22:54:00
1525,nm0039148,2024-03-16T11:46:00
1525,nm1104624,2023-12-15T02:01:00
1525,nm0669813,2023-07-26T19:39:00
1525,nm0419028,2023-02-25T00:59:00
1525,nm0182579,2023-02-19T19:31:00
1525,nm1367681,2024-07-03T14:33:00
1526,nm0523958,2023-06-06T01:58:00
1526,nm0934136,2023-11-03T23:25:00
1527,nm0483776,2024-09-16T08:56:00
1527,nm0136072,2024-11-17T01:26:00
1527,nm1039652,2023-03-11T05:32:00
1527,nm0005292,2023-05-23T18:40:00
1527,nm0727071,2024-03-02T22:14:00
1527,nm1888211,2024-02-24T01:04:00
1530,nm0084759,2024-12-09T09:10:00
1530,nm0005196,2023-03-18T04:35:00
1530,nm0001092,2024-10-15T17:51:00
1530,nm0038898,2024-11-19T18:41:00
1530,nm0161275,2023-03-15T20:59:00
1530,nm0885992,2023-07-09T08:39:00
1530,nm0218634,2024-10-13T01:47:00
1530,nm0443891,2023-12-23T01:10:00
1531,nm2063445,2024-05-21T21:25:00
1531,nm4456120,2024-12-01T15:32:00
1531,nm0605904,2024-03-08T09:04:00
1532,nm1011262,2024-12-02T23:32:00
1532,nm0565887,2024-07-05T04:13:00
1532,nm0585032,2024-12-17T19:01:00
1532,nm0962476,2023-04-25T03:01:00
1532,nm0217529,2023-08-07T18:37:00
1532,nm0167408,2024-08-07T15:36:00
1532,nm0269102,2024-12-02T15:57:00
1532,nm0000435,2024-12-11T05:13:00
1533,nm0936683,2023-11-24T15:15:00
1533,nm0694205,2023-12-27T08:23:00
1533,nm0513520,2023-02-16T19:58:00
1533,nm0275839,2023-12-08T18:56:00
1533,nm2518704,2024-12-01T21:12:00
1533,nm0464475,2024-08-11T08:57:00
1533,nm0382717,2023-07-23T17:39:00
1533,nm0856187,2023-04-26T01:20:00
1533,nm1278482,2024-12-06T05:39:00
1534,nm0407454,2023-02-28T04:22:00
1534,nm0907453,2024-06-25T10:03:00
1534,nm0863816,2024-04-14T17:54:00
1534,nm7400175,2024-06-26T23:30:00
1534,nm0335789,2023-02-09T08:18:00
1534,nm0432689,2023-04-06T14:58:00
1535,nm0005502,2024-01-15T12:08:00
1535,nm0000206,2024-07-24T02:13:00
1535,nm0590055,2024-02-14T07:22:00
1535,nm0402554,2024-05-07T16:20:00
1535,nm0001030,2023-05-12T12:43:00
1535,nm10930427,2023-02-15T15:07:00
1535,nm0000898,2024-05-26T08:17:00
1535,nm0110813,2023-04-16T06:31:00
1535,nm4472456,2023-09-09T03:08:00
1536,nm0029908,2024-08-24T18:36:00
1536,nm1638013,2024-07-05T08:27:00
1536,nm1342455,2023-09-02T22:08:00
1536,nm0389630,2024-04-10T10:56:00
1536,nm0848667,2023-04-21T00:06:00
1536,nm2059261,2024-03-26T23:43:00
1540,nm0182617,2023-09-06T17:37:00
1540,nm2697818,2023-07-05T04:29:00
1540,nm0607897,2024-01-16T14:39:00
1540,nm0906562,2023-09-23T11:42:00
1540,nm3575407,2023-02-18T11:46:00
1542,nm0534972,2023-02-16T06:44:00
1542,nm0785152,2023-03-28T19:20:00
1542,nm0403822,2024-08-14T02:57:00
1542,nm3429997,2024-09-13T05:47:00
1542,nm0882853,2024-12-11T11:58:00
1542,nm0234118,2024-12-27T05:54:00
1542,nm0891998,2024-02-01T13:23:00
1542,nm0885386,2023-07-15T21:27:00
1542,nm6657556,2023-05-15T20:05:00
1542,nm0000409,2024-04-08T23:31:00
1543,nm0001126,2023-01-23T14:56:00
1543,nm0314611,2024-10-11T05:05:00
1543,nm0303918,2024-02-04T07:55:00
1543,nm0369202,2024-07-23T05:39:00
1543,nm0055151,2024-07-16T09:33:00
1543,nm0732430,2023-11-06T19:16:00
1543,nm0787676,2024-08-22T18:09:00
1543,nm0920831,2024-07-25T00:54:00
1543,nm0215803,2024-07-08T20:15:00
1544,nm0648499,2024-05-01T23:56:00
1544,nm0527852,2024-08-01T04:32:00
1544,nm4027655,2023-05-10T13:14:00
1544,nm0660402,2024-04-20T21:09:00
1544,nm0145428,2024-02-06T02:25:00
1545,nm0250527,2023-03-05T22:24:00
1545,nm0479530,2023-03-04T19:28:00
1545,nm1682573,2023-03-06T08:24:00
1545,nm0779073,2023-06-26T07:02:00
1545,nm0598857,2023-04-27T07:24:00
1545,nm3518858,2023-01-26T04:26:00
1545,nm1030205,2023-12-02T04:49:00
1545,nm0647970,2023-01-14T13:16:00
1545,nm2427397,2023-07-14T06:28:00
1546,nm0887696,2023-11-08T02:43:00
1546,nm1342455,2024-10-06T11:39:00
1546,nm0270377,2023-01-10T00:21:00
1546,nm0001374,2024-03-16T14:20:00
1548,nm0265678,2023-07-15T01:14:00
1548,nm5323274,2023-03-02T13:34:00
1549,nm0371754,2023-06-24T03:21:00
1549,nm0469184,2023-03-14T18:24:00
1549,nm1941140,2024-08-07T03:32:00
1549,nm0428086,2023-04-09T06:16:00
1551,nm4115744,2024-09-08T21:33:00
1551,nm0197453,2023-11-01T06:24:00
1551,nm3755732,2023-08-18T11:04:00
1551,nm0809274,2023-07-12T07:11:00
1551,nm0315342,2024-08-10T11:31:00
1552,nm0226446,2024-08-03T18:35:00
1552,nm0619178,2024-04-27T15:09:00
1552,nm0692677,2024-02-06T23:45:00
1553,nm0001498,2024-05-20T07:06:00
1553,nm0005460,2024-03-16T19:52:00
1553,nm0297847,2023-05-06T02:09:00
1554,nm0729676,2023-07-28T08:34:00
1554,nm0004867,2023-11-28T10:55:00
1554,nm0910400,2024-03-22T21:12:00
1554,nm0355024,2023-06-24T06:41:00
1556,nm0477981,2024-10-14T00:43:00
1556,nm0569143,2024-03-10T01:00:00
1556,nm0897640,2023-07-26T11:19:00
1556,nm0767254,2023-04-10T13:16:00
1556,nm9215693,2023-07-13T13:10:00
1556,nm0161607,2024-10-28T22:16:00
1559,nm0676792,2023-01-24T17:26:00
1559,nm5650959,2023-10-12T14:45:00
1561,nm0804353,2023-04-28T15:36:00
1561,nm1920729,2024-11-25T08:34:00
1561,nm0035877,2024-01-08T09:58:00
1561,nm1157358,2024-08-13T06:30:00
1562,nm3128695,2024-08-27T00:31:00
1562,nm0007082,2023-08-12T18:33:00
1562,nm0778568,2023-07-25T13:18:00
1562,nm2301408,2023-06-06T06:06:00
1562,nm0152261,2023-03-25T21:57:00
1562,nm0151606,2024-07-03T12:54:00
1562,nm1167794,2024-02-28T01:52:00
1562,nm0599766,2024-05-15T17:46:00
1563,nm2428982,2024-02-14T16:48:00
1563,nm0512357,2023-01-07T12:29:00
1563,nm0609526,2023-02-18T19:32:00
1563,nm0041602,2023-01-26T00:54:00
1564,nm0815439,2024-05-15T13:07:00
1564,nm1213158,2023-03-02T18:34:00
1564,nm0000902,2023-03-25T01:46:00
1564,nm1157048,2024-08-15T21:25:00
1564,nm0138980,2024-08-28T22:57:00
1565,nm2717565,2023-09-17T13:30:00
1566,nm0216155,2023-09-13T14:45:00
1566,nm0196596,2023-08-25T08:04:00
1566,nm0957050,2023-12-22T23:30:00
1566,nm0895083,2023-05-12T00:50:00
1566,nm0855225,2024-10-23T01:17:00
1566,nm0380881,2023-12-05T09:29:00
1566,nm0813770,2024-11-12T02:20:00
1566,nm0279036,2023-03-13T11:34:00
1566,nm0787462,2024-04-13T02:10:00
1566,nm0000410,2024-11-28T09:38:00
1567,nm0140792,2023-05-16T05:04:00
1568,nm1278482,2023-02-02T19:13:00
1568,nm0034492,2024-03-05T04:11:00
1568,nm2304398,2023-01-20T18:20:00
1568,nm0627068,2023-12-13T17:34:00
1570,nm0793766,2024-04-08T02:26:00
1570,nm0171887,2024-11-02T08:11:00
1570,nm0609182,2023-11-24T03:58:00
1570,nm0905422,2023-04-02T02:40:00
1570,nm0333117,2024-09-12T22:46:00
1571,nm0838000,2023-03-04T15:05:00
1571,nm4409325,2024-02-16T17:55:00
1573,nm0034390,2023-05-28T14:13:00
1573,nm3070422,2023-02-04T11:56:00
1573,nm0507187,2023-02-11T04:40:00
1574,nm0943837,2023-02-04T10:30:00
1574,nm0827261,2024-05-05T15:00:00
1579,nm0314065,2023-06-08T20:08:00
1579,nm3204740,2024-01-12T23:37:00
1580,nm0032198,2023-03-14T04:26:00
1580,nm0351133,2023-05-25T03:25:00
1580,nm0361519,2023-05-21T01:33:00
1580,nm0888597,2024-09-25T13:04:00
1580,nm0882172,2023-10-17T22:34:00
1580,nm0424453,2023-03-21T19:06:00
1580,nm0321612,2024-11-03T21:08:00
1580,nm0133310,2023-01-28T18:45:00
1580,nm6815001,2023-11-06T04:29:00
1580,nm0174239,2024-03-17T17:55:00
1581,nm0305342,2023-12-01T06:07:00
1581,nm0192035,2024-09-25T16:19:00
1581,nm0001844,2023-10-28T00:00:00
1581,nm0446037,2023-02-18T16:31:00
1581,nm3917038,2024-08-25T03:06:00
1581,nm0520859,2024-08-23T10:27:00
1582,nm0000400,2024-04-01T23:23:00
1582,nm0624594,2023-02-23T00:23:00
1582,nm0343325,2023-12-02T17:13:00
1582,nm0833324,2024-09-08T15:37:00
1582,nm0263057,2024-12-11T03:23:00
1582,nm0753479,2023-11-02T10:32:00
1582,nm0406732,2023-03-18T01:50:00
1582,nm0922671,2023-05-09T19:44:00
1582,nm2119672,2023-08-27T20:04:00
1583,nm0356942,2023-01-20T10:10:00
1583,nm0226446,2023-04-07T15:14:00
1583,nm0924784,2024-12-02T12:29:00
1585,nm3889821,2023-11-07T13:49:00
1585,nm0160139,2024-07-21T07:22:00
1585,nm3209720,2023-07-24T22:22:00
1585,nm0433209,2024-12-19T06:14:00
1585,nm0005994,2024-11-24T19:24:00
1586,nm0413168,2023-04-05T15:33:00
1586,nm0182579,2024-06-01T09:52:00
1586,nm3727181,2024-01-01T19:50:00
1588,nm0875370,2024-12-08T12:03:00
1588,nm0128377,2023-11-13T16:52:00
1588,nm2967091,2023-07-13T18:58:00
1588,nm2139257,2023-04-11T09:12:00
1588,nm0716718,2023-02-20T13:30:00
1588,nm0620664,2024-09-24T02:03:00
1588,nm0709478,2023-04-13T13:03:00
1588,nm0738913,2023-02-19T08:00:00
1589,nm1461267,2023-01-04T16:55:00
1589,nm0500317,2024-12-01T16:44:00
1589,nm0471164,2023-06-26T19:02:00
1589,nm3426766,2023-10-10T18:41:00
1589,nm0649638,2023-06-19T08:25:00
1589,nm0559144,2024-05-15T20:43:00
1589,nm0612755,2023-08-10T22:43:00
1589,nm1868836,2023-03-12T00:54:00
1589,nm0073031,2023-11-22T12:06:00
1589,nm0500038,2024-08-08T15:36:00
1590,nm0557678,2023-04-17T09:30:00
1590,nm0671496,2024-05-15T15:04:00
1590,nm0430258,2024-09-08T15:01:00
1590,nm1174035,2023-06-13T18:49:00
1590,nm1714703,2024-11-23T10:18:00
1593,nm0001077,2024-10-27T06:14:00
1594,nm0778306,2024-06-16T03:42:00
1594,nm0223190,2024-03-23T20:49:00
1594,nm0428216,2023-01-28T21:10:00
1594,nm0514905,2023-11-06T12:41:00
1594,nm3641536,2023-04-18T23:02:00
1594,nm0411150,2023-04-07T17:06:00
1594,nm0913828,2023-04-03T07:56:00
1594,nm0297820,2023-08-10T18:34:00
1594,nm0164003,2024-06-06T19:27:00
1594,nm4725798,2023-01-23T21:44:00
1595,nm1152693,2023-04-13T23:22:00
1597,nm8694048,2023-08-01T21:19:00
1597,nm0703862,2024-09-13T23:41:00
1597,nm0000008,2023-05-19T12:28:00
1597,nm0320760,2024-06-09T18:47:00
1597,nm0334970,2024-05-06T23:17:00
1598,nm0001316,2024-06-09T02:46:00
1598,nm0383819,2023-06-28T10:00:00
1598,nm0000148,2023-06-11T02:41:00
1598,nm3797855,2024-07-25T02:43:00
1598,nm0509811,2023-09-11T12:14:00
1598,nm3516634,2023-11-26T23:12:00
1598,nm0031398,2024-04-01T18:58:00
1598,nm1748835,2023-02-26T05:25:00
1598,nm0163846,2023-09-07T01:09:00
1598,nm0187072,2023-11-09T22:34:00
1599,nm0536723,2024-09-05T22:29:00
1599,nm0288260,2024-06-28T21:45:00
1599,nm3950948,2024-06-16T23:27:00
1599,nm2984377,2024-10-23T15:03:00
1599,nm3697221,2023-01-27T14:31:00
1599,nm0001766,2023-12-11T05:10:00
1599,nm0095287,2024-12-28T06:02:00
1599,nm0205784,2024-11-12T00:37:00
1599,nm1340424,2024-10-03T00:56:00
1602,nm4263213,2024-10-02T16:09:00
1602,nm0535295,2023-07-05T23:46:00
1602,nm0417837,2023-01-09T08:22:00
1602,nm0001434,2024-12-08T09:31:00
1602,nm0146905,2024-08-22T23:21:00
1603,nm0693868,2024-09-16T14:24:00
1603,nm0205711,2024-10-02T05:32:00
1603,nm0487884,2024-02-01T01:56:00
1603,nm0000968,2023-06-15T00:06:00
1603,nm0584393,2023-10-16T12:31:00
1603,nm0629735,2024-11-26T11:46:00
1604,nm0848251,2023-08-27T08:29:00
1604,nm0612672,2024-02-15T04:14:00
1604,nm2174227,2023-12-09T06:59:00
1604,nm0001388,2023-08-16T05:47:00
1604,nm0044011,2024-01-22T13:56:00
1604,nm0109050,2024-11-21T12:32:00
1604,nm0732378,2024-10-23T02:35:00
1604,nm0000902,2023-10-26T06:09:00
1604,nm0493691,2023-08-24T11:50:00
1605,nm0000356,2023-05-22T00:12:00
1605,nm0261390,2024-01-20T02:50:00
1605,nm0629735,2023-12-27T21:21:00
1605,nm0010958,2023-10-12T00:32:00
1605,nm0950867,2023-09-10T09:04:00
1606,nm0271165,2023-03-02T16:41:00
1606,nm2174122,2023-09-21T21:30:00
1606,nm0846488,2023-03-10T23:49:00
1606,nm0446120,2024-05-13T04:55:00
1606,nm0092129,2023-10-10T02:47:00
1606,nm0733500,2024-09-15T13:08:00
1607,nm0808457,2023-07-15T08:11:00
1607,nm3118933,2024-06-27T12:14:00
1607,nm0177260,2023-02-15T19:08:00
1607,nm1644158,2024-02-12T16:08:00
1607,nm2432930,2023-11-21T18:55:00
1607,nm0314611,2023-07-28T08:48:00
1607,nm0182538,2023-03-18T04:55:00
1607,nm0000148,2024-09-12T01:35:00
1608,nm0488814,2024-10-13T01:06:00
1608,nm0304644,2024-07-21T05:27:00
1608,nm3151284,2024-05-11T10:25:00
1608,nm0141953,2024-02-15T20:28:00
1608,nm0054117,2024-01-11T07:02:00
1608,nm3573100,2024-02-22T13:14:00
1608,nm0001064,2023-09-24T20:43:00
1608,nm1723225,2024-08-27T18:34:00
1608,nm0001191,2023-08-06T20:21:00
1608,nm0587534,2023-04-28T13:54:00
1609,nm1153218,2024-09-25T09:44:00
1609,nm0527994,2024-07-20T06:31:00
1609,nm0556876,2024-01-15T08:09:00
1609,nm0606998,2023-11-18T16:42:00
1609,nm0922671,2024-04-08T05:38:00
1609,nm0385277,2024-11-22T17:02:00
1609,nm0026364,2023-05-04T13:00:00
1609,nm1371911,2024-04-07T23:07:00
1609,nm0012121,2023-02-27T07:49:00
1609,nm4633791,2024-12-16T17:25:00
1611,nm0076251,2024-11-06T06:58:00
1612,nm0663854,2023-03-20T08:27:00
1612,nm0363227,2024-12-28T23:34:00
1612,nm0793766,2024-07-04T11:32:00
1612,nm0197715,2023-08-19T07:11:00
1614,nm0126119,2023-04-21T14:54:00
1614,nm0889136,2023-01-27T23:30:00
1617,nm0162948,2023-11-12T08:33:00
1617,nm0611889,2023-01-18T17:45:00
1617,nm0001972,2024-05-16T20:00:00
1617,nm0292187,2023-07-26T23:04:00
1617,nm0495495,2024-08-06T08:57:00
1617,nm0253018,2023-11-23T00:39:00
1617,nm0259862,2023-08-11T12:12:00
1617,nm2849785,2023-11-17T08:20:00
1617,nm1267711,2024-06-10T15:21:00
1618,nm0767194,2023-05-01T04:35:00
1618,nm1388202,2024-05-10T18:34:00
1618,nm10458907,2024-05-16T01:15:00
1618,nm0575339,2023-11-15T18:51:00
1618,nm0920446,2024-04-02T10:13:00
1619,nm3135077,2023-02-01T00:45:00
1619,nm0503638,2023-12-27T14:09:00
1619,nm1086926,2024-12-04T11:17:00
1619,nm0710632,2024-06-18T12:09:00
1619,nm0584879,2023-09-08T10:36:00
1619,nm0511614,2024-06-13T15:19:00
1619,nm0645504,2023-12-06T01:12:00
1619,nm0847823,2024-03-16T07:37:00
1619,nm0000287,2023-10-07T00:39:00
1623,nm0001429,2024-06-02T07:18:00
1623,nm0182688,2024-04-22T05:04:00
1623,nm2591753,2023-12-20T03:16:00
1624,nm0000280,2024-06-11T05:48:00
1624,nm0349522,2023-02-10T08:23:00
1624,nm0913094,2024-06-24T08:07:00
1624,nm0209409,2023-10-15T22:47:00
1624,nm0712731,2023-11-19T02:36:00
1625,nm0721999,2024-05-02T18:31:00
1625,nm0000644,2024-12-28T01:27:00
1625,nm0623787,2023-01-16T09:20:00
1625,nm0376535,2023-01-18T00:30:00
1625,nm0301185,2023-11-22T06:56:00
1625,nm0669968,2023-09-04T12:59:00
1625,nm0911734,2023-10-03T09:10:00
1627,nm0767032,2023-06-04T07:02:00
1627,nm4752172,2023-06-18T00:04:00
1627,nm2119672,2024-02-19T13:04:00
1627,nm0471164,2024-05-20T14:11:00
1627,nm0000945,2023-07-01T16:18:00
1627,nm0631877,2024-01-16T05:24:00
1630,nm0040009,2023-06-23T11:38:00
1630,nm0014161,2023-09-01T21:08:00
1630,nm2565799,2024-12-26T07:29:00
1630,nm0871546,2023-03-07T16:08:00
1634,nm0133962,2024-03-14T03:16:00
1634,nm0366247,2024-04-07T09:08:00
1634,nm0606519,2023-08-13T11:17:00
1634,nm0316708,2024-06-13T22:29:00
1634,nm0220577,2023-01-26T05:51:00
1634,nm6636296,2023-12-28T10:38:00
1635,nm0454120,2023-01-10T00:15:00
1635,nm0137524,2023-11-08T03:38:00
1635,nm2105946,2024-08-26T05:36:00
1635,nm0328709,2024-05-16T14:02:00
1635,nm0026039,2023-12-17T10:13:00
1635,nm9074058,2024-07-02T14:47:00
1635,nm0139003,2024-07-03T08:03:00
1635,nm0000393,2023-03-24T15:29:00
1636,nm0201626,2023-05-09T10:04:00
1636,nm0920939,2024-06-06T01:00:00
1636,nm0041466,2023-02-09T18:30:00
1636,nm1461267,2024-10-17T21:07:00
1636,nm0507708,2024-11-09T16:30:00
1636,nm1030382,2024-05-15T00:20:00
1636,nm0816457,2023-07-12T12:44:00
1636,nm0250619,2024-02-25T14:53:00
1636,nm0109175,2024-05-21T12:21:00
1636,nm0613522,2024-06-07T05:55:00
1637,nm1779438,2024-03-04T10:29:00
1637,nm0254381,2023-07-18T06:19:00
1637,nm0619324,2024-09-23T09:43:00
1639,nm0152159,2023-03-10T17:49:00
1639,nm0122764,2023-03-27T15:30:00
1640,nm0210295,2023-04-08T15:25:00
1640,nm0436518,2024-10-18T14:55:00
1640,nm0935415,2023-10-09T12:33:00
1640,nm1546077,2023-03-07T22:21:00
1640,nm0549237,2023-06-24T13:53:00
1640,nm0840355,2024-08-23T00:00:00
1640,nm0769070,2024-11-07T12:34:00
1640,nm0086926,2024-10-09T08:37:00
1640,nm3370158,2023-02-22T20:33:00
1642,nm0021519,2024-12-01T12:23:00
1647,nm0064988,2024-06-04T16:24:00
1647,nm0099366,2024-05-27T08:41:00
1647,nm0883013,2024-09-15T06:33:00
1647,nm0070858,2023-08-18T06:06:00
1647,nm0778306,2024-11-17T00:36:00
1647,nm0926235,2024-07-19T05:01:00
1650,nm0407507,2024-06-13T15:37:00
1650,nm1488186,2023-03-24T17:33:00
1650,nm0234122,2023-05-08T18:10:00
1651,nm0001699,2024-12-03T21:58:00
1651,nm0832422,2024-01-01T23:35:00
1651,nm0816296,2023-09-14T19:43:00
1651,nm3198287,2023-01-03T11:30:00
1651,nm0772116,2023-07-11T05:18:00
1651,nm0756917,2024-05-27T10:28:00
1651,nm0233107,2024-12-12T19:12:00
1653,nm1249256,2023-02-15T18:02:00
1653,nm0290556,2024-11-05T22:20:00
1653,nm0480850,2023-03-21T17:40:00
1653,nm2558355,2024-04-14T03:14:00
1653,nm2335499,2023-06-22T07:59:00
1653,nm0741580,2023-05-28T10:28:00
1653,nm0846407,2023-01-13T12:44:00
1656,nm0053957,2024-07-22T03:41:00
1656,nm0223190,2023-01-01T23:04:00
1656,nm1737760,2024-11-20T04:39:00
1657,nm0365281,2024-05-02T03:36:00
1657,nm0563253,2024-06-26T08:22:00
1657,nm0221849,2024-04-20T04:36:00
1659,nm0511288,2023-02-26T05:30:00
1659,nm0358899,2024-11-23T21:35:00
1659,nm0236089,2023-11-13T14:41:00
1659,nm0241870,2024-06-18T06:32:00
1660,nm0021835,2023-02-01T12:25:00
1660,nm2277357,2023-07-05T01:55:00
1660,nm0767038,2023-08-20T03:45:00
1660,nm0663366,2024-08-07T01:02:00
1660,nm0709491,2024-03-05T12:06:00
1660,nm2895573,2023-07-09T05:01:00
1662,nm0564726,2023-09-02T16:40:00
1662,nm0523958,2024-06-25T02:49:00
1662,nm0151401,2023-12-13T18:38:00
1662,nm0811217,2023-04-25T11:00:00
1662,nm0103497,2024-02-22T11:35:00
1663,nm3707743,2024-02-03T14:16:00
1663,nm1644158,2023-02-04T16:50:00
1663,nm0578949,2024-01-14T19:22:00
1663,nm0449694,2023-01-24T10:18:00
1665,nm0000375,2023-02-27T11:14:00
1665,nm0000576,2024-01-03T03:36:00
1665,nm0274610,2024-06-06T09:07:00
1665,nm0150966,2023-01-01T22:40:00
1667,nm2848559,2024-05-28T06:48:00
1667,nm3892843,2024-09-14T13:57:00
1667,nm3859237,2024-06-07T14:57:00
1667,nm10458902,2023-08-28T07:13:00
1667,nm0164126,2023-10-19T05:52:00
1669,nm0264770,2024-05-12T15:21:00
1669,nm0909620,2023-04-16T16:52:00
1669,nm0770730,2023-12-17T23:56:00
1669,nm0512960,2023-07-09T02:06:00
1671,nm0483173,2023-06-08T07:20:00
1671,nm1835909,2023-02-06T17:22:00
1672,nm0487221,2023-02-03T22:43:00
1672,nm0534972,2024-08-05T02:10:00
1672,nm0337106,2023-01-22T00:11:00
1672,nm0083280,2023-12-13T09:31:00
1672,nm0297249,2024-06-05T17:53:00
1672,nm0854233,2024-07-22T07:24:00
1673,nm0115070,2023-10-02T01:28:00
1673,nm0721660,2024-05-13T13:29:00
1673,nm0000059,2023-08-27T17:34:00
1673,nm0266949,2024-01-28T00:16:00
1673,nm0711031,2024-04-18T16:42:00
1674,nm0002369,2023-05-24T12:27:00
1674,nm0933232,2024-06-16T15:58:00
1674,nm3010504,2024-01-05T01:02:00
1675,nm0606593,2024-10-04T16:09:00
1675,nm6356200,2023-11-10T23:56:00
1676,nm0001664,2024-05-26T20:59:00
1676,nm0361016,2024-05-19T14:43:00
1676,nm5928079,2024-05-14T15:34:00
1676,nm0949477,2024-12-08T19:28:00
1676,nm2506835,2023-03-02T09:37:00
1677,nm3081796,2023-04-09T07:03:00
1677,nm0465450,2024-09-03T23:04:00
1678,nm0221491,2024-08-03T05:36:00
1678,nm0947447,2023-06-11T11:36:00
1679,nm1493163,2024-03-26T19:33:00
1679,nm0264781,2024-01-05T12:38:00
1679,nm0310890,2023-04-04T08:40:00
1679,nm0000135,2023-02-16T09:56:00
1679,nm0000610,2024-06-09T18:35:00
1679,nm0403937,2024-09-26T08:50:00
1679,nm0128377,2024-11-26T23:01:00
1679,nm0163846,2024-12-07T15:49:00
1681,nm4422686,2023-06-27T08:00:00
1681,nm0312656,2023-03-13T22:40:00
1681,nm0174928,2024-11-21T17:16:00
1682,nm0184781,2023-11-17T12:21:00
1682,nm0183639,2024-01-20T13:18:00
1682,nm0330101,2023-10-14T09:45:00
1682,nm0203466,2023-08-04T07:25:00
1683,nm0913095,2024-04-12T01:28:00
1683,nm0317279,2024-04-10T09:56:00
1684,nm0440108,2023-03-26T08:59:00
1684,nm0456186,2024-07-05T15:41:00
1684,nm0867780,2023-02-02T00:03:00
1684,nm0511288,2024-01-06T11:47:00
1684,nm0378015,2023-11-12T22:16:00
1684,nm3503715,2023-02-22T13:12:00
1684,nm0847340,2023-01-20T06:31:00
1685,nm0299228,2024-09-02T23:32:00
1685,nm0651660,2024-11-14T07:56:00
1685,nm0395649,2024-01-02T19:02:00
1685,nm0071208,2023-03-10T19:16:00
1685,nm0038355,2024-10-12T15:03:00
1685,nm1412130,2023-01-12T00:56:00
1685,nm0000822,2024-07-01T20:58:00
1685,nm10930429,2023-08-11T21:38:00
1690,nm0170969,2024-07-11T22:04:00
1690,nm0959226,2023-01-22T10:17:00
1690,nm0828206,2023-01-14T15:23:00
1690,nm1514370,2023-10-15T15:25:00
1690,nm0530365,2024-12-23T12:41:00
1692,nm0219666,2023-10-03T16:44:00
1692,nm0320395,2023-06-12T10:52:00
1692,nm0256534,2023-07-17T08:52:00
1692,nm0001427,2024-02-12T15:19:00
1693,nm0461136,2024-09-15T18:47:00
1693,nm0150952,2023-01-02T05:05:00
1693,nm3943087,2024-06-12T13:53:00
1693,nm0152261,2023-12-08T16:22:00
1693,nm3385285,2024-09-26T00:37:00
1693,nm0808457,2024-07-11T03:09:00
1693,nm9597004,2023-10-09T00:50:00
1693,nm0048443,2024-09-12T10:32:00
1693,nm0783996,2023-06-02T12:56:00
1693,nm0243017,2024-09-01T04:51:00
1694,nm0000136,2023-03-22T19:09:00
1694,nm0751946,2023-08-14T09:18:00
1697,nm1373038,2024-05-24T10:25:00
1697,nm0794700,2024-09-10T22:59:00
1697,nm0444476,2024-06-18T02:48:00
1697,nm0323335,2023-10-18T04:44:00
1697,nm0248815,2023-02-02T02:53:00
1697,nm1231723,2024-01-12T17:46:00
1697,nm0832375,2023-01-15T15:30:00
1697,nm9285200,2023-09-23T13:09:00
1701,nm1927212,2023-08-25T22:59:00
1701,nm1374535,2023-11-28T06:50:00
1701,nm0511862,2024-01-13T22:41:00
1701,nm0073426,2024-10-13T07:45:00
1701,nm0563039,2024-11-13T09:22:00
1701,nm0034492,2024-12-16T10:25:00
1701,nm0605453,2023-06-03T15:21:00
1701,nm0867338,2023-07-02T23:57:00
1701,nm3707743,2023-08-23T19:24:00
1701,nm0844761,2024-06-20T12:33:00
1704,nm0937766,2024-07-18T17:19:00
1704,nm0068551,2023-10-12T22:03:00
1704,nm0379047,2023-12-08T00:15:00
1704,nm0904867,2023-04-19T06:33:00
1704,nm0141697,2024-12-23T09:06:00
1704,nm1315040,2024-06-05T01:34:00
1704,nm0503567,2023-07-03T09:19:00
1704,nm0001487,2024-03-14T11:57:00
1704,nm0780838,2023-05-22T15:25:00
1704,nm0000699,2023-09-27T08:36:00
1706,nm2175143,2023-07-25T02:23:00
1706,nm0945188,2024-03-14T08:44:00
1706,nm0002095,2024-01-25T04:52:00
1706,nm0370371,2024-08-20T08:08:00
1706,nm0001427,2023-04-08T01:57:00
1706,nm1059103,2024-06-12T09:50:00
1706,nm0209095,2023-12-08T16:00:00
1706,nm0377888,2023-02-04T15:49:00
1711,nm0764852,2023-01-24T00:17:00
1711,nm0000454,2023-06-03T21:20:00
1711,nm0290013,2024-12-06T13:29:00
1711,nm0720381,2024-06-14T21:55:00
1711,nm0709993,2023-04-18T00:46:00
1711,nm0432921,2023-08-18T11:03:00
1711,nm0291694,2023-12-02T04:39:00
1711,nm0310704,2023-08-09T02:30:00
1711,nm0407810,2023-05-01T17:18:00
1711,nm9418301,2023-12-24T01:02:00
1712,nm0371824,2024-02-24T18:55:00
1712,nm0501489,2023-10-17T21:44:00
1713,nm0307739,2023-01-04T06:10:00
1713,nm0793069,2023-03-05T02:34:00
1713,nm0814064,2023-11-11T21:22:00
1713,nm0870186,2024-05-23T02:10:00
1714,nm1913063,2024-01-09T18:05:00
1714,nm0008932,2024-03-08T22:08:00
1714,nm3664211,2023-08-10T03:54:00
1714,nm0221216,2023-02-03T22:05:00
1714,nm7592730,2024-02-11T17:01:00
1714,nm2640087,2024-10-09T13:30:00
1715,nm1058552,2023-02-02T20:47:00
1715,nm0830627,2024-10-02T04:36:00
1715,nm0778218,2024-01-14T04:52:00
1717,nm0521112,2023-11-04T05:10:00
1717,nm0879085,2023-04-18T05:33:00
1717,nm0220706,2023-09-15T18:51:00
1717,nm0951456,2023-08-11T19:44:00
1717,nm0703761,2023-01-19T20:31:00
1717,nm0000724,2023-02-27T07:34:00
1717,nm0024666,2024-06-13T04:03:00
1718,nm0173399,2024-09-25T18:33:00
1718,nm0099677,2023-04-22T15:40:00
1718,nm0001119,2024-01-11T08:04:00
1721,nm0423866,2023-05-09T03:58:00
1721,nm4296971,2023-06-24T08:31:00
1721,nm0780005,2023-10-25T05:13:00
1721,nm0521051,2023-01-12T09:44:00
1721,nm0276467,2023-10-20T16:34:00
1721,nm1294089,2023-08-26T06:21:00
1721,nm0885673,2024-09-14T14:19:00
1723,nm0444411,2023-03-16T13:06:00
1723,nm1678637,2024-06-08T15:16:00
1723,nm2384572,2023-11-17T05:27:00
1723,nm0512003,2023-04-20T07:58:00
1723,nm1715257,2023-04-12T12:03:00
1725,nm4028151,2024-04-22T14:00:00
1725,nm0159300,2024-06-05T19:31:00
1725,nm0362268,2024-12-19T07:32:00
1725,nm1892750,2024-02-23T20:56:00
1725,nm3705478,2024-06-01T16:35:00
1725,nm0001543,2023-04-04T19:06:00
1725,nm0813216,2023-03-12T18:17:00
1725,nm7137353,2023-08-23T14:47:00
1725,nm0831262,2023-08-14T19:00:00
1726,nm2168332,2023-12-15T17:10:00
1726,nm3204740,2024-11-04T14:31:00
1726,nm2050134,2023-06-22T13:02:00
1726,nm4285133,2023-09-22T17:34:00
1726,nm0584541,2023-08-03T05:40:00
1726,nm0146542,2024-07-05T22:04:00
1726,nm0869290,2024-12-20T15:32:00
1726,nm9911882,2024-03-14T14:57:00
1726,nm0193509,2024-07-11T10:42:00
1726,nm0862584,2024-05-06T15:51:00
1727,nm0818055,2023-12-17T07:58:00
1727,nm2718841,2024-07-15T12:05:00
1727,nm1507401,2023-09-06T05:38:00
1727,nm0764010,2024-01-03T02:11:00
1727,nm0882267,2023-09-13T02:17:00
1727,nm1836410,2024-12-02T03:40:00
1727,nm0927711,2024-09-13T10:04:00
1727,nm0945085,2023-08-26T23:54:00
1727,nm1840093,2024-12-26T04:03:00
1729,nm0885992,2023-05-28T09:51:00
1729,nm0026827,2023-12-03T18:30:00
1729,nm4269084,2024-01-08T02:13:00
1730,nm0258272,2024-07-19T12:23:00
1731,nm0527994,2024-09-01T08:20:00
1731,nm0081547,2024-06-22T09:01:00
1731,nm0229957,2024-10-02T23:30:00
1731,nm0001207,2023-10-27T23:20:00
1731,nm0897716,2024-07-05T16:28:00
1731,nm0698998,2024-12-27T03:08:00
1731,nm0270377,2023-01-12T01:08:00
1731,nm0654843,2024-05-18T21:39:00
1731,nm0092290,2024-11-24T03:34:00
1731,nm0445715,2024-05-11T00:41:00
1732,nm0862858,2024-10-07T17:04:00
1732,nm0701386,2024-11-02T08:16:00
1734,nm0852615,2024-02-15T05:29:00
1734,nm0239210,2024-08-06T01:04:00
1734,nm0441471,2023-10-09T05:38:00
1734,nm0559144,2024-02-26T01:59:00
1734,nm2253764,2024-07-15T14:34:00
1735,nm0826944,2023-09-17T01:54:00
1735,nm0239041,2023-07-24T09:55:00
1735,nm0206496,2023-04-04T13:09:00
1736,nm0094858,2023-09-26T15:19:00
1736,nm0870204,2024-12-27T10:05:00
1736,nm4635205,2024-08-26T14:04:00
1738,nm0836681,2023-08-06T20:22:00
1738,nm4205599,2024-12-13T01:16:00
1740,nm0133310,2024-07-20T03:50:00
1740,nm0179059,2024-02-19T16:23:00
1740,nm0039978,2024-11-04T00:13:00
1742,nm0582320,2024-01-24T19:59:00
1742,nm3132346,2023-04-20T03:01:00
1742,nm0109785,2023-05-09T01:49:00
1742,nm0750432,2024-06-28T04:03:00
1742,nm1682573,2024-10-14T22:18:00
1742,nm2035937,2024-04-16T20:39:00
1742,nm0279074,2023-10-19T12:32:00
1742,nm0925045,2024-04-26T11:21:00
1742,nm1445717,2023-01-05T15:27:00
1742,nm0001827,2023-01-11T14:21:00
1744,nm0001547,2024-12-23T08:20:00
1744,nm0001890,2024-09-08T17:47:00
1744,nm0171713,2024-09-13T02:02:00
1744,nm1133824,2024-06-14T03:19:00
1744,nm0001693,2023-04-06T15:49:00
1744,nm0903274,2023-02-19T15:53:00
1744,nm0559144,2023-02-08T06:07:00
1744,nm0001698,2023-05-20T06:37:00
1744,nm0510134,2024-03-14T04:49:00
1744,nm3195039,2023-12-24T21:27:00
1746,nm4920648,2023-11-22T04:35:00
1746,nm1464408,2024-09-20T02:54:00
1746,nm0824102,2023-03-21T19:49:00
1746,nm0942476,2023-08-07T03:37:00
1746,nm0446438,2024-02-09T08:41:00
1746,nm0086560,2023-10-14T10:56:00
1746,nm0227313,2024-02-11T20:22:00
1747,nm0945189,2024-03-04T10:52:00
1747,nm0000573,2023-07-20T19:35:00
1747,nm0454436,2023-01-19T10:02:00
1747,nm0845808,2023-05-17T06:55:00
1747,nm0002048,2024-08-21T20:06:00
1750,nm3027083,2023-05-18T20:32:00
1750,nm1682799,2023-01-27T07:28:00
1750,nm0521151,2023-01-02T15:17:00
1750,nm1285342,2023-11-03T15:51:00
1750,nm0699787,2024-07-20T12:48:00
1750,nm0034519,2023-10-17T13:01:00
1753,nm0587431,2024-03-06T16:02:00
1753,nm0446780,2023-01-12T17:06:00
1753,nm0385277,2024-09-19T17:02:00
1753,nm0094471,2024-04-28T07:20:00
1753,nm0728938,2023-11-02T06:19:00
1753,nm1070602,2023-12-25T11:25:00
1753,nm0856187,2023-01-24T06:38:00
1753,nm0443801,2024-12-13T01:39:00
1753,nm0640299,2023-10-28T18:52:00
1755,nm0001968,2024-08-01T09:57:00
1755,nm0291694,2024-12-23T19:41:00
1755,nm0340973,2024-08-22T10:16:00
1755,nm3270673,2024-01-11T17:21:00
1755,nm2946423,2023-04-21T05:13:00
1755,nm0031171,2024-10-24T00:05:00
1755,nm3694593,2024-03-01T19:10:00
1755,nm0243399,2024-07-06T21:04:00
1756,nm2821544,2024-04-15T02:29:00
1756,nm0861663,2024-05-04T17:47:00
1756,nm7087538,2023-08-06T10:49:00
1756,nm1443527,2023-02-06T22:05:00
1756,nm0687913,2024-11-08T03:06:00
1756,nm0381812,2024-08-04T22:49:00
1756,nm0795517,2024-05-23T20:51:00
1757,nm3110915,2024-05-12T13:24:00
1757,nm0698998,2023-09-08T19:34:00
1757,nm1830810,2023-11-22T01:28:00
1757,nm1571804,2024-01-18T19:27:00
1757,nm0788903,2023-01-25T10:56:00
1757,nm0169300,2023-02-07T01:55:00
1757,nm0915851,2023-02-12T07:19:00
1757,nm0959959,2024-01-12T05:55:00
1759,nm0032955,2024-07-07T10:05:00
1760,nm3727314,2023-05-26T04:06:00
1760,nm0875370,2024-12-05T05:00:00
1760,nm0251272,2024-12-17T19:45:00
1760,nm0111379,2024-08-08T18:42:00
1760,nm6812113,2023-03-16T03:03:00
1760,nm1195064,2023-08-26T04:12:00
1760,nm7088459,2024-08-26T01:22:00
1763,nm0761836,2024-02-02T04:10:00
1763,nm0612611,2023-04-08T08:31:00
1763,nm0719037,2023-07-24T10:33:00
1763,nm0949835,2023-07-11T08:15:00
1763,nm0000068,2024-04-06T03:55:00
1763,nm1424380,2024-10-01T23:02:00
1763,nm2371560,2023-06-01T13:47:00
1764,nm0001806,2024-06-13T13:09:00
1764,nm0573715,2024-06-28T20:40:00
1764,nm0002134,2024-06-17T09:35:00
1764,nm0050156,2024-01-24T23:04:00
1764,nm0000022,2024-06-10T08:06:00
1764,nm0709424,2024-05-02T00:02:00
1764,nm1159180,2024-03-09T03:22:00
1764,nm3172179,2024-09-17T12:23:00
1764,nm1924585,2024-04-07T17:22:00
1764,nm1412125,2024-05-09T17:52:00
1765,nm0857608,2024-08-11T10:15:00
1765,nm0607504,2024-12-07T03:32:00
1765,nm0884534,2023-08-03T15:00:00
1765,nm0918763,2023-10-03T16:52:00
1765,nm0906562,2024-08-19T20:38:00
1765,nm0407296,2023-08-22T04:34:00
1765,nm0513521,2024-11-16T15:40:00
1765,nm2984377,2024-03-18T01:11:00
1765,nm0639754,2024-08-17T19:30:00
1765,nm0498010,2024-04-16T07:35:00
1766,nm0515296,2024-09-18T03:46:00
1766,nm0440758,2023-11-25T19:12:00
1766,nm0392976,2023-07-21T10:05:00
1766,nm0000763,2023-10-08T16:48:00
1766,nm0163785,2024-02-06T17:55:00
1766,nm2865987,2023-05-24T05:16:00
1767,nm0246814,2024-12-15T16:23:00
1767,nm0920939,2023-01-02T21:37:00
1767,nm0001704,2024-10-22T01:20:00
1767,nm4549848,2024-10-25T10:07:00
1767,nm0879085,2023-11-16T13:15:00
1768,nm0941983,2023-06-15T07:46:00
1768,nm0831471,2024-08-20T15:04:00
1768,nm1141276,2024-03-09T14:01:00
1768,nm0002095,2024-07-02T09:33:00
1768,nm0466505,2024-02-09T05:22:00
1768,nm0795345,2024-05-28T06:04:00
1769,nm4852914,2024-02-25T22:31:00
1770,nm0184781,2023-05-14T16:28:00
1770,nm0557609,2023-06-15T20:30:00
1770,nm0731499,2023-01-15T17:04:00
1770,nm0425409,2023-05-19T13:44:00
1770,nm0196596,2024-09-15T08:29:00
1770,nm0079245,2023-10-08T16:00:00
1770,nm0508380,2024-06-24T10:16:00
1770,nm3492152,2024-01-18T09:43:00
1772,nm0805476,2023-12-09T17:12:00
1772,nm3802458,2024-12-19T14:08:00
1772,nm0455009,2023-09-24T05:42:00
1772,nm0616556,2023-06-24T15:49:00
1772,nm0666157,2023-06-16T06:05:00
1773,nm0218942,2023-09-05T17:06:00
1773,nm0000032,2024-09-28T11:38:00
1773,nm1828251,2023-05-24T11:03:00
1774,nm0000821,2024-07-03T09:13:00
1774,nm4323266,2023-06-11T02:28:00
1776,nm0241870,2023-06-27T09:18:00
1777,nm0293614,2024-09-12T02:09:00
1777,nm0520870,2024-11-02T20:30:00
1777,nm6099344,2024-09-06T13:39:00
1777,nm0688836,2023-05-06T00:20:00
1777,nm3125742,2024-11-05T17:27:00
1777,nm0070694,2024-09-19T01:07:00
1777,nm2951316,2024-10-22T21:27:00
1777,nm0366247,2023-12-28T11:17:00
1777,nm0848993,2023-12-02T04:11:00
1777,nm0530586,2023-03-16T15:36:00
1778,nm0364893,2023-09-21T01:40:00
1778,nm0726994,2024-06-08T07:26:00
1778,nm0062168,2023-09-06T17:42:00
1778,nm2063406,2024-07-22T17:47:00
1778,nm0011490,2023-12-17T06:49:00
1778,nm0024414,2023-04-27T09:52:00
1778,nm0732063,2024-04-08T00:21:00
1778,nm0437632,2023-05-18T20:41:00
1779,nm1799679,2023-12-10T16:02:00
1779,nm1461201,2023-01-25T08:45:00
1779,nm0723142,2024-01-11T23:18:00
1779,nm0885386,2024-08-10T17:35:00
1779,nm1585676,2023-06-20T08:27:00
1779,nm0564972,2024-12-18T23:06:00
1779,nm0726223,2023-03-24T05:17:00
1781,nm0750184,2024-02-16T09:13:00
1781,nm1546077,2023-06-24T17:21:00
1781,nm0230507,2024-03-04T10:02:00
1781,nm0879000,2023-05-23T02:48:00
1784,nm0002022,2023-02-19T10:22:00
1784,nm0005551,2023-08-07T16:21:00
1784,nm0097917,2024-02-03T21:11:00
1784,nm0762965,2023-12-03T09:51:00
1784,nm0070691,2024-07-17T20:46:00
1784,nm0025857,2023-08-24T07:11:00
1785,nm2980031,2024-02-18T10:57:00
1785,nm0854702,2023-08-15T17:55:00
1785,nm0000734,2024-02-21T13:11:00
1785,nm0631490,2024-02-13T13:59:00
1785,nm0361519,2023-09-27T12:09:00
1785,nm11768246,2024-06-25T10:11:00
1787,nm0006463,2024-03-24T23:40:00
1787,nm0842425,2023-06-04T14:59:00
1787,nm0229930,2023-06-21T14:44:00
1787,nm0372462,2024-12-05T18:49:00
1788,nm0227867,2024-09-03T22:42:00
1788,nm0151068,2023-08-14T05:28:00
1788,nm0673403,2024-07-25T21:02:00
1788,nm0167364,2024-05-11T19:19:00
1788,nm0049467,2024-02-01T10:23:00
1790,nm0970173,2023-05-10T04:46:00
1790,nm0908419,2024-11-14T08:03:00
1790,nm4894918,2023-08-26T10:17:00
1791,nm0008905,2024-11-23T23:33:00
1791,nm0663366,2024-01-28T05:15:00
1791,nm1421931,2024-11-06T04:33:00
1791,nm0001638,2023-08-14T13:56:00
1791,nm2459979,2024-03-14T21:32:00
1792,nm0028965,2024-07-20T03:56:00
1797,nm0214430,2023-05-14T20:08:00
1797,nm1036104,2023-10-22T17:29:00
1797,nm1504868,2024-05-06T09:11:00
1798,nm0065481,2024-06-11T17:34:00
1798,nm0111297,2024-12-17T08:01:00
1798,nm0215229,2023-07-22T18:53:00
1798,nm0026364,2024-05-17T07:15:00
1798,nm0460651,2023-01-18T17:09:00
1799,nm0098524,2024-03-07T18:15:00
1799,nm1213158,2024-01-04T12:08:00
1799,nm0865575,2023-08-25T06:23:00
1801,nm1551601,2024-09-11T16:40:00
1801,nm6226780,2023-05-24T11:41:00
1801,nm0020145,2023-10-02T23:18:00
1801,nm2246282,2023-02-01T20:32:00
1801,nm0447305,2024-02-19T01:27:00
1801,nm1024725,2024-03-25T04:22:00
1801,nm1570941,2024-11-15T20:52:00
1801,nm0389971,2023-06-07T13:41:00
1802,nm2109624,2024-05-12T16:43:00
1802,nm2823181,2023-08-01T22:24:00
1802,nm0281708,2024-08-27T14:48:00
1802,nm0323597,2023-11-04T03:43:00
1802,nm0000891,2024-06-18T02:33:00
1802,nm9331940,2023-04-09T02:45:00
1802,nm0726223,2023-11-16T13:32:00
1802,nm0534045,2024-02-22T07:06:00
1804,nm0266949,2023-02-10T07:06:00
1804,nm0706499,2024-10-07T09:08:00
1808,nm2169999,2024-03-15T22:44:00
1808,nm0218634,2023-10-12T03:45:00
1808,nm0000772,2023-07-16T05:24:00
1808,nm0589019,2023-12-09T16:34:00
1808,nm0241383,2023-12-25T17:07:00
1808,nm0790905,2023-01-12T03:24:00
1808,nm0605042,2024-12-21T14:37:00
1808,nm0429363,2024-01-02T06:15:00
1808,nm0001224,2024-01-13T07:25:00
1810,nm0392945,2024-01-28T18:20:00
1810,nm0265761,2023-02-20T01:01:00
1810,nm1995246,2023-04-01T15:09:00
1810,nm0133552,2024-08-21T02:50:00
1810,nm0836137,2023-11-08T19:55:00
1810,nm2624186,2024-05-23T19:47:00
1811,nm0327428,2023-08-26T21:11:00
1811,nm7822424,2024-04-23T01:35:00
1814,nm0557615,2024-08-12T03:37:00
1814,nm0323615,2024-04-03T06:29:00
1815,nm0585257,2023-07-05T09:33:00
1815,nm0866055,2024-12-24T06:19:00
1815,nm0209553,2024-08-02T01:18:00
1815,nm3130226,2024-12-06T19:05:00
1815,nm0001637,2023-02-10T11:36:00
1815,nm0935996,2023-11-01T04:19:00
1816,nm0294892,2023-04-17T00:22:00
1816,nm0001518,2024-06-10T14:29:00
1816,nm0437076,2024-09-15T00:02:00
1816,nm0609802,2023-11-13T22:21:00
1816,nm0715577,2023-10-26T11:50:00
1816,nm2652025,2023-08-24T13:07:00
1816,nm0122764,2024-03-19T17:54:00
1816,nm0022652,2023-04-16T12:48:00
1820,nm0713716,2024-03-12T17:49:00
1820,nm0441955,2023-11-24T20:28:00
1820,nm0161396,2023-10-18T09:55:00
1820,nm0052031,2023-09-14T10:20:00
1822,nm6786155,2024-02-27T23:02:00
1822,nm0424453,2024-11-24T09:03:00
1822,nm0161198,2023-07-16T12:19:00
1822,nm0957372,2023-11-02T02:07:00
1823,nm0032628,2023-01-23T21:59:00
1823,nm0000693,2024-05-06T07:23:00
1823,nm0611889,2023-10-25T05:42:00
1823,nm0474774,2023-05-11T18:12:00
1823,nm1040533,2024-07-15T12:55:00
1823,nm0555961,2024-04-04T12:04:00
1823,nm0048002,2024-10-25T17:48:00
1823,nm0414130,2024-04-19T05:24:00
1823,nm0476560,2023-02-19T10:24:00
1823,nm3438421,2024-12-11T07:24:00
1825,nm0001829,2024-09-26T08:22:00
1825,nm1299011,2024-06-23T19:36:00
1825,nm0332390,2023-08-11T06:15:00
1825,nm0604155,2023-10-14T12:30:00
1829,nm0001428,2024-05-24T15:40:00
1831,nm0096835,2023-01-05T14:57:00
1831,nm0687029,2024-10-04T06:22:00
1831,nm0575339,2024-07-07T04:39:00
1831,nm2335532,2024-09-09T03:13:00
1831,nm0001434,2023-10-17T15:50:00
1832,nm0054701,2024-05-16T17:07:00
1832,nm0038988,2023-07-02T09:47:00
1832,nm0949355,2023-02-23T16:19:00
1833,nm0112138,2023-01-01T16:00:00
1834,nm3503715,2023-01-01T01:47:00
1834,nm2105946,2024-02-09T07:35:00
1834,nm0433131,2023-06-09T09:36:00
1835,nm0638361,2023-01-01T01:15:00
1835,nm5658892,2024-07-28T14:21:00
1835,nm0688207,2024-10-12T08:40:00
1835,nm0091775,2024-12-01T21:58:00
1838,nm0024666,2023-11-17T12:53:00
1838,nm0667745,2023-04-12T02:06:00
1840,nm1141161,2024-08-21T12:49:00
1840,nm0370848,2024-03-21T12:14:00
1840,nm0121826,2023-05-09T08:39:00
1840,nm0455009,2024-01-19T00:40:00
1840,nm0320760,2024-10-05T21:11:00
1840,nm1468944,2024-04-16T22:48:00
1840,nm3013523,2023-08-22T20:29:00
1844,nm2915053,2024-03-27T20:40:00
1844,nm0818880,2024-08-06T16:34:00
1844,nm1731946,2024-08-23T14:26:00
1844,nm0698653,2023-09-07T03:04:00
1844,nm0665785,2024-01-06T10:23:00
1845,nm0892260,2024-05-14T13:19:00
1845,nm1078598,2023-04-24T14:25:00
1845,nm6412119,2023-10-20T17:41:00
1845,nm0472127,2024-12-13T21:35:00
1845,nm0639475,2024-05-12T19:21:00
1845,nm3772253,2023-03-04T18:28:00
1845,nm2610869,2024-01-13T03:35:00
1845,nm0541136,2024-11-21T05:27:00
1845,nm1637961,2024-12-17T11:01:00
1845,nm0567710,2023-09-14T11:30:00
1846,nm0491406,2024-12-04T04:40:00
1846,nm0139213,2023-02-01T23:28:00
1846,nm0171779,2024-05-05T23:39:00
1846,nm0569143,2024-11-21T00:34:00
1846,nm0843213,2024-12-12T05:54:00
1846,nm2464346,2023-04-17T20:22:00
1846,nm5042046,2024-11-25T05:23:00
1846,nm0000772,2024-05-04T00:00:00
1849,nm1142171,2024-11-17T18:03:00
1849,nm0001070,2024-02-18T22:42:00
1849,nm0216155,2023-04-04T05:02:00
1849,nm1255246,2023-05-23T07:18:00
1849,nm0711031,2023-09-03T22:55:00
1849,nm0284814,2023-09-17T21:35:00
1850,nm0000422,2024-02-10T19:39:00
1850,nm2925318,2023-02-21T21:01:00
1850,nm0130794,2023-03-05T17:41:00
1850,nm0550701,2023-06-05T00:13:00
1850,nm0274464,2024-09-15T01:49:00
1850,nm2281884,2024-06-08T12:15:00
1850,nm0004843,2024-03-04T21:32:00
1850,nm6314437,2023-09-11T01:42:00
1851,nm2446283,2023-12-10T12:34:00
1851,nm0843520,2024-08-02T17:36:00
1851,nm0466327,2024-08-19T17:11:00
1851,nm0444239,2023-09-17T21:13:00
1851,nm0163648,2024-02-18T00:47:00
1851,nm0449694,2023-06-05T19:16:00
1852,nm0013542,2024-03-11T04:36:00
1852,nm4210515,2024-01-23T19:08:00
1852,nm0516115,2024-10-26T04:55:00
1852,nm0515758,2024-07-14T19:04:00
1852,nm1138642,2024-08-04T02:30:00
1852,nm0000204,2023-11-06T13:52:00
1852,nm0630132,2024-07-12T20:34:00
1852,nm0629735,2024-05-21T06:39:00
1852,nm0219106,2023-12-14T19:50:00
1852,nm0317505,2024-03-27T10:12:00
1854,nm0656153,2024-08-19T00:07:00
1854,nm0256216,2024-05-01T22:42:00
1854,nm6814999,2023-01-09T16:38:00
1854,nm0768334,2024-10-19T16:00:00
1854,nm0001557,2024-07-05T17:10:00
1854,nm2849656,2024-08-02T15:36:00
1854,nm0724732,2023-01-25T08:28:00
1855,nm0376101,2023-10-21T05:44:00
1855,nm0534319,2023-04-20T11:50:00
1856,nm5924506,2023-12-05T22:17:00
1857,nm0569891,2024-04-04T21:42:00
1857,nm0000480,2024-12-12T14:48:00
1857,nm3195039,2023-09-20T19:08:00
1857,nm0956956,2024-04-28T19:50:00
1857,nm0596294,2023-07-18T10:30:00
1857,nm0642912,2023-04-03T00:20:00
1857,nm0267670,2024-02-19T20:16:00
1857,nm0953733,2024-09-09T03:38:00
1857,nm0043280,2024-08-13T10:00:00
1860,nm0448047,2023-09-19T14:49:00
1860,nm0857124,2023-10-28T01:07:00
1860,nm0163846,2024-12-17T22:12:00
1860,nm0756660,2023-09-11T17:19:00
1860,nm0823614,2023-09-27T13:58:00
1860,nm0364893,2023-10-13T04:44:00
1860,nm0127174,2023-06-10T03:47:00
1860,nm0502691,2023-02-14T03:45:00
1860,nm7044108,2024-05-26T06:04:00
1860,nm0847594,2023-05-12T05:37:00
1861,nm2113508,2024-05-27T03:12:00
1861,nm2612087,2024-01-01T14:26:00
1861,nm0484483,2024-05-13T05:22:00
1863,nm0336531,2023-08-12T00:51:00
1864,nm0608259,2024-12-09T00:54:00
1864,nm0564502,2024-06-28T16:01:00
1864,nm0084114,2023-09-28T15:06:00
1864,nm1667846,2023-08-01T23:05:00
1864,nm0047265,2024-10-16T09:04:00
1864,nm0241589,2023-11-21T13:47:00
1864,nm0512960,2023-07-13T18:14:00
1864,nm2385361,2023-11-09T06:50:00
1865,nm0884081,2023-07-07T02:27:00
1865,nm0226446,2023-09-02T12:17:00
1865,nm1917069,2023-03-12T09:26:00
1865,nm0067391,2023-11-23T11:28:00
1865,nm1959500,2024-01-17T20:36:00
1866,nm1327322,2023-07-03T01:55:00
1866,nm0000886,2024-10-12T10:04:00
1867,nm0700876,2024-12-27T23:16:00
1867,nm0469184,2024-06-04T22:49:00
1867,nm0513922,2024-03-01T06:20:00
1869,nm0000705,2024-02-09T10:17:00
1869,nm0510219,2024-12-01T13:36:00
1869,nm2614437,2024-03-06T10:46:00
1869,nm0268047,2023-01-08T08:04:00
1869,nm0428089,2023-09-02T05:26:00
1869,nm0448104,2024-08-04T17:13:00
1869,nm0078926,2024-09-05T09:45:00
1869,nm0108406,2024-02-24T05:32:00
1869,nm6412088,2023-03-07T12:35:00
1870,nm0438463,2023-12-23T02:49:00
1870,nm0690432,2023-09-13T20:48:00
1870,nm0915913,2023-03-09T01:13:00
1870,nm0410968,2024-04-01T13:01:00
1870,nm0012395,2023-07-04T15:45:00
1871,nm0041410,2024-09-08T23:34:00
1872,nm0213964,2023-08-19T18:14:00
1872,nm0494815,2023-04-08T06:12:00
1872,nm4568834,2024-06-25T01:16:00
1872,nm0220706,2023-03-25T03:57:00
1873,nm1799679,2024-08-25T03:25:00
1873,nm0001218,2023-10-03T08:20:00
1873,nm0425216,2024-12-02T01:23:00
1873,nm0940362,2024-02-28T17:36:00
1874,nm3664356,2024-09-10T11:01:00
1874,nm0096470,2024-06-27T23:32:00
1874,nm1039212,2023-06-19T09:47:00
1874,nm0274464,2023-03-14T00:31:00
1874,nm6684555,2023-11-05T12:13:00
1874,nm0179532,2023-11-23T23:26:00
1874,nm0908378,2024-01-10T01:24:00
1874,nm0314305,2024-07-22T14:56:00
1874,nm4375626,2024-12-23T18:11:00
1874,nm0594062,2024-04-18T10:01:00
1875,nm2358153,2024-02-21T17:19:00
1875,nm0764852,2024-12-24T10:34:00
1875,nm0689461,2023-06-09T05:11:00
1875,nm0457048,2024-02-16T21:00:00
1875,nm0361824,2024-05-13T03:56:00
1876,nm0483048,2024-02-23T14:56:00
1876,nm0666230,2023-07-04T11:19:00
1876,nm0469184,2024-02-09T14:15:00
1876,nm0116897,2024-04-06T12:02:00
1876,nm0042960,2023-07-09T18:32:00
1876,nm0001813,2024-10-23T22:13:00
1876,nm1271759,2023-04-18T16:18:00
1877,nm0176155,2023-11-06T05:29:00
1877,nm0082306,2024-07-18T07:55:00
1877,nm0004767,2023-09-01T23:46:00
1877,nm0812905,2023-04-01T00:36:00
1877,nm0317558,2023-02-26T11:19:00
1877,nm1464408,2023-03-08T18:42:00
1877,nm0042960,2023-07-03T18:43:00
1877,nm0394053,2024-01-16T21:21:00
1878,nm0539399,2024-10-24T19:22:00
1881,nm0296859,2024-02-21T04:04:00
1881,nm0896060,2023-06-23T18:57:00
1881,nm0088083,2024-10-22T20:24:00
1881,nm10458904,2024-03-18T03:15:00
1881,nm0355621,2024-04-01T01:51:00
1884,nm0446037,2023-11-04T17:22:00
1886,nm3516634,2023-02-18T10:45:00
1886,nm0121826,2024-02-14T19:47:00
1886,nm1817887,2023-05-24T18:03:00
1893,nm0333289,2023-05-19T10:59:00
1893,nm0182626,2023-03-26T16:08:00
1893,nm0180846,2024-03-19T10:10:00
1893,nm3013523,2023-09-02T05:34:00
1893,nm0000393,2023-01-10T15:17:00
1893,nm0578566,2024-03-05T19:55:00
1893,nm0525716,2024-08-19T06:32:00
1893,nm2342614,2023-09-04T18:11:00
1893,nm1127373,2024-10-08T21:15:00
1893,nm0001358,2023-06-07T17:09:00
1897,nm1678637,2023-08-03T22:14:00
1897,nm0444239,2023-05-16T02:36:00
1897,nm0253018,2024-12-08T15:20:00
1897,nm0888536,2023-02-06T02:31:00
1897,nm0115452,2024-10-11T08:34:00
1897,nm0455745,2024-12-15T18:41:00
1897,nm1631127,2024-11-21T13:56:00
1897,nm0215803,2023-07-11T11:09:00
1898,nm1040735,2023-02-21T19:12:00
1898,nm1157048,2024-04-14T20:45:00
1898,nm0471601,2023-03-28T05:19:00
1898,nm0175700,2023-03-02T12:21:00
1898,nm1742030,2023-06-24T08:55:00
1898,nm0078109,2024-08-25T06:24:00
1899,nm5752523,2024-10-04T02:56:00
1899,nm0424534,2024-02-06T06:02:00
1899,nm0430258,2024-07-06T19:12:00
1899,nm12285317,2023-09-26T05:45:00
1899,nm0159802,2024-11-21T10:57:00
1899,nm9074056,2024-11-05T01:38:00
1899,nm0620076,2023-11-07T19:34:00
1899,nm0001919,2023-02-07T11:23:00
1900,nm2953322,2024-03-16T02:44:00
1900,nm0805100,2024-08-22T21:05:00
1902,nm0487764,2024-04-06T07:29:00
1902,nm3500149,2023-12-23T18:37:00
1902,nm0022264,2024-10-18T05:07:00
1902,nm0899042,2024-05-16T12:48:00
1902,nm0000922,2023-07-01T23:30:00
1903,nm1573418,2023-12-26T06:25:00
1903,nm0318070,2023-04-23T19:03:00
1904,nm0001954,2024-09-22T23:03:00
1904,nm0041172,2023-09-19T11:52:00
1904,nm0242750,2024-01-06T23:21:00
1904,nm0731286,2024-07-26T23:29:00
1905,nm4229095,2023-11-06T08:17:00
1905,nm0642987,2024-08-23T03:25:00
1905,nm0633997,2024-12-25T13:27:00
1905,nm0357718,2023-07-14T18:03:00
1905,nm0599604,2024-08-15T05:03:00
1905,nm3013596,2024-02-12T11:15:00
1906,nm0925929,2023-09-24T13:06:00
1906,nm0477772,2023-10-27T18:11:00
1909,nm0839212,2023-12-17T05:36:00
1909,nm0838687,2024-04-01T07:01:00
1909,nm0611552,2024-03-26T22:58:00
1912,nm1828251,2023-09-27T09:30:00
1912,nm1041360,2024-07-07T12:54:00
1912,nm0427167,2023-11-23T00:24:00
1912,nm0448195,2023-11-07T11:37:00
1912,nm1432815,2023-12-24T06:57:00
1914,nm1599046,2024-01-19T07:55:00
1914,nm1552841,2024-10-15T17:51:00
1915,nm1981105,2024-04-07T05:41:00
1915,nm0089485,2024-12-05T20:18:00
1915,nm6314437,2024-09-06T15:28:00
1915,nm0818274,2024-03-19T20:07:00
1915,nm10470654,2024-09-20T12:53:00
1915,nm0430535,2023-05-12T01:33:00
1915,nm2655984,2024-02-26T16:14:00
1915,nm0784857,2024-02-08T16:00:00
1915,nm0627030,2023-02-17T04:05:00
1917,nm0002034,2023-08-05T05:53:00
1917,nm0534297,2024-09-22T09:17:00
1917,nm0001542,2024-08-19T16:48:00
1917,nm2034488,2024-07-11T19:33:00
1917,nm0698495,2023-05-23T20:43:00
1917,nm0072866,2023-11-12T04:10:00
1919,nm0001960,2024-02-21T06:17:00
1919,nm0285791,2023-12-20T12:13:00
1919,nm2910019,2024-03-15T06:20:00
1919,nm0840531,2024-10-26T17:14:00
1919,nm0444321,2023-04-10T21:35:00
1919,nm0908914,2024-01-13T21:11:00
1921,nm0497592,2024-07-03T12:23:00
1921,nm10458909,2024-07-26T23:30:00
1921,nm0549773,2024-04-01T21:28:00
1921,nm0000530,2023-01-22T02:23:00
1921,nm0684594,2023-01-02T23:00:00
1921,nm0103242,2023-04-02T14:20:00
1921,nm0884964,2024-10-21T07:30:00
1922,nm0024302,2023-08-25T06:29:00
1922,nm0689461,2023-07-12T13:26:00
1922,nm0794060,2023-12-01T14:50:00
1922,nm0001153,2023-08-25T23:27:00
1922,nm0925113,2023-10-26T09:19:00
1922,nm0539455,2023-07-01T02:12:00
1922,nm0880126,2024-02-25T09:33:00
1923,nm0714878,2024-09-20T15:09:00
1923,nm0504342,2024-01-01T08:54:00
1923,nm1041596,2023-04-05T23:29:00
1923,nm5589121,2024-03-04T11:58:00
1923,nm1176698,2024-12-03T09:12:00
1923,nm0341526,2023-11-11T09:44:00
1924,nm3429997,2024-06-06T22:21:00
1924,nm1031014,2024-09-19T03:08:00
1924,nm2218569,2024-01-08T15:52:00
1924,nm0000621,2023-07-16T20:39:00
1924,nm1179845,2023-10-19T19:05:00
1924,nm0001633,2023-05-07T14:26:00
1924,nm0147825,2023-09-08T12:47:00
1924,nm0340737,2024-04-21T02:21:00
1926,nm0248463,2024-12-14T21:12:00
1926,nm5935549,2023-12-28T16:56:00
1926,nm0309945,2023-03-10T07:21:00
1926,nm6410003,2023-07-28T11:22:00
1926,nm0548228,2024-01-23T16:19:00
1926,nm0001524,2024-10-04T22:26:00
1926,nm1174035,2023-12-18T10:04:00
1926,nm9508265,2023-08-22T13:38:00
1926,nm2031914,2023-08-02T00:14:00
1928,nm0502458,2024-11-04T01:38:00
1928,nm0630132,2023-09-20T23:58:00
1928,nm0007219,2023-12-16T16:44:00
1928,nm0455009,2023-06-25T08:09:00
1928,nm0001706,2024-07-10T06:06:00
1928,nm0091286,2024-01-09T00:56:00
1929,nm0550181,2023-07-09T12:09:00
1929,nm0338922,2024-09-15T23:03:00
1929,nm3068246,2024-05-11T03:15:00
1929,nm0523601,2024-08-05T06:09:00
1929,nm0001604,2024-04-19T20:16:00
1930,nm0282547,2023-09-04T09:51:00
1930,nm0271408,2023-08-11T20:53:00
1930,nm0161177,2023-07-01T17:35:00
1932,nm1773123,2023-06-09T00:20:00
1932,nm0000506,2024-04-02T00:56:00
1932,nm0308561,2023-02-04T01:08:00
1932,nm2763805,2023-09-06T22:55:00
1933,nm0001566,2024-09-15T17:04:00
1933,nm0178259,2024-12-04T18:39:00
1933,nm3219637,2024-11-22T09:25:00
1933,nm1883706,2023-03-28T13:25:00
1933,nm0051628,2024-03-27T21:50:00
1933,nm0491422,2023-11-03T04:08:00
1933,nm0819525,2023-07-21T12:24:00
1933,nm4535518,2024-02-23T11:27:00
1935,nm0185720,2024-03-21T22:56:00
1935,nm0005532,2024-07-22T21:11:00
1935,nm0934750,2024-04-09T22:54:00
1935,nm0634313,2023-07-17T09:50:00
1935,nm0821088,2023-06-20T12:37:00
1936,nm2446283,2023-07-17T18:18:00
1936,nm0130107,2024-04-14T02:18:00
1936,nm0943816,2024-03-10T06:46:00
1936,nm0268225,2024-09-12T13:03:00
1936,nm0587401,2023-08-11T15:50:00
1936,nm0875194,2024-02-28T14:47:00
1936,nm0001484,2023-04-28T10:43:00
1939,nm1389997,2023-01-27T17:01:00
1939,nm0786292,2023-04-09T02:47:00
1940,nm9743839,2024-09-06T22:11:00
1940,nm1183178,2024-06-10T10:17:00
1940,nm0099583,2024-12-02T05:08:00
1940,nm0000285,2023-07-27T06:04:00
1940,nm0001528,2023-11-18T13:46:00
1940,nm0430870,2024-10-09T06:19:00
1941,nm0001687,2024-11-09T08:55:00
1941,nm0717080,2024-09-05T22:17:00
1941,nm0004692,2023-08-06T20:36:00
1941,nm0586476,2023-04-09T18:18:00
1941,nm0297143,2024-05-18T01:27:00
1941,nm0888503,2024-02-16T20:25:00
1941,nm0180846,2023-02-02T12:54:00
1941,nm3070422,2023-07-24T16:48:00
1942,nm0026364,2024-01-03T04:58:00
1942,nm0876128,2024-01-11T09:24:00
1942,nm0084793,2024-10-01T04:31:00
1942,nm6314436,2023-07-27T17:39:00
1942,nm3144639,2023-11-02T18:45:00
1942,nm0203508,2024-12-13T07:02:00
1942,nm0245650,2023-07-24T15:51:00
1942,nm5924506,2024-10-15T09:38:00
1942,nm0590158,2024-09-16T07:11:00
1943,nm0238182,2023-10-07T18:24:00
1943,nm0465496,2023-06-01T22:23:00
1943,nm0024529,2023-09-21T22:00:00
1943,nm0001182,2023-12-24T16:33:00
1943,nm0669041,2024-06-20T07:38:00
1943,nm0000216,2023-01-10T01:34:00
1946,nm0732187,2023-04-06T04:38:00
1946,nm0512357,2024-01-17T20:58:00
1946,nm0098524,2024-08-12T16:26:00
1946,nm0411644,2023-03-26T21:10:00
1946,nm0001729,2024-05-04T20:45:00
1946,nm6056898,2024-12-16T04:08:00
1946,nm0220142,2023-06-20T01:27:00
1946,nm0874232,2024-09-18T06:01:00
1946,nm0059607,2024-02-14T15:03:00
1946,nm0828906,2023-01-02T08:26:00
1947,nm0308642,2023-01-01T20:40:00
1947,nm0611524,2023-10-18T23:57:00
1947,nm0534319,2023-08-07T06:32:00
1947,nm0499315,2023-07-17T11:25:00
1952,nm0757058,2024-07-04T20:56:00
1952,nm0001029,2023-08-18T09:02:00
1952,nm0239666,2024-01-20T03:23:00
1952,nm0444621,2023-05-07T15:36:00
1952,nm1463426,2023-08-20T00:49:00
1952,nm0004980,2024-09-05T04:05:00
1952,nm0516994,2023-02-20T09:46:00
1954,nm0428632,2023-03-18T00:18:00
1954,nm0001870,2024-08-11T15:13:00
1954,nm0872456,2024-06-10T16:04:00
1954,nm0939931,2024-07-09T01:12:00
1954,nm0002138,2023-08-15T15:09:00
1954,nm4206125,2024-02-26T11:35:00
1955,nm1018221,2023-04-24T10:26:00
1955,nm0650144,2024-09-08T18:20:00
1955,nm0000130,2024-12-04T05:31:00
1957,nm0185412,2024-03-20T00:59:00
1957,nm0246585,2023-10-20T06:18:00
1957,nm0407454,2024-02-15T17:45:00
1959,nm0001528,2023-12-08T06:31:00
1960,nm1303433,2023-06-16T06:58:00
1960,nm2147559,2024-12-20T16:32:00
1960,nm0512267,2023-12-27T10:18:00
1960,nm2063445,2023-12-12T10:50:00
1960,nm0419028,2023-06-27T12:30:00
1960,nm0387207,2024-10-13T15:10:00
1961,nm0539399,2024-12-05T14:35:00
1961,nm0081880,2024-07-02T22:56:00
1961,nm1544100,2023-07-25T12:46:00
1961,nm0333117,2023-04-11T16:09:00
1961,nm0261967,2024-10-01T05:02:00
1961,nm0001056,2023-06-16T08:24:00
1961,nm0393093,2024-10-04T10:27:00
1962,nm1930705,2024-01-13T07:22:00
1962,nm0261159,2024-12-22T17:35:00
1962,nm0688724,2023-05-08T00:07:00
1962,nm0376169,2023-07-11T21:26:00
1962,nm0013741,2024-09-26T09:01:00
1962,nm3660768,2024-02-02T19:20:00
1962,nm1528432,2023-11-22T18:55:00
1962,nm0658885,2024-11-23T16:54:00
1963,nm1751183,2023-08-20T16:00:00
1963,nm12961791,2024-06-25T01:15:00
1963,nm0940047,2024-05-16T07:51:00
1963,nm0585689,2024-02-15T15:58:00
1963,nm0428086,2024-04-26T03:35:00
1963,nm0766329,2024-09-12T13:24:00
1963,nm0060845,2024-01-15T02:33:00
1963,nm1049183,2024-12-11T03:48:00
1963,nm1495087,2023-11-08T22:56:00
1964,nm0622736,2024-03-04T08:52:00
1964,nm0952618,2023-11-09T22:00:00
1964,nm0639152,2023-08-23T17:36:00
1964,nm0814358,2023-06-02T00:20:00
1964,nm0939931,2023-10-02T08:40:00
1965,nm0204843,2024-04-01T17:19:00
1965,nm0990524,2023-07-01T07:15:00
1966,nm1460167,2023-01-18T11:48:00
1966,nm1104624,2024-03-28T01:34:00
1966,nm0565887,2024-12-12T10:33:00
1966,nm8338126,2024-12-02T23:12:00
1966,nm2063290,2023-01-02T07:39:00
1966,nm0336790,2024-08-03T13:28:00
1966,nm0397048,2024-01-23T06:28:00
1966,nm0597042,2024-09-15T05:56:00
1966,nm0553281,2024-12-25T14:02:00
1966,nm0580881,2024-10-13T04:55:00
1970,nm0599790,2023-11-05T21:16:00
1970,nm0864326,2023-12-01T01:16:00
1970,nm0001287,2023-11-06T18:39:00
1970,nm0314611,2024-05-18T23:44:00
1970,nm0068772,2023-10-27T23:09:00
1970,nm0631025,2023-08-12T00:25:00
1970,nm0429831,2024-09-01T15:57:00
1970,nm0350351,2023-07-20T04:53:00
1972,nm0666157,2023-10-18T19:29:00
1972,nm3188190,2024-09-02T20:31:00
1972,nm0123649,2024-02-01T11:02:00
1972,nm0556813,2023-11-22T08:33:00
1973,nm0038273,2024-07-04T04:42:00
1973,nm0049833,2023-01-14T21:24:00
1973,nm0194653,2024-02-15T02:12:00
1973,nm7216007,2023-02-14T07:23:00
1973,nm3162825,2023-10-11T01:40:00
1973,nm0059879,2024-08-12T19:56:00
1973,nm0452810,2024-05-06T01:07:00
1973,nm0766056,2024-11-12T04:15:00
1973,nm0585689,2024-01-25T17:45:00
1976,nm0210698,2023-08-07T14:57:00
1976,nm0817021,2024-06-26T12:37:00
1976,nm0954627,2024-08-12T04:05:00
1976,nm4472964,2024-05-27T14:22:00
1976,nm2056022,2024-06-13T11:05:00
1978,nm1708203,2023-12-14T19:43:00
1980,nm2071929,2024-03-04T08:13:00
1980,nm0000149,2023-11-05T09:37:00
1980,nm0050264,2023-09-17T09:38:00
1980,nm0052168,2024-06-10T18:02:00
1980,nm0118840,2023-12-07T13:12:00
1980,nm2604251,2023-05-25T12:07:00
1980,nm0151606,2023-04-22T18:18:00
1981,nm0869927,2024-01-05T21:53:00
1981,nm0001441,2023-10-23T05:49:00
1981,nm0000661,2023-10-09T15:25:00
1981,nm8970013,2023-02-19T04:54:00
1981,nm6856064,2024-07-04T20:36:00
1982,nm0792758,2024-02-19T05:10:00
1982,nm0292841,2024-08-02T02:39:00
1982,nm0862963,2023-05-26T09:15:00
1982,nm0486358,2023-09-08T06:32:00
1983,nm9710968,2024-02-08T14:57:00
1983,nm0694112,2023-05-12T07:12:00
1983,nm0000134,2024-12-18T01:27:00
1983,nm4719517,2023-03-28T07:14:00
1983,nm3664356,2024-12-09T11:54:00
1983,nm4834807,2024-05-28T12:57:00
1983,nm2266795,2024-01-15T13:19:00
1983,nm0515296,2023-03-12T11:52:00
1983,nm0484736,2023-12-09T08:37:00
1984,nm0907404,2023-07-03T20:18:00
1984,nm0048695,2024-04-20T23:42:00
1984,nm6313534,2023-06-26T19:32:00
1984,nm0209428,2023-12-28T20:00:00
1984,nm0149942,2023-09-04T22:04:00
1985,nm15023491,2024-07-13T19:34:00
1985,nm0156298,2024-07-06T05:27:00
1987,nm5555419,2024-09-18T22:38:00
1987,nm0045937,2024-06-10T14:17:00
1987,nm0491768,2024-02-08T20:07:00
1987,nm0446303,2024-12-27T01:24:00
1989,nm0354653,2023-01-24T09:03:00
1989,nm0028965,2023-10-21T22:08:00
1989,nm0920328,2024-02-15T14:45:00
1989,nm0816457,2024-09-21T05:08:00
1989,nm2394154,2023-08-01T18:17:00
1989,nm0002145,2023-04-16T02:56:00
1989,nm0094080,2024-03-13T20:40:00
1989,nm0332709,2024-03-20T15:33:00
1989,nm0611524,2023-06-15T02:40:00
1989,nm0000443,2024-06-15T22:56:00
1990,nm0000802,2023-04-04T19:04:00
1990,nm0451228,2023-02-14T16:46:00
1990,nm0092320,2023-01-20T02:51:00
1990,nm0725710,2024-12-26T07:15:00
1990,nm0001429,2023-04-05T14:56:00
1990,nm2583884,2024-04-01T13:53:00
1990,nm0598857,2024-01-03T11:29:00
1990,nm0815370,2024-02-02T22:14:00
1990,nm1444954,2024-11-10T08:47:00
1990,nm0214914,2024-02-09T18:23:00
1993,nm0160004,2024-09-09T15:14:00
1993,nm0251797,2023-11-02T13:27:00
1993,nm0748822,2024-01-12T20:16:00
1993,nm4404779,2023-05-28T19:39:00
1993,nm9541536,2023-12-26T17:24:00
1993,nm0533672,2023-09-02T17:02:00
1993,nm1675266,2024-01-04T20:20:00
1993,nm0168591,2023-11-28T10:03:00
1993,nm0476560,2023-07-04T22:18:00
1993,nm0523932,2024-01-19T13:42:00
1994,nm1235203,2023-10-21T06:54:00
1994,nm0428463,2024-01-26T03:36:00
1998,nm0563039,2023-01-13T12:34:00
1998,nm0001428,2023-04-11T14:49:00
1998,nm0277556,2024-09-13T18:08:00
1998,nm1796577,2024-10-06T19:11:00
1998,nm0521937,2024-09-18T20:37:00
1998,nm1856217,2023-04-17T13:32:00
1998,nm0156345,2024-07-25T18:03:00
1998,nm0465531,2023-02-02T03:20:00
1999,nm0285576,2023-06-23T04:40:00
1999,nm0765598,2024-09-04T13:48:00
1999,nm0601041,2024-07-26T15:36:00
1999,nm0252191,2023-02-17T15:33:00
1999,nm0691675,2023-11-13T08:31:00
1999,nm0555728,2023-02-21T04:09:00
1999,nm1830810,2024-11-27T11:48:00
1999,nm0412917,2023-12-07T03:15:00
1999,nm4263213,2023-04-14T23:14:00
1999,nm0001484,2024-09-23T21:55:00
