user_id,film_id,added_at
1,39896,2023-10-18T06:23:00
1,180569,2024-02-13T16:28:00
1,98114,2024-10-22T19:07:00
1,26686,2023-02-13T11:50:00
1,122226,2024-09-12T04:12:00
1,188489,2024-09-02T01:02:00
1,82370,2023-12-11T15:33:00
1,7995,2024-03-20T16:08:00
1,26119,2024-10-11T05:25:00
2,149104,2024-08-24T16:38:00
3,851,2023-05-20T10:34:00
3,198313,2024-01-05T00:30:00
3,88682,2023-02-13T01:05:00
4,153368,2023-08-13T14:50:00
4,130874,2024-10-20T03:21:00
4,83430,2023-08-17T10:37:00
4,160545,2023-02-04T00:38:00
4,133541,2023-10-26T06:57:00
4,166269,2023-11-17T08:22:00
4,109241,2024-08-24T19:28:00
5,169154,2023-03-25T20:09:00
5,67929,2024-03-13T14:46:00
5,175997,2024-02-04T18:27:00
5,168400,2024-03-03T10:08:00
5,91201,2023-07-12T10:31:00
6,7109,2024-01-18T10:16:00
6,116929,2024-07-13T14:27:00
6,170143,2024-05-02T08:31:00
6,193773,2023-06-21T01:19:00
6,109793,2024-07-08T18:56:00
8,148222,2024-07-19T03:15:00
8,194456,2024-03-26T08:32:00
8,131417,2023-06-12T21:03:00
8,149104,2024-05-27T05:50:00
8,142268,2024-12-02T17:45:00
8,50158,2023-11-16T01:26:00
9,26139,2023-07-11T22:01:00
9,26686,2023-06-09T09:31:00
9,160444,2023-05-04T19:06:00
9,157903,2024-06-21T01:55:00
10,170143,2024-08-03T18:51:00
10,47629,2023-02-15T22:10:00
10,141034,2023-11-26T04:18:00
10,7763,2023-06-02T14:52:00
10,166482,2024-05-22T17:29:00
10,153726,2023-08-21T20:44:00
10,93455,2024-06-27T08:26:00
10,160561,2023-10-26T19:59:00
10,149723,2023-05-02T12:23:00
10,98629,2023-09-28T14:09:00
11,154454,2024-12-25T12:35:00
12,86635,2023-02-26T17:01:00
12,147198,2023-10-13T12:49:00
12,100042,2023-12-24T01:15:00
12,8123,2024-09-18T12:43:00
12,8459,2024-11-23T23:01:00
12,204236,2024-09-18T00:09:00
12,175983,2024-06-06T19:44:00
12,160575,2024-02-13T09:44:00
12,80566,2024-12-20T06:55:00
13,194670,2024-08-10T18:59:00
13,180203,2023-07-06T15:36:00
13,148486,2024-01-06T08:10:00
13,141365,2024-08-02T07:48:00
13,70571,2023-04-22T04:39:00
13,187553,2024-11-20T09:22:00
15,146090,2023-05-11T00:41:00
15,51402,2024-07-14T22:36:00
15,189081,2023-08-11T09:02:00
15,187611,2023-12-24T08:57:00
15,186511,2023-09-14T02:30:00
18,148106,2023-03-14T05:25:00
18,83056,2023-01-07T04:54:00
18,1709,2024-11-09T11:10:00
18,136846,2024-08-08T07:00:00
18,181287,2023-08-25T08:49:00
18,3488,2023-12-13T07:21:00
18,199746,2023-07-17T10:09:00
18,129707,2023-05-15T12:47:00
20,66815,2023-02-01T03:54:00
20,180555,2023-09-18T20:39:00
20,149723,2024-10-20T20:07:00
20,151469,2023-03-25T20:37:00
20,177745,2023-06-15T10:13:00
20,131009,2024-09-21T02:06:00
20,188213,2023-06-23T15:02:00
20,197707,2023-05-15T11:25:00
21,163817,2024-03-15T05:29:00
23,801,2024-01-21T17:37:00
23,165871,2023-03-21T15:01:00
23,70571,2024-10-20T21:02:00
23,201176,2024-05-20T09:39:00
23,197987,2023-06-14T20:22:00
23,98402,2023-11-08T20:25:00
24,69521,2023-03-01T14:10:00
24,7122,2023-10-12T15:35:00
24,45581,2023-04-11T22:44:00
24,185579,2024-01-18T03:36:00
25,4012,2023-03-04T13:25:00
25,202940,2024-07-19T03:02:00
25,155493,2024-01-21T17:43:00
25,181287,2024-02-28T03:52:00
25,128886,2024-02-07T21:58:00
25,87049,2024-01-21T04:22:00
25,1030,2023-01-14T08:11:00
25,5598,2023-08-14T08:15:00
25,144442,2024-10-21T09:48:00
26,8748,2024-01-28T15:54:00
26,196495,2023-10-26T06:43:00
26,175235,2023-04-05T19:19:00
26,123816,2023-03-22T15:50:00
26,128884,2024-10-10T05:22:00
26,160374,2023-02-13T11:28:00
26,25764,2024-06-11T15:19:00
27,125029,2024-03-22T17:26:00
27,205283,2023-06-18T07:19:00
27,145871,2023-12-13T06:35:00
28,105144,2023-01-28T18:26:00
28,119155,2023-02-12T06:21:00
28,193976,2023-11-26T00:22:00
28,103139,2023-03-26T11:27:00
29,84148,2023-02-20T20:43:00
29,73031,2023-06-10T14:44:00
29,4012,2023-09-13T07:37:00
29,197973,2024-03-10T00:42:00
29,204126,2023-04-17T22:16:00
29,44255,2023-01-08T02:30:00
30,175147,2023-05-27T18:40:00
30,7208,2023-02-11T02:21:00
30,4001,2024-10-10T09:14:00
30,104243,2024-09-16T02:29:00
31,3111,2024-01-27T20:42:00
31,179873,2024-05-20T03:19:00
31,96807,2024-06-07T07:31:00
31,132922,2024-03-01T03:52:00
31,90537,2024-07-20T03:17:00
32,161262,2023-02-08T03:35:00
32,171093,2024-01-11T01:12:00
32,140058,2024-07-04T20:05:00
32,99996,2024-04-10T02:30:00
32,113989,2024-02-09T13:53:00
32,128884,2024-06-10T10:05:00
32,204184,2023-04-28T06:59:00
32,26738,2024-06-19T02:26:00
32,178959,2024-12-20T02:22:00
32,7369,2024-07-07T00:44:00
33,78941,2024-08-21T15:33:00
33,125219,2023-04-01T05:18:00
33,107432,2023-04-22T21:46:00
33,154270,2023-01-18T06:14:00
33,157536,2024-02-18T15:51:00
33,148062,2023-06-23T10:50:00
33,47629,2023-04-20T20:12:00
33,88682,2023-04-17T00:12:00
33,192401,2024-05-07T03:52:00
33,92756,2023-08-24T07:06:00
34,2493,2024-12-11T07:44:00
34,154634,2023-10-13T15:31:00
34,131341,2023-08-28T10:37:00
34,92446,2024-03-18T06:05:00
36,131310,2024-11-19T06:01:00
36,142268,2024-07-28T13:58:00
36,90460,2023-05-20T03:26:00
36,131341,2024-01-12T23:20:00
36,194,2024-08-07T23:36:00
36,184019,2023-05-12T10:40:00
36,116489,2024-04-14T05:51:00
36,193459,2023-04-03T19:40:00
36,121194,2023-02-23T04:43:00
36,184815,2023-12-02T17:07:00
38,87049,2024-11-24T13:19:00
38,179899,2024-11-04T15:09:00
38,2435,2023-03-13T18:32:00
38,5086,2023-06-27T07:14:00
38,144998,2024-06-08T06:34:00
38,184851,2024-04-01T19:40:00
39,137427,2023-05-13T02:00:00
39,185521,2024-12-19T20:38:00
39,3587,2023-02-18T00:18:00
39,191423,2024-08-20T09:01:00
39,121847,2024-01-26T23:44:00
39,68874,2024-02-11T18:17:00
39,151082,2023-07-25T01:15:00
41,1155,2024-08-15T20:51:00
41,130792,2023-01-28T01:46:00
41,121626,2024-12-08T13:49:00
41,4397,2023-09-19T13:17:00
41,169740,2023-06-23T07:53:00
41,98402,2023-01-04T17:30:00
41,68915,2024-07-15T22:05:00
41,204236,2023-10-09T20:16:00
41,861,2023-02-12T07:40:00
41,180911,2023-10-04T04:44:00
43,184991,2024-10-26T10:26:00
43,147934,2023-08-06T00:30:00
43,123391,2023-04-14T22:31:00
43,133413,2023-08-07T12:14:00
45,126719,2023-02-28T15:29:00
45,72936,2023-01-18T23:27:00
45,3587,2024-06-09T01:25:00
45,96306,2024-01-02T04:12:00
46,53849,2024-03-09T03:33:00
46,123951,2024-01-10T16:37:00
46,136846,2023-01-13T00:25:00
46,6073,2024-01-28T16:45:00
46,173197,2024-07-05T08:01:00
50,81673,2023-08-24T22:04:00
50,159235,2023-06-22T22:13:00
50,3449,2023-05-25T19:43:00
50,89137,2024-11-15T17:41:00
50,7109,2024-02-12T12:30:00
50,1415,2024-11-24T21:33:00
50,153436,2023-09-14T17:19:00
50,165907,2024-07-05T10:44:00
51,146760,2024-10-11T09:52:00
51,5544,2024-09-14T07:19:00
51,169740,2024-02-17T07:11:00
51,98114,2024-01-13T21:01:00
51,208443,2023-01-20T18:32:00
51,116487,2024-06-06T22:30:00
51,123246,2024-02-20T23:45:00
54,186511,2023-11-03T20:02:00
54,103241,2024-04-20T22:59:00
54,115779,2023-02-14T20:40:00
54,190473,2023-06-17T15:22:00
54,151082,2023-05-13T00:03:00
54,131310,2023-06-07T00:00:00
54,36426,2024-12-21T16:41:00
58,122226,2023-12-05T23:46:00
58,119035,2023-12-09T09:38:00
58,6134,2024-09-23T16:31:00
58,59846,2023-12-23T18:13:00
58,83664,2024-07-15T09:40:00
58,96799,2024-09-10T22:45:00
59,198313,2024-05-22T00:40:00
59,4586,2024-06-16T00:45:00
59,105952,2023-03-10T10:35:00
59,83056,2024-03-15T15:49:00
59,152395,2023-04-01T20:22:00
59,131421,2024-07-04T17:41:00
59,3449,2023-02-12T21:23:00
59,121693,2023-04-07T09:57:00
59,197747,2023-03-07T23:44:00
60,182585,2023-10-25T23:10:00
61,1128,2023-10-11T12:11:00
61,209171,2024-10-17T06:41:00
61,1155,2024-12-19T19:43:00
61,129707,2024-07-14T13:13:00
61,160561,2024-03-10T07:34:00
61,109793,2023-12-11T21:42:00
61,68915,2023-11-07T14:26:00
61,148038,2024-06-21T00:53:00
61,138428,2024-09-08T21:19:00
61,155493,2023-05-18T06:33:00
63,175767,2023-03-16T05:11:00
63,170143,2023-02-23T15:21:00
63,26797,2024-11-23T03:14:00
63,105084,2024-09-06T15:25:00
63,149466,2024-11-14T18:40:00
63,193419,2024-02-25T15:00:00
63,129445,2024-01-20T13:13:00
63,81413,2024-07-09T00:31:00
65,6896,2024-09-16T03:51:00
65,135382,2024-11-04T07:36:00
65,194026,2023-04-10T02:32:00
65,164063,2024-09-14T23:57:00
65,197973,2024-05-28T05:16:00
65,25977,2024-10-26T01:20:00
65,61937,2024-11-10T02:27:00
66,1029,2023-08-26T01:22:00
66,141365,2024-05-25T07:14:00
67,135599,2024-11-04T03:10:00
67,187039,2024-10-06T04:11:00
67,191331,2023-01-16T09:09:00
69,180911,2024-04-06T20:22:00
69,145871,2024-10-22T08:18:00
69,202455,2024-01-28T04:32:00
69,5214,2024-06-21T16:55:00
69,77721,2023-01-04T08:19:00
70,163861,2023-10-23T23:40:00
70,133199,2024-11-10T01:15:00
71,181287,2023-04-22T23:11:00
71,133535,2024-05-23T18:41:00
71,67929,2024-08-06T13:32:00
71,125435,2024-08-05T01:24:00
71,165229,2024-07-05T15:20:00
71,2301,2024-05-12T17:23:00
72,181287,2023-06-04T17:21:00
72,4366,2023-08-18T15:23:00
72,116604,2023-05-07T19:07:00
72,59306,2024-09-17T20:16:00
72,4664,2024-08-06T15:40:00
72,47404,2024-01-26T01:55:00
72,190553,2023-03-02T19:46:00
72,67929,2024-06-07T18:14:00
73,123951,2024-02-03T20:32:00
73,155308,2024-08-04T00:30:00
73,76277,2023-06-10T21:47:00
73,189687,2023-04-24T00:13:00
73,53468,2024-11-26T08:49:00
73,66506,2023-03-16T10:59:00
73,165229,2023-02-27T14:06:00
73,181229,2024-12-03T11:13:00
73,5596,2024-02-10T16:56:00
73,96960,2024-05-05T15:01:00
74,88682,2023-12-12T22:03:00
74,41058,2024-11-25T07:21:00
74,168760,2024-04-23T13:52:00
74,187039,2024-09-26T14:45:00
74,164616,2023-08-10T14:22:00
74,194318,2024-09-16T22:26:00
76,86635,2023-08-07T09:07:00
76,93455,2023-12-25T05:28:00
77,89607,2023-02-16T21:09:00
77,141034,2024-07-15T11:01:00
77,125029,2023-11-09T07:45:00
77,197973,2024-03-21T16:42:00
77,160444,2024-12-16T00:28:00
77,66815,2024-03-22T08:14:00
77,3847,2023-09-22T00:23:00
77,26002,2023-12-20T11:26:00
77,123258,2023-02-07T01:59:00
77,168214,2023-06-20T02:48:00
78,102677,2023-03-23T10:37:00
78,6073,2023-07-24T23:53:00
78,188551,2023-05-20T15:05:00
78,194536,2024-06-23T02:12:00
78,147172,2024-06-03T16:57:00
78,165051,2023-08-14T02:51:00
78,8668,2024-08-20T13:32:00
78,146832,2023-01-01T04:21:00
80,161161,2024-03-02T17:47:00
80,116487,2023-04-28T14:51:00
80,152597,2024-09-04T12:34:00
81,102677,2024-02-18T15:22:00
81,107747,2024-10-26T09:13:00
84,72936,2024-04-26T00:57:00
84,7986,2023-01-07T21:45:00
84,131341,2023-04-23T01:26:00
84,55577,2024-11-08T09:08:00
84,204236,2024-03-27T22:42:00
84,165229,2023-11-27T07:54:00
84,189225,2024-11-11T23:26:00
84,171729,2024-07-01T10:07:00
85,163200,2023-12-02T08:38:00
85,6795,2023-11-24T02:53:00
85,7482,2024-12-22T07:57:00
85,201108,2024-11-21T23:51:00
85,123495,2024-11-09T15:45:00
85,38061,2023-03-12T02:48:00
87,63237,2023-02-14T21:48:00
87,139950,2023-08-12T08:09:00
87,102248,2024-10-19T07:56:00
88,89137,2023-11-01T20:10:00
88,180833,2023-10-16T20:20:00
88,120490,2023-07-21T11:10:00
88,205283,2023-01-13T10:17:00
88,69521,2023-05-03T23:52:00
89,120490,2024-12-21T11:43:00
89,7398,2023-11-22T22:23:00
89,128886,2023-08-12T12:05:00
89,6293,2023-01-10T23:46:00
89,167296,2024-07-18T12:24:00
90,122958,2024-05-10T08:57:00
90,203222,2023-11-12T08:46:00
90,152597,2024-06-27T09:15:00
90,122956,2024-11-24T20:56:00
90,3770,2023-11-03T21:13:00
90,171729,2024-10-02T01:58:00
90,135856,2023-03-21T06:46:00
90,143547,2024-01-03T18:39:00
93,180911,2024-03-12T20:11:00
93,77414,2023-04-17T03:08:00
93,153368,2024-09-04T17:18:00
93,2136,2023-02-05T17:00:00
93,105470,2024-07-24T02:07:00
93,206955,2024-08-14T13:27:00
93,150334,2024-12-17T21:40:00
93,7208,2023-03-13T12:11:00
93,1128,2023-05-11T22:32:00
93,116927,2023-05-20T10:12:00
94,166389,2024-02-26T06:10:00
94,188489,2023-08-14T14:12:00
94,153897,2024-03-01T14:49:00
94,169740,2024-05-17T03:08:00
94,162128,2023-08-07T22:34:00
94,5147,2024-01-18T01:42:00
94,152812,2024-03-20T18:24:00
95,163210,2023-06-13T14:34:00
95,144998,2024-11-20T20:12:00
95,204236,2024-03-01T18:08:00
95,98695,2024-09-03T22:22:00
95,78585,2024-04-23T20:22:00
95,148212,2023-01-09T16:21:00
95,179707,2023-02-26T14:17:00
95,131788,2024-01-23T11:10:00
95,3106,2023-07-07T13:45:00
95,59387,2023-02-27T16:49:00
96,147198,2024-02-09T20:33:00
96,42602,2024-12-22T08:18:00
97,98114,2023-04-28T02:29:00
100,128439,2024-06-08T22:26:00
100,166482,2023-03-19T16:28:00
100,209171,2024-07-17T22:02:00
104,118800,2023-12-08T15:39:00
104,133199,2024-11-21T20:21:00
104,130874,2023-12-12T22:28:00
104,131417,2023-03-17T07:04:00
104,154262,2023-03-01T21:29:00
104,52668,2024-06-23T16:56:00
104,4012,2023-03-14T03:03:00
104,141588,2024-01-06T13:09:00
104,5598,2024-04-18T14:21:00
107,179023,2023-03-03T08:11:00
107,26090,2024-01-22T15:01:00
107,8374,2023-12-16T14:48:00
107,180911,2024-06-20T12:04:00
107,105952,2024-06-25T21:18:00
107,205283,2024-01-06T16:03:00
107,190185,2023-01-08T11:45:00
107,59426,2023-02-06T09:32:00
107,7398,2024-11-15T15:36:00
107,235,2023-06-04T15:20:00
108,208443,2024-09-25T04:58:00
108,199267,2024-09-19T15:06:00
109,160545,2024-03-25T23:46:00
109,147198,2024-02-15T08:29:00
109,194254,2023-10-11T19:32:00
109,83,2023-08-15T00:28:00
109,133541,2024-08-28T18:06:00
109,117590,2024-12-08T08:38:00
109,144914,2023-01-04T14:14:00
109,2301,2023-03-26T13:28:00
109,76082,2024-04-25T14:27:00
111,47918,2023-12-24T23:54:00
111,201176,2023-09-13T15:49:00
111,160187,2024-10-04T21:55:00
111,180879,2023-10-15T02:59:00
111,4435,2023-06-02T06:01:00
111,74431,2024-01-16T04:03:00
111,130928,2024-11-28T05:01:00
117,26813,2023-11-17T04:17:00
117,94727,2024-03-08T10:48:00
117,61724,2023-07-10T22:32:00
117,8120,2024-06-03T23:59:00
117,4400,2023-11-05T14:54:00
119,5612,2024-11-20T02:47:00
119,48043,2024-01-26T06:27:00
119,158489,2024-05-04T13:15:00
119,174705,2023-08-04T19:41:00
119,161674,2024-01-01T07:27:00
119,7079,2023-12-07T19:16:00
120,124829,2024-05-14T10:28:00
120,159771,2023-02-06T07:06:00
120,58432,2023-08-27T17:31:00
120,78442,2024-08-18T07:12:00
120,173197,2024-08-09T18:55:00
121,165229,2023-02-25T07:42:00
121,27603,2024-06-15T02:00:00
121,123495,2024-04-09T21:11:00
121,104504,2024-05-14T19:19:00
121,148994,2024-01-18T11:43:00
121,204928,2024-02-08T08:37:00
121,144998,2024-01-10T13:25:00
121,140435,2023-01-08T12:43:00
121,134963,2023-08-16T09:27:00
122,203954,2024-09-14T12:53:00
123,77,2023-06-12T17:40:00
123,163545,2023-06-19T07:39:00
123,2618,2023-07-05T23:58:00
125,98629,2024-04-07T05:33:00
125,165051,2023-05-01T05:36:00
125,4205,2024-07-05T18:57:00
128,160122,2023-02-14T12:27:00
128,201176,2023-04-15T09:26:00
128,141588,2024-11-03T12:49:00
128,72380,2023-02-04T21:14:00
128,185579,2023-04-24T01:15:00
128,4435,2023-11-26T14:06:00
128,39896,2024-10-03T14:51:00
128,139505,2024-05-24T07:06:00
128,26464,2023-06-17T08:57:00
128,149104,2023-10-02T01:42:00
130,84293,2024-05-05T21:20:00
130,121913,2024-06-07T22:46:00
130,26704,2024-01-12T03:18:00
130,134657,2023-06-13T16:26:00
130,94314,2024-12-24T23:42:00
130,165871,2024-08-05T08:12:00
130,132438,2024-09-22T11:41:00
131,194070,2023-08-18T18:33:00
131,184851,2023-05-06T05:02:00
131,196303,2023-09-25T00:35:00
131,145612,2023-08-23T02:55:00
131,148062,2024-03-23T11:17:00
131,25996,2024-08-23T15:56:00
131,206403,2023-04-24T09:47:00
131,101938,2023-07-14T03:32:00
131,168568,2024-03-04T04:50:00
131,5596,2024-01-17T00:04:00
132,147952,2023-03-03T08:58:00
133,27018,2024-10-21T10:48:00
133,1553,2024-11-02T04:56:00
133,122958,2023-07-02T15:34:00
133,154598,2023-12-11T21:21:00
133,26139,2023-03-22T19:20:00
133,61937,2024-08-04T06:43:00
133,77,2023-08-03T22:00:00
133,194694,2024-12-12T18:35:00
133,199267,2024-01-27T22:17:00
134,57357,2024-10-25T02:44:00
135,173757,2023-01-28T05:40:00
135,34469,2023-11-24T18:59:00
135,144192,2024-04-27T01:24:00
135,166482,2024-06-21T21:27:00
136,144212,2024-05-22T11:48:00
136,121350,2023-12-06T17:37:00
136,6901,2023-04-16T19:15:00
136,4366,2023-02-18T14:21:00
136,173265,2023-02-11T10:31:00
136,193459,2024-07-06T01:02:00
136,68242,2023-12-10T22:25:00
137,81142,2023-11-02T06:03:00
137,153424,2024-06-02T18:16:00
137,124374,2023-08-08T06:41:00
137,204584,2024-02-24T14:50:00
137,4291,2023-11-26T13:43:00
137,141550,2023-07-01T01:01:00
137,153740,2023-10-08T07:42:00
137,54972,2024-12-09T00:28:00
137,90947,2024-10-18T04:41:00
138,149252,2023-06-26T08:02:00
138,155493,2024-03-15T17:25:00
138,165907,2024-12-15T18:34:00
138,92894,2024-02-11T15:05:00
138,27731,2023-01-21T14:14:00
138,1128,2024-04-12T04:28:00
138,5278,2024-12-03T06:32:00
138,203483,2023-02-08T15:20:00
138,180555,2024-09-22T08:47:00
139,185345,2023-07-22T02:44:00
139,184019,2023-07-17T17:06:00
139,173065,2023-10-16T11:47:00
139,6098,2023-04-03T19:53:00
139,851,2023-09-01T07:45:00
139,90064,2023-01-01T00:55:00
139,154073,2024-12-14T20:41:00
139,134214,2024-10-22T18:54:00
139,156911,2023-08-18T15:48:00
139,74431,2024-03-06T01:30:00
142,55343,2023-12-18T12:38:00
142,83430,2023-05-01T02:29:00
142,149678,2023-01-10T10:53:00
142,86781,2024-03-17T10:07:00
142,26529,2023-04-17T04:58:00
142,5147,2024-02-10T23:55:00
142,7482,2024-04-28T05:11:00
142,130648,2023-01-01T21:41:00
142,147172,2024-04-06T13:40:00
143,92894,2024-04-04T14:33:00
144,144906,2023-12-25T04:21:00
144,80097,2024-12-01T14:33:00
144,126136,2023-12-03T07:19:00
144,141357,2023-04-23T08:29:00
144,125295,2023-07-06T03:53:00
144,187467,2023-11-20T16:09:00
144,200818,2023-03-21T20:33:00
145,171731,2023-09-18T10:32:00
145,2493,2023-02-02T23:32:00
145,174621,2024-05-25T08:03:00
145,168016,2023-04-10T19:12:00
145,144442,2024-02-07T03:13:00
145,70571,2024-05-04T17:22:00
145,86802,2024-04-01T16:47:00
145,116487,2023-02-10T19:01:00
145,5884,2023-03-06T09:37:00
148,163817,2023-02-22T18:58:00
148,148994,2024-06-17T12:56:00
148,5549,2023-03-16T21:15:00
148,155521,2023-11-28T15:18:00
148,193801,2023-06-08T02:06:00
148,198009,2024-08-17T13:48:00
148,181287,2023-06-16T10:17:00
149,148634,2023-09-20T21:29:00
149,88814,2024-01-13T21:02:00
149,179899,2023-10-12T18:55:00
149,59846,2023-06-11T08:05:00
149,5596,2024-03-27T22:05:00
149,203527,2024-11-08T15:22:00
149,160122,2023-09-26T08:45:00
149,912,2023-11-08T14:02:00
149,175319,2024-11-25T06:46:00
150,136986,2024-08-22T16:09:00
150,8695,2024-05-12T02:33:00
150,7369,2023-10-04T20:19:00
150,129445,2024-04-10T23:33:00
150,80655,2023-09-17T04:43:00
150,80748,2024-10-27T10:19:00
150,148486,2024-01-13T09:28:00
151,118800,2024-07-18T19:56:00
151,188489,2024-03-17T23:13:00
151,158441,2024-09-02T09:26:00
152,197973,2023-12-13T04:02:00
152,184991,2023-09-13T03:36:00
153,194026,2024-01-19T18:08:00
153,172783,2024-04-18T03:21:00
153,168760,2023-03-01T21:49:00
153,129990,2023-01-24T08:56:00
153,96110,2024-03-15T18:34:00
153,187603,2023-05-08T18:45:00
155,195263,2023-07-10T16:52:00
155,165907,2024-08-21T20:23:00
155,153368,2023-05-15T17:26:00
155,144442,2023-11-21T06:34:00
155,183717,2024-12-11T03:13:00
155,49817,2023-07-21T09:07:00
155,118788,2024-06-25T22:32:00
155,99243,2024-07-13T23:43:00
155,126719,2024-03-20T12:39:00
155,148486,2024-05-08T17:32:00
156,168760,2024-02-05T14:13:00
156,101938,2024-07-22T20:33:00
156,100042,2023-07-13T19:59:00
156,156919,2024-08-20T15:39:00
156,160187,2023-05-09T10:02:00
156,191,2023-09-14T16:47:00
156,156280,2024-06-22T11:25:00
159,26317,2023-05-24T00:32:00
159,144906,2023-07-11T05:44:00
159,1128,2023-07-27T14:53:00
159,149723,2024-12-28T14:13:00
159,121194,2023-03-08T05:38:00
159,2540,2023-09-05T09:36:00
160,153424,2023-07-27T15:02:00
160,107747,2023-07-28T07:40:00
160,167610,2023-09-06T03:58:00
160,187611,2023-03-02T21:02:00
163,154262,2023-11-12T08:49:00
163,102972,2024-10-17T06:36:00
163,92029,2023-08-17T03:53:00
165,1553,2023-09-28T11:07:00
165,205405,2024-07-22T23:41:00
165,75981,2023-02-20T22:19:00
165,194416,2024-11-16T05:45:00
165,187467,2023-07-03T11:50:00
166,120252,2024-03-10T02:31:00
166,141515,2024-09-17T22:11:00
166,52668,2023-11-01T03:04:00
166,180555,2024-09-20T23:11:00
167,62237,2023-10-19T00:42:00
167,102677,2023-07-04T10:24:00
167,3560,2024-10-06T23:25:00
167,169528,2024-11-27T16:04:00
167,143689,2023-01-02T13:01:00
167,163861,2024-06-20T01:55:00
167,184869,2023-10-21T02:17:00
167,155705,2024-07-26T11:29:00
167,185149,2023-09-07T08:37:00
167,201656,2023-09-05T08:50:00
169,168760,2023-03-06T07:59:00
169,187483,2023-07-14T14:54:00
169,99925,2023-12-19T19:54:00
169,162128,2023-09-03T07:19:00
169,90907,2024-09-20T07:56:00
169,6901,2024-12-11T05:39:00
169,26686,2023-04-20T04:24:00
169,142268,2023-10-06T01:26:00
169,144838,2023-04-17T09:38:00
169,180469,2023-06-16T02:31:00
170,47404,2023-02-08T02:12:00
170,4615,2024-06-06T04:30:00
170,34469,2023-11-11T10:38:00
170,117348,2024-12-05T19:21:00
170,147934,2024-04-04T08:22:00
170,79134,2023-07-12T21:40:00
170,187483,2023-03-25T18:27:00
171,172783,2024-09-07T02:06:00
171,200604,2024-03-13T00:35:00
171,144906,2023-09-23T23:59:00
171,150974,2024-06-15T08:47:00
172,151082,2023-07-13T09:32:00
172,1030,2024-06-10T02:16:00
172,1484,2024-01-22T06:10:00
172,160122,2024-05-28T09:57:00
172,131341,2023-09-18T18:46:00
172,156821,2024-10-17T03:51:00
172,146188,2024-08-09T03:31:00
172,34540,2023-05-07T15:15:00
172,78585,2023-02-26T05:56:00
172,61937,2024-09-21T23:35:00
175,66773,2024-03-19T20:08:00
175,141515,2024-03-12T01:51:00
175,4893,2024-05-22T05:01:00
175,154796,2023-09-11T17:26:00
175,6901,2024-01-11T15:08:00
175,143689,2023-05-24T06:33:00
175,177745,2023-08-15T19:11:00
175,104843,2023-10-24T04:02:00
175,144770,2023-11-14T23:57:00
175,205283,2024-01-12T05:34:00
177,205283,2023-05-26T23:37:00
177,157536,2023-11-17T14:02:00
178,95854,2023-11-12T18:17:00
178,141886,2024-10-28T06:29:00
178,3449,2024-08-22T10:56:00
178,77721,2024-08-11T06:17:00
178,135599,2023-11-25T07:49:00
178,103614,2023-03-12T06:13:00
178,166171,2024-09-16T01:35:00
179,129532,2023-10-05T15:52:00
180,131876,2024-02-03T06:17:00
180,78713,2024-10-14T15:15:00
180,115784,2024-12-13T19:20:00
180,26470,2024-12-05T06:09:00
180,187829,2024-03-03T23:00:00
180,144914,2023-08-18T03:54:00
180,191293,2023-09-18T15:02:00
180,105470,2023-01-20T00:25:00
180,187733,2024-04-05T22:01:00
182,155308,2024-10-17T11:07:00
182,190769,2023-09-21T20:30:00
182,179899,2024-11-09T13:50:00
182,165871,2024-04-04T08:55:00
182,161674,2024-10-04T23:22:00
183,2136,2024-10-23T15:56:00
183,7107,2023-08-16T15:29:00
183,26797,2023-03-14T01:40:00
183,150308,2024-03-28T20:41:00
183,187611,2024-08-10T09:22:00
183,83225,2023-08-22T10:42:00
183,98114,2024-11-08T23:34:00
184,133535,2023-04-19T09:19:00
184,135382,2024-10-07T01:35:00
184,175183,2024-02-20T01:55:00
184,166171,2023-05-08T08:10:00
184,114642,2024-06-23T22:46:00
186,196303,2023-06-19T13:36:00
186,179873,2023-02-22T04:23:00
186,71114,2024-01-04T01:24:00
186,6172,2023-12-20T12:47:00
186,180833,2023-02-03T07:47:00
186,169154,2024-01-25T21:42:00
186,171093,2023-07-25T17:21:00
186,144914,2023-04-16T12:39:00
188,156280,2024-05-01T00:46:00
188,6366,2023-09-28T20:31:00
189,4893,2024-07-04T12:22:00
189,169528,2024-05-25T13:36:00
189,132022,2024-10-11T22:33:00
189,141203,2023-06-02T05:44:00
189,204584,2023-12-09T13:27:00
189,193459,2024-04-28T13:42:00
190,1740,2024-04-04T11:52:00
190,131310,2023-01-05T14:43:00
190,206403,2024-06-02T19:46:00
190,158400,2024-09-16T13:44:00
190,122009,2023-12-06T23:43:00
191,168016,2023-12-21T05:33:00
191,191,2024-12-16T15:34:00
191,189081,2023-03-04T04:00:00
191,63237,2024-03-16T02:02:00
193,187467,2023-06-01T14:18:00
193,71114,2024-08-16T03:30:00
193,173265,2023-02-25T01:51:00
193,106822,2024-06-02T15:16:00
193,5147,2024-04-08T05:10:00
193,195369,2023-11-15T13:39:00
193,175619,2024-12-25T18:50:00
193,196533,2024-09-13T11:37:00
195,1474,2023-01-10T19:06:00
195,149354,2023-04-26T06:26:00
195,138428,2023-09-02T11:04:00
195,39896,2023-10-11T04:15:00
195,135087,2023-04-01T06:44:00
195,204928,2023-05-10T04:22:00
195,121277,2023-07-25T02:30:00
195,206955,2023-01-21T19:16:00
195,72628,2024-01-14T19:38:00
195,131009,2024-10-18T08:56:00
196,89549,2023-06-01T04:46:00
196,47894,2023-07-11T15:55:00
196,179707,2024-09-12T20:34:00
196,205635,2024-12-24T03:18:00
197,175983,2023-03-04T08:42:00
197,190553,2023-11-14T20:06:00
197,203735,2023-10-14T17:25:00
197,7079,2024-07-02T17:34:00
197,71999,2024-12-27T12:59:00
197,95854,2024-12-18T09:46:00
197,175767,2023-10-08T23:34:00
197,93022,2024-11-13T18:23:00
197,27788,2024-05-04T23:16:00
197,162152,2024-08-22T21:07:00
198,176483,2023-12-08T07:48:00
198,175183,2023-04-20T07:04:00
198,114818,2024-05-24T17:27:00
198,129820,2024-03-16T22:09:00
198,26181,2023-03-15T06:23:00
198,235,2024-06-25T05:13:00
198,2618,2024-02-24T09:02:00
198,67929,2024-03-10T01:48:00
198,123246,2023-09-22T01:55:00
198,26641,2023-10-11T14:41:00
201,140435,2023-01-14T13:01:00
201,119208,2023-10-19T08:00:00
201,6383,2024-04-16T17:02:00
201,141279,2024-02-23T14:43:00
201,131421,2024-02-22T00:15:00
201,320,2023-07-13T16:40:00
201,81413,2024-03-12T13:35:00
202,177745,2023-10-23T17:57:00
202,86717,2023-10-22T09:41:00
202,84989,2023-03-05T18:57:00
202,1163,2024-05-27T11:18:00
202,41058,2024-03-26T18:19:00
203,98114,2024-04-12T03:36:00
203,140273,2023-09-22T10:30:00
203,1128,2024-08-07T09:03:00
203,201108,2023-12-23T13:18:00
203,156280,2024-05-21T19:23:00
203,53004,2024-07-24T16:55:00
204,144192,2024-10-16T04:50:00
204,193419,2023-12-09T22:54:00
204,6232,2023-09-06T02:31:00
204,169528,2023-10-21T05:32:00
204,202950,2023-10-16T06:14:00
204,5487,2023-05-11T13:59:00
205,204684,2024-09-16T17:53:00
205,105446,2024-01-01T09:37:00
205,132922,2024-11-15T17:15:00
205,1029,2024-05-01T16:58:00
205,129820,2023-11-12T04:40:00
205,2435,2024-04-09T00:37:00
208,142634,2023-12-20T21:45:00
209,72628,2024-03-19T05:30:00
209,81413,2024-08-07T18:50:00
209,187025,2024-05-13T03:53:00
211,110763,2024-08-13T23:41:00
211,69830,2023-10-12T23:14:00
211,128977,2024-07-03T06:41:00
211,166269,2024-10-17T21:38:00
211,202950,2023-04-20T22:40:00
211,144914,2023-01-14T00:03:00
211,129445,2023-05-17T01:49:00
211,173265,2023-12-23T00:33:00
211,205283,2023-07-07T10:28:00
212,6383,2024-05-27T23:07:00
214,7482,2023-12-13T04:57:00
214,92641,2023-10-05T10:52:00
214,116929,2024-07-22T23:44:00
214,157897,2024-01-15T23:28:00
214,7025,2024-04-15T04:38:00
216,68915,2023-05-09T20:26:00
216,4615,2024-10-12T08:48:00
216,132922,2024-01-15T23:38:00
219,4002,2024-09-15T07:15:00
220,141281,2023-09-09T00:29:00
220,146832,2023-12-13T10:22:00
220,180911,2023-05-13T01:58:00
220,3560,2024-08-15T06:04:00
220,7986,2024-06-08T00:39:00
220,201176,2023-01-09T18:07:00
220,5147,2023-04-18T03:13:00
220,103614,2024-04-16T09:23:00
220,4615,2023-03-24T12:31:00
220,6082,2024-03-11T08:54:00
221,7283,2024-12-14T05:17:00
221,169154,2023-11-13T14:57:00
221,7281,2023-01-11T00:30:00
221,151145,2023-02-24T00:26:00
221,7063,2023-11-01T04:05:00
221,194214,2023-05-22T11:08:00
222,176843,2023-12-19T12:29:00
222,148118,2023-06-23T04:19:00
222,104504,2023-10-18T02:37:00
222,132438,2024-01-13T16:52:00
222,98114,2023-09-02T04:23:00
223,158192,2024-02-01T10:26:00
223,1155,2023-01-06T03:09:00
223,182941,2023-10-26T13:38:00
223,103139,2023-03-19T20:33:00
224,194456,2024-09-13T06:32:00
224,162152,2023-06-06T08:32:00
225,99677,2024-04-04T11:57:00
225,130928,2023-04-14T20:17:00
225,115903,2024-09-16T21:30:00
225,190553,2023-01-07T16:43:00
225,116604,2023-05-13T21:06:00
225,136180,2024-03-14T09:38:00
225,153368,2023-09-08T18:32:00
225,121277,2024-05-02T19:35:00
225,115779,2024-07-22T12:44:00
226,161674,2024-07-20T11:41:00
226,75962,2023-12-10T02:10:00
226,163328,2024-09-10T19:06:00
226,138820,2023-01-11T08:12:00
226,200740,2024-07-19T21:26:00
226,45581,2023-02-07T09:12:00
226,180199,2024-06-25T00:01:00
226,158400,2024-05-20T00:05:00
226,680,2024-08-25T03:38:00
226,6903,2023-09-04T09:02:00
227,163861,2024-02-23T18:26:00
227,122476,2023-02-08T03:24:00
227,175183,2023-09-07T05:56:00
227,89206,2024-04-11T01:40:00
227,3560,2024-03-22T18:20:00
227,97828,2023-06-20T18:57:00
227,5313,2024-09-13T01:22:00
227,194694,2023-09-23T12:50:00
228,174621,2024-04-01T13:41:00
228,148994,2023-03-21T23:02:00
228,199886,2023-05-04T00:38:00
228,110560,2023-08-03T06:44:00
230,128015,2023-03-17T20:13:00
231,194,2023-06-20T11:14:00
231,131417,2023-12-02T18:37:00
231,77721,2023-04-03T06:52:00
231,5487,2024-10-06T20:21:00
231,198009,2024-04-13T06:52:00
231,173265,2023-03-07T16:51:00
231,1484,2024-12-13T18:19:00
231,33251,2023-06-16T18:55:00
232,75981,2023-10-12T00:28:00
232,74431,2024-09-24T21:57:00
232,71902,2024-01-28T05:07:00
232,193419,2024-03-26T13:49:00
232,189687,2023-03-19T00:44:00
232,48501,2023-02-22T08:31:00
233,7763,2024-05-23T00:42:00
235,144442,2024-06-18T20:55:00
236,84372,2023-11-18T01:40:00
236,72678,2023-05-27T17:27:00
239,3242,2024-10-06T07:17:00
239,135382,2024-04-26T05:19:00
241,175997,2024-12-18T15:22:00
241,187961,2024-10-10T18:53:00
241,801,2024-07-22T07:54:00
241,1484,2023-03-14T13:32:00
241,128884,2023-09-14T06:57:00
241,6172,2024-09-24T03:25:00
241,171519,2023-08-12T22:29:00
241,149678,2023-02-17T01:12:00
241,133443,2024-09-07T21:06:00
241,189687,2023-08-08T18:26:00
242,6903,2024-01-12T01:34:00
242,72678,2024-03-10T19:36:00
242,4435,2024-07-09T15:26:00
242,130648,2023-03-01T07:16:00
242,127453,2023-04-14T04:19:00
242,147198,2023-08-23T15:43:00
242,92968,2023-11-02T04:16:00
243,98114,2024-04-13T01:10:00
244,33928,2024-08-22T04:21:00
244,131118,2023-08-11T15:34:00
244,118736,2023-09-02T11:33:00
245,133443,2023-08-18T11:06:00
245,59974,2024-09-23T21:40:00
245,136174,2023-02-13T07:26:00
245,2820,2024-06-18T02:16:00
245,90514,2024-04-26T13:40:00
245,133541,2023-07-03T21:51:00
245,120490,2024-11-20T23:42:00
245,169740,2024-02-09T20:54:00
246,199267,2023-02-21T17:48:00
246,129990,2024-03-20T11:33:00
246,185149,2024-08-01T02:44:00
246,4012,2024-02-25T06:11:00
246,204236,2023-10-19T04:18:00
247,176041,2023-06-11T14:27:00
247,121626,2024-03-10T04:40:00
248,93455,2024-06-22T18:43:00
248,104504,2024-11-13T08:33:00
250,98114,2023-02-28T17:25:00
250,145612,2023-02-17T01:46:00
250,130600,2024-09-09T08:13:00
250,105084,2024-12-16T05:20:00
250,6455,2024-01-12T17:57:00
250,25977,2024-11-12T19:34:00
250,94727,2024-10-01T12:24:00
250,96799,2024-12-14T10:29:00
250,26119,2023-10-13T14:54:00
251,76277,2024-04-14T21:01:00
251,205957,2024-11-14T23:21:00
251,178959,2023-12-16T13:02:00
251,192637,2024-02-26T13:50:00
251,195185,2024-03-04T04:36:00
251,3106,2023-01-13T17:31:00
251,2493,2023-01-13T23:00:00
251,6451,2024-05-07T13:17:00
252,180911,2024-08-23T17:48:00
252,99677,2023-04-16T18:38:00
252,203222,2023-06-22T01:17:00
252,144914,2023-01-15T23:54:00
252,160187,2023-09-24T01:33:00
252,174739,2023-06-25T04:05:00
252,98056,2024-11-18T09:29:00
252,3483,2023-11-14T21:18:00
252,2570,2023-04-20T09:11:00
252,141203,2024-09-02T07:49:00
253,114396,2023-04-10T16:54:00
253,190553,2024-11-22T12:33:00
255,104843,2024-06-18T07:54:00
255,181229,2024-07-19T23:09:00
255,148038,2023-07-03T13:49:00
255,26738,2023-03-04T09:25:00
255,90965,2024-02-23T06:05:00
255,125636,2023-03-19T11:28:00
256,134053,2023-12-01T02:50:00
258,141515,2024-02-01T01:41:00
258,99996,2024-12-11T07:26:00
258,6455,2024-06-23T07:20:00
258,141550,2023-04-03T09:34:00
258,133541,2024-04-16T04:03:00
258,131417,2023-05-15T04:42:00
258,156420,2024-05-23T07:33:00
258,1612,2023-05-10T14:27:00
259,6451,2023-10-21T06:06:00
259,174739,2023-10-13T21:26:00
259,171421,2023-05-23T06:15:00
259,184991,2023-02-13T22:42:00
259,86717,2024-01-05T19:48:00
259,90965,2023-04-27T13:50:00
259,194456,2023-06-28T18:38:00
259,4664,2024-11-11T15:16:00
259,165907,2024-11-08T06:13:00
261,7208,2024-02-14T21:07:00
261,139978,2024-03-04T14:33:00
261,171729,2023-12-20T23:50:00
261,162268,2024-04-28T12:23:00
261,52448,2023-01-14T14:07:00
261,123951,2023-03-26T12:24:00
261,4012,2023-04-08T10:22:00
261,187025,2023-02-08T02:48:00
261,181287,2023-09-04T12:22:00
261,154067,2024-03-24T05:17:00
263,142020,2023-11-03T06:51:00
263,5612,2023-04-02T13:24:00
263,40226,2023-02-20T21:42:00
265,125435,2024-06-25T22:54:00
265,128287,2024-01-07T08:09:00
265,27788,2024-09-13T00:45:00
265,72261,2024-12-23T23:25:00
265,33251,2023-07-10T01:56:00
265,133199,2023-01-20T16:09:00
265,52938,2023-03-27T02:27:00
265,151082,2024-06-08T05:20:00
265,130648,2024-04-21T01:19:00
266,26797,2023-05-15T00:49:00
266,199746,2023-03-22T03:43:00
266,131788,2023-04-19T21:55:00
266,117348,2023-02-06T03:57:00
266,90965,2024-01-25T15:48:00
266,83430,2024-12-21T18:52:00
266,72678,2023-07-19T01:56:00
266,5549,2023-08-19T18:37:00
266,160070,2023-09-06T14:15:00
267,71902,2024-11-19T10:57:00
267,2435,2023-10-05T17:55:00
267,2404,2024-10-17T21:46:00
267,195369,2023-10-04T16:48:00
267,163861,2024-05-06T06:11:00
267,147952,2024-06-26T19:48:00
267,205982,2024-10-03T05:41:00
267,122657,2024-03-09T13:23:00
268,51455,2023-10-12T12:27:00
268,117668,2024-05-12T17:12:00
268,195263,2024-07-21T12:15:00
268,148118,2023-09-11T08:33:00
268,201074,2024-12-07T21:58:00
269,52668,2024-09-16T06:48:00
269,161302,2024-11-28T12:44:00
269,158489,2024-05-18T04:16:00
269,7763,2024-10-28T19:06:00
269,123258,2024-01-17T09:00:00
269,96807,2023-02-17T17:48:00
269,144212,2023-09-17T08:52:00
270,139950,2023-05-15T02:53:00
270,175967,2023-05-03T13:36:00
270,52668,2023-12-27T20:23:00
270,4917,2023-07-10T12:08:00
270,78442,2024-06-04T18:07:00
271,59306,2024-03-20T06:50:00
271,198009,2023-05-04T16:18:00
271,194416,2023-03-22T16:47:00
271,71936,2023-08-04T06:39:00
271,83,2024-03-07T15:29:00
271,186511,2024-05-18T18:11:00
271,181287,2024-12-26T14:58:00
272,26797,2024-04-12T10:16:00
272,170143,2024-08-16T10:13:00
272,160684,2024-08-24T11:09:00
274,25996,2024-04-05T02:23:00
274,80768,2024-03-26T15:12:00
274,142020,2023-02-05T15:37:00
274,175147,2024-12-25T05:43:00
274,128884,2024-03-17T01:12:00
274,122476,2024-04-19T18:11:00
274,69830,2024-10-10T21:50:00
274,155304,2023-11-06T05:07:00
275,202103,2024-05-19T00:25:00
275,4305,2024-02-17T06:04:00
275,104243,2023-12-10T23:13:00
275,180801,2024-08-14T12:37:00
276,142262,2023-04-12T17:35:00
276,5379,2023-02-17T08:44:00
276,98695,2023-02-24T16:01:00
276,25996,2024-03-13T11:03:00
276,203735,2023-04-08T10:57:00
278,197873,2023-08-18T18:48:00
278,194670,2023-03-16T20:26:00
278,129532,2023-07-04T21:31:00
278,71999,2023-12-24T10:26:00
278,202940,2023-11-24T08:20:00
278,38061,2023-05-02T12:12:00
278,143689,2024-06-11T21:19:00
278,145612,2023-06-12T16:41:00
278,146832,2023-08-20T04:31:00
278,80768,2024-01-15T23:36:00
279,180801,2023-02-21T04:19:00
279,4893,2024-09-02T17:23:00
279,4001,2024-05-23T03:16:00
279,1709,2023-05-05T09:33:00
279,173011,2023-08-20T00:14:00
279,26146,2023-07-07T08:01:00
280,168400,2024-09-04T14:37:00
280,179023,2023-04-26T07:17:00
280,116604,2023-10-14T02:49:00
280,98629,2024-09-25T13:24:00
280,122226,2024-06-26T09:34:00
280,71936,2023-04-06T22:07:00
280,68915,2024-10-25T15:42:00
280,6134,2024-11-06T15:31:00
280,72261,2024-11-02T08:51:00
280,138124,2024-06-25T05:42:00
281,89170,2024-10-22T11:09:00
281,187611,2023-04-25T15:40:00
282,121296,2023-11-05T00:31:00
282,128015,2024-11-15T18:14:00
282,48501,2024-06-16T05:33:00
282,26641,2024-06-21T05:34:00
282,130152,2024-04-20T00:05:00
282,179899,2024-04-07T03:55:00
282,2415,2024-09-13T09:36:00
282,190473,2023-12-02T13:52:00
282,7079,2024-07-01T05:03:00
285,2404,2024-03-23T08:44:00
286,117644,2024-12-27T06:05:00
286,109203,2023-09-18T08:23:00
286,146313,2024-11-11T08:17:00
286,194536,2024-11-18T08:25:00
286,154262,2023-09-19T14:35:00
287,126136,2023-11-14T03:41:00
287,121277,2024-09-15T20:28:00
287,181287,2023-12-07T22:40:00
287,154337,2024-05-03T02:15:00
290,131118,2023-05-24T14:26:00
290,7063,2024-12-14T22:34:00
290,72261,2023-07-26T10:49:00
290,73813,2023-02-22T13:05:00
290,164616,2024-08-25T20:36:00
290,200604,2024-01-26T08:46:00
290,55577,2024-04-27T22:23:00
292,96807,2023-12-21T07:48:00
292,205405,2024-12-11T19:54:00
292,146188,2024-06-23T04:42:00
292,104843,2023-05-12T15:53:00
292,200562,2023-07-05T08:04:00
293,156420,2023-08-10T04:57:00
293,141550,2023-05-22T12:07:00
294,78941,2024-11-18T20:43:00
294,197973,2024-04-12T05:46:00
295,197007,2024-11-20T16:13:00
295,117312,2024-06-20T00:21:00
295,124374,2023-09-03T10:28:00
295,25764,2024-09-19T20:23:00
295,122216,2023-06-03T14:31:00
295,125295,2023-03-04T00:25:00
295,194254,2024-08-19T20:03:00
295,157897,2023-05-15T19:06:00
295,195933,2023-10-07T02:01:00
295,125029,2023-12-12T20:30:00
296,113989,2023-02-05T17:50:00
296,204184,2024-08-19T20:19:00
296,104243,2023-07-17T21:49:00
296,6082,2024-02-07T22:07:00
296,161302,2023-10-14T08:44:00
296,84372,2024-07-12T22:13:00
296,133541,2024-12-12T17:16:00
296,26144,2024-08-13T08:36:00
299,69830,2023-08-20T17:06:00
299,133233,2023-04-28T01:42:00
299,95744,2024-04-04T06:23:00
299,26205,2024-07-05T22:58:00
299,185521,2024-02-04T02:57:00
299,861,2024-09-03T18:46:00
299,80566,2024-02-20T21:49:00
299,160374,2024-12-04T12:48:00
299,140435,2023-05-16T06:20:00
299,4435,2023-07-06T11:56:00
302,107658,2023-06-03T10:50:00
302,151145,2023-03-10T09:12:00
302,199988,2024-11-26T04:07:00
302,160070,2024-02-25T02:07:00
302,129820,2023-02-09T05:18:00
302,131310,2024-02-12T02:04:00
302,175235,2024-11-21T03:48:00
302,161674,2023-03-11T00:30:00
302,144770,2024-09-19T08:40:00
303,156919,2024-08-13T16:32:00
304,188659,2023-07-04T03:27:00
304,5873,2023-01-27T14:04:00
304,2820,2024-01-14T16:30:00
304,47634,2023-08-24T10:35:00
304,139950,2024-02-14T13:26:00
304,165253,2023-06-01T10:00:00
307,194214,2024-12-27T19:24:00
307,203735,2023-11-15T07:22:00
307,59846,2024-06-11T22:48:00
307,58432,2024-04-11T04:40:00
307,44255,2024-03-12T13:42:00
307,965,2023-05-01T20:22:00
307,160187,2024-05-18T03:27:00
307,168334,2023-02-02T22:33:00
307,121731,2024-06-24T01:07:00
307,197065,2024-12-05T14:03:00
308,62237,2024-07-26T05:41:00
308,3380,2023-07-08T12:36:00
308,8364,2023-05-05T05:07:00
308,194694,2024-10-15T01:47:00
309,4001,2024-05-03T08:00:00
309,187039,2023-01-01T09:53:00
309,173197,2023-11-18T05:17:00
309,630,2023-06-19T02:10:00
309,171421,2024-12-11T11:05:00
309,206403,2023-01-19T07:13:00
309,133413,2023-12-05T04:40:00
309,26002,2024-03-15T07:06:00
309,200148,2023-12-17T06:59:00
311,187483,2024-03-24T16:17:00
312,73141,2024-12-28T09:07:00
312,1321,2024-06-27T14:43:00
313,90460,2023-01-27T01:42:00
313,154794,2024-04-21T06:22:00
313,169154,2023-07-19T10:33:00
313,154598,2023-05-01T09:50:00
314,188213,2023-03-23T14:58:00
314,26470,2024-04-11T15:43:00
314,175997,2023-07-04T09:27:00
314,67894,2024-03-25T05:17:00
314,125029,2023-03-17T01:56:00
314,8120,2023-06-03T04:23:00
314,81413,2023-02-07T14:16:00
316,190309,2024-11-10T07:45:00
316,630,2023-09-20T19:04:00
316,205635,2024-01-17T19:24:00
316,129820,2023-07-04T03:59:00
317,189031,2024-06-24T15:06:00
317,142262,2024-05-13T21:02:00
317,104843,2024-09-03T08:52:00
317,194670,2023-07-18T00:04:00
317,69521,2024-11-24T22:24:00
317,91201,2023-11-23T12:47:00
318,169154,2023-03-12T02:15:00
318,194,2023-12-05T16:01:00
319,130648,2024-08-03T20:19:00
319,199988,2024-06-10T11:07:00
319,3380,2024-02-15T20:09:00
319,171731,2024-05-05T11:48:00
319,198313,2024-11-14T19:22:00
320,77721,2023-09-05T02:47:00
320,138820,2024-10-23T02:30:00
320,163170,2023-01-12T22:36:00
320,134053,2023-04-01T16:48:00
320,72678,2024-05-14T08:57:00
320,86635,2024-05-11T01:40:00
322,8364,2024-05-04T20:11:00
322,173713,2023-05-03T22:42:00
322,4397,2023-05-24T22:57:00
322,122441,2023-01-14T18:52:00
322,89170,2024-04-08T07:24:00
322,202940,2024-09-04T01:59:00
322,150308,2023-11-16T17:37:00
322,189035,2023-08-09T10:45:00
322,42602,2024-11-15T15:07:00
322,130213,2023-05-20T18:11:00
323,6469,2024-03-20T04:40:00
323,97828,2024-12-13T12:58:00
323,79610,2023-02-15T22:39:00
323,167296,2024-04-14T15:53:00
323,173065,2023-11-20T12:49:00
324,59426,2023-08-27T21:18:00
324,7281,2023-12-26T08:19:00
324,42053,2023-09-04T07:27:00
324,7283,2023-08-21T01:36:00
324,108571,2023-07-28T21:41:00
324,135087,2024-02-11T05:06:00
324,45581,2024-08-05T03:32:00
324,61931,2024-06-23T10:23:00
324,99739,2024-09-21T01:26:00
327,32139,2024-03-26T01:15:00
327,149354,2023-03-04T21:58:00
327,197747,2023-04-27T06:11:00
327,202697,2024-09-21T11:05:00
327,67894,2023-02-03T14:38:00
327,148038,2023-06-24T01:49:00
327,187611,2024-05-10T19:44:00
328,57357,2024-10-13T16:36:00
328,185579,2023-05-22T21:57:00
328,146760,2023-07-10T17:27:00
328,6722,2023-10-23T14:57:00
328,167296,2024-11-07T19:13:00
329,165253,2024-08-16T04:00:00
329,200562,2024-01-01T05:00:00
330,153740,2024-10-03T09:56:00
330,98402,2023-06-19T13:16:00
330,203737,2024-12-18T18:12:00
330,160545,2024-05-16T04:48:00
331,2136,2024-02-01T15:43:00
331,99677,2023-12-25T20:43:00
331,1420,2024-02-18T04:01:00
331,5147,2024-04-20T12:37:00
331,47918,2023-10-15T19:50:00
331,44255,2023-01-08T05:28:00
331,194536,2023-03-03T23:13:00
331,179389,2024-07-16T14:33:00
334,187733,2024-10-06T14:52:00
334,1415,2023-12-16T11:20:00
334,195263,2023-03-18T15:24:00
334,1029,2023-08-22T23:38:00
335,173197,2024-03-25T07:14:00
335,68833,2023-10-11T00:36:00
335,154634,2024-01-04T13:14:00
335,121731,2024-04-15T21:05:00
335,7208,2024-07-02T14:04:00
335,115903,2023-06-09T09:00:00
336,66506,2024-05-22T23:30:00
336,199319,2023-09-19T14:41:00
336,123735,2024-11-21T00:27:00
337,157903,2023-03-14T21:09:00
337,149104,2024-09-25T11:32:00
337,1526,2024-09-17T02:33:00
337,187025,2024-12-28T17:57:00
337,175967,2023-10-01T02:57:00
337,191293,2023-09-18T22:50:00
337,26146,2024-07-04T00:43:00
338,124829,2023-09-08T15:35:00
338,184869,2023-08-24T21:37:00
338,180199,2024-04-12T02:38:00
338,83374,2023-11-12T17:28:00
338,152597,2023-10-21T21:25:00
338,6462,2024-07-11T22:42:00
338,99996,2024-08-25T15:30:00
338,112204,2024-07-01T21:59:00
338,99243,2023-11-19T20:18:00
338,181391,2023-04-18T19:52:00
339,194670,2023-06-20T17:25:00
339,194214,2024-06-28T00:01:00
339,197747,2023-02-16T04:43:00
339,146832,2024-04-06T04:24:00
339,170555,2024-05-13T03:25:00
340,94727,2023-12-16T19:56:00
340,32139,2024-06-16T09:32:00
344,98056,2024-03-03T12:43:00
344,131902,2024-10-20T00:54:00
344,150308,2024-06-28T06:38:00
345,164495,2023-07-10T15:08:00
345,122476,2023-05-17T19:20:00
345,165253,2023-10-12T09:30:00
345,89206,2024-12-26T14:21:00
345,912,2024-06-12T02:29:00
345,95744,2024-06-17T17:07:00
346,171519,2023-10-02T08:37:00
346,48043,2024-11-07T03:30:00
346,104843,2024-02-27T16:41:00
346,63237,2024-10-11T06:29:00
346,3770,2024-06-04T22:47:00
346,6451,2023-11-13T08:18:00
346,114429,2024-09-11T08:55:00
347,194456,2024-02-28T11:59:00
349,148106,2024-07-01T06:21:00
349,7283,2023-08-21T11:50:00
350,83225,2024-11-23T17:03:00
350,114172,2024-05-22T08:35:00
350,168760,2023-10-05T03:11:00
350,141365,2023-07-16T03:44:00
351,6451,2024-04-26T23:26:00
351,124374,2024-07-16T13:05:00
351,103241,2023-01-09T15:38:00
351,320,2023-02-15T05:57:00
351,851,2023-04-16T09:20:00
351,71999,2023-08-19T15:47:00
351,6366,2023-12-01T02:44:00
351,173011,2023-05-04T21:38:00
352,196533,2024-01-25T14:06:00
353,4205,2024-10-06T22:43:00
353,126134,2024-12-16T15:17:00
353,142634,2023-12-10T23:26:00
353,148106,2023-07-26T15:50:00
353,107658,2024-06-13T18:56:00
353,8694,2023-07-03T15:08:00
353,48501,2024-04-17T11:02:00
353,26169,2024-11-14T05:35:00
353,3770,2023-09-05T11:08:00
355,4001,2024-05-09T09:12:00
355,41058,2023-07-08T01:38:00
355,61937,2023-12-13T20:53:00
355,160561,2024-04-13T17:09:00
355,1796,2024-09-25T04:52:00
356,135087,2024-04-24T00:45:00
356,173227,2024-05-15T18:05:00
356,150974,2023-02-02T08:42:00
356,88682,2024-05-08T00:42:00
357,127453,2023-10-28T09:12:00
357,148222,2024-10-14T16:30:00
357,114642,2023-08-06T08:17:00
357,5086,2023-03-12T14:10:00
357,165871,2023-02-09T20:02:00
357,149072,2024-01-03T12:42:00
361,199319,2024-02-13T16:55:00
361,169740,2023-02-06T01:25:00
361,188489,2024-11-07T05:36:00
361,1197,2024-07-18T01:19:00
361,123816,2024-08-16T12:46:00
361,4531,2024-08-19T01:43:00
361,26002,2024-05-11T17:38:00
363,8855,2023-09-22T05:36:00
363,26738,2024-10-15T23:14:00
363,267,2023-02-05T21:17:00
367,120490,2024-11-21T20:31:00
368,45030,2023-07-25T09:37:00
368,128886,2023-07-01T16:14:00
368,121300,2023-04-25T09:04:00
368,158489,2023-12-16T16:03:00
368,178349,2023-05-06T00:39:00
368,55343,2024-10-08T09:06:00
368,180199,2024-06-14T17:17:00
369,196495,2023-03-01T19:20:00
369,143547,2023-10-10T17:37:00
370,73031,2024-11-16T05:18:00
370,129445,2024-09-04T18:53:00
370,181391,2023-07-24T17:36:00
370,197873,2024-10-11T18:32:00
370,161852,2023-09-16T19:14:00
370,98629,2023-03-08T17:53:00
370,168016,2023-01-27T08:51:00
370,141588,2023-05-19T22:44:00
370,163200,2023-10-10T22:18:00
370,147194,2024-11-06T04:00:00
371,1197,2023-06-22T05:25:00
371,160187,2023-03-16T10:22:00
371,182849,2024-09-22T07:23:00
371,72380,2023-04-18T01:51:00
371,196303,2023-03-19T05:57:00
371,123065,2023-07-25T09:12:00
371,171909,2024-06-21T03:45:00
371,68915,2024-04-17T18:32:00
371,128015,2024-05-24T10:13:00
372,131902,2024-03-05T18:09:00
372,184869,2024-03-23T10:20:00
373,154454,2024-02-28T02:59:00
373,197873,2024-09-22T03:24:00
374,122009,2023-11-27T15:48:00
374,188213,2023-08-11T20:09:00
374,36426,2024-12-13T17:49:00
374,197747,2023-02-20T04:40:00
374,151082,2024-11-03T00:33:00
376,160070,2023-03-28T13:39:00
376,3106,2024-09-03T07:56:00
376,81564,2023-10-19T23:42:00
376,101938,2023-10-26T22:54:00
376,140435,2024-01-10T09:05:00
376,7482,2024-02-17T18:57:00
376,188659,2023-05-03T06:57:00
376,149354,2023-07-04T21:12:00
376,7107,2024-10-16T18:00:00
378,26144,2023-07-03T08:49:00
378,630,2023-08-09T21:23:00
378,187603,2024-01-19T13:22:00
379,54997,2023-10-17T14:31:00
379,187553,2023-10-12T19:55:00
379,3111,2024-04-19T16:00:00
379,125259,2023-08-11T06:13:00
379,142895,2024-03-28T21:18:00
379,141886,2024-09-26T09:20:00
379,136180,2024-09-20T00:56:00
379,86717,2024-05-06T12:49:00
379,204288,2024-05-27T06:37:00
379,160444,2024-07-22T02:26:00
380,1128,2023-06-11T04:09:00
380,188659,2023-12-22T14:48:00
380,125435,2024-08-17T17:50:00
380,4917,2024-05-09T07:19:00
380,156911,2024-11-26T12:14:00
380,165763,2024-05-24T04:51:00
380,93535,2023-05-02T19:47:00
380,72380,2023-09-09T10:22:00
380,173197,2024-12-14T08:32:00
380,80768,2024-04-16T12:17:00
381,26169,2024-01-27T14:18:00
381,5596,2024-07-17T16:06:00
381,98695,2023-08-17T11:12:00
381,137319,2024-01-14T02:38:00
381,81673,2023-06-03T13:45:00
381,154337,2024-02-26T04:29:00
381,151447,2024-08-22T22:22:00
381,4893,2024-06-11T17:52:00
381,4305,2023-11-18T13:31:00
381,5313,2024-04-12T16:15:00
384,81564,2023-06-15T09:42:00
384,6139,2024-04-27T15:44:00
384,188489,2024-07-12T13:03:00
384,3170,2024-03-13T23:40:00
384,93455,2023-12-17T15:32:00
384,146313,2023-10-13T04:36:00
384,90064,2023-05-01T09:57:00
384,194536,2024-08-21T17:22:00
384,45581,2024-03-18T13:40:00
384,105144,2024-06-04T11:11:00
385,33424,2024-07-19T21:58:00
385,159771,2024-12-28T22:10:00
385,8855,2023-12-01T13:55:00
385,141203,2023-07-25T22:26:00
385,145871,2023-12-07T07:13:00
385,90514,2024-03-07T07:42:00
386,98629,2023-10-05T02:50:00
386,84148,2023-07-19T22:52:00
386,193773,2023-04-05T02:17:00
386,4531,2024-03-01T00:32:00
386,26797,2023-03-15T03:08:00
386,26641,2023-03-01T21:49:00
386,135599,2024-02-04T22:50:00
386,132022,2023-07-19T18:46:00
388,142020,2023-10-06T20:11:00
388,26317,2023-08-11T08:13:00
388,125259,2023-02-06T09:46:00
389,189225,2023-04-07T12:07:00
390,7107,2024-07-09T18:56:00
390,3045,2023-07-26T14:54:00
390,83430,2023-10-02T20:42:00
390,84148,2024-05-03T12:44:00
390,197873,2023-11-19T00:12:00
390,100017,2023-01-26T22:24:00
390,161161,2023-10-14T01:00:00
393,123065,2024-03-19T14:46:00
393,149354,2024-06-23T14:30:00
393,1543,2024-10-22T02:16:00
394,145626,2023-12-11T02:10:00
394,192637,2024-07-04T05:08:00
394,171101,2023-12-20T20:24:00
395,179389,2024-01-26T04:24:00
395,173197,2023-07-25T04:55:00
395,132438,2023-07-02T14:32:00
395,45581,2024-03-17T14:37:00
395,110560,2023-07-28T04:45:00
395,103614,2023-11-16T13:54:00
396,113989,2024-07-12T23:19:00
396,59974,2023-01-16T10:15:00
396,55691,2023-03-01T09:15:00
397,90907,2023-05-24T12:58:00
397,121693,2023-05-22T06:20:00
397,140894,2023-01-07T19:11:00
397,197065,2024-02-14T13:00:00
397,93455,2023-12-07T20:17:00
397,149723,2023-10-12T10:04:00
397,199319,2023-06-21T22:07:00
397,136261,2024-02-24T01:38:00
399,201108,2024-10-14T08:22:00
399,172783,2024-10-11T00:45:00
399,115779,2024-06-22T06:27:00
399,144078,2024-05-25T09:58:00
399,141524,2023-10-14T10:53:00
399,157536,2023-02-09T18:43:00
399,104243,2023-08-05T09:55:00
399,136174,2023-08-12T00:24:00
400,126290,2024-03-11T01:48:00
400,154270,2024-01-22T07:00:00
400,204126,2024-07-07T02:06:00
400,114429,2023-01-26T04:26:00
400,189687,2024-03-04T13:15:00
400,173197,2024-06-23T01:37:00
400,3647,2024-03-04T05:25:00
402,100042,2023-05-10T11:47:00
402,104843,2023-08-12T02:16:00
402,131341,2024-09-26T20:19:00
402,190309,2023-08-12T11:20:00
402,60133,2024-07-16T07:04:00
402,148062,2023-08-24T17:43:00
402,169528,2024-07-08T07:22:00
402,190553,2023-12-10T19:01:00
402,116487,2024-09-11T12:26:00
403,163328,2024-07-05T18:52:00
404,26686,2023-02-15T03:04:00
406,141034,2023-05-23T15:57:00
406,108571,2023-07-12T03:41:00
406,133199,2024-04-28T06:34:00
408,195933,2024-01-19T04:29:00
408,121296,2023-06-21T00:38:00
408,59426,2023-08-17T09:51:00
408,4366,2023-02-25T01:08:00
409,172677,2024-06-13T10:57:00
409,96807,2024-01-10T05:03:00
409,130874,2024-05-17T08:33:00
409,102677,2024-09-03T11:31:00
409,6451,2024-05-13T18:07:00
409,108571,2024-02-16T11:21:00
410,123951,2023-10-25T23:30:00
410,2136,2024-01-12T05:00:00
411,6139,2023-04-21T12:59:00
411,141279,2024-09-02T08:06:00
411,76277,2024-06-27T00:44:00
411,175171,2023-10-28T05:47:00
411,88814,2024-12-19T16:37:00
411,187025,2023-07-07T09:52:00
411,129990,2023-08-01T01:15:00
412,133712,2023-12-27T15:08:00
412,128977,2023-01-15T09:34:00
412,158441,2023-04-06T19:55:00
412,148038,2024-10-20T21:18:00
413,6486,2023-04-17T00:05:00
413,84372,2023-05-22T03:34:00
413,78442,2024-06-06T17:53:00
413,4849,2023-03-28T11:17:00
413,109241,2023-11-04T21:46:00
413,1714,2024-02-22T02:41:00
413,6139,2023-04-09T06:41:00
413,192401,2023-02-25T03:05:00
413,165051,2024-03-19T20:10:00
414,115784,2024-11-19T02:01:00
414,171093,2024-07-11T11:07:00
414,175235,2024-06-12T19:13:00
414,205283,2023-12-05T12:44:00
414,196533,2024-11-25T00:48:00
415,66295,2024-03-03T15:48:00
415,186661,2023-04-28T22:31:00
415,158489,2024-11-26T10:01:00
415,7063,2023-07-11T19:08:00
416,204184,2024-11-17T06:09:00
418,2732,2024-06-03T13:41:00
418,162668,2024-08-03T09:46:00
418,186661,2024-09-19T22:46:00
418,198635,2024-04-17T03:16:00
419,196495,2023-12-06T13:03:00
419,83,2024-11-17T08:00:00
419,188551,2024-11-21T07:50:00
419,113492,2023-01-04T10:24:00
420,86635,2023-09-04T09:08:00
420,204684,2023-07-05T00:00:00
420,92756,2024-07-22T12:54:00
420,179023,2023-08-14T15:39:00
420,3677,2023-10-24T03:04:00
420,54997,2024-02-23T14:45:00
420,204584,2023-11-18T10:04:00
420,3170,2023-09-28T12:50:00
420,123816,2024-07-04T14:14:00
421,204126,2024-08-22T04:47:00
421,145106,2024-07-28T14:15:00
422,6293,2024-04-05T20:15:00
422,6383,2023-08-20T09:49:00
422,5544,2023-01-23T15:08:00
423,204236,2024-07-22T02:33:00
423,130928,2024-12-20T22:29:00
424,134214,2024-07-27T17:44:00
424,175967,2024-09-02T05:22:00
424,107430,2024-08-07T11:28:00
424,88682,2023-12-08T09:37:00
424,89206,2024-08-28T05:47:00
426,137319,2023-09-09T12:13:00
426,170513,2023-01-18T06:42:00
428,67983,2024-06-13T21:23:00
428,144442,2024-11-08T08:33:00
428,180203,2023-09-11T17:01:00
428,163817,2023-12-23T10:42:00
428,189791,2023-05-05T01:12:00
428,203737,2024-05-14T22:58:00
428,154270,2023-12-09T17:41:00
428,3847,2024-12-07T08:28:00
428,134657,2023-07-20T02:21:00
429,146090,2023-02-14T02:45:00
429,117312,2024-06-09T17:47:00
429,107430,2024-01-17T03:46:00
429,1835,2024-03-28T10:32:00
429,26181,2023-10-10T03:21:00
429,62237,2023-04-10T19:07:00
429,197973,2024-09-10T01:41:00
429,181229,2023-03-01T05:07:00
429,1029,2024-09-22T03:37:00
430,87049,2023-10-17T05:01:00
430,38061,2024-12-03T15:02:00
430,26676,2024-07-16T08:47:00
430,186511,2023-10-24T18:09:00
430,4375,2023-12-23T05:49:00
430,198469,2023-05-24T19:17:00
430,127453,2024-01-28T13:01:00
430,201176,2023-10-25T16:50:00
430,144838,2023-01-16T16:37:00
430,90064,2023-03-05T08:44:00
432,147952,2024-12-13T13:10:00
432,183717,2024-12-05T08:04:00
432,47918,2023-12-28T09:56:00
432,117644,2024-11-17T14:06:00
432,201176,2024-10-09T01:50:00
432,149072,2023-03-21T21:54:00
432,206010,2023-02-10T01:27:00
432,119208,2024-02-22T17:31:00
432,4205,2024-09-25T12:03:00
432,4531,2024-08-27T10:18:00
433,1835,2023-12-28T00:00:00
433,1163,2024-09-18T00:39:00
433,67927,2024-03-13T11:48:00
433,47404,2024-08-02T07:36:00
434,109241,2023-09-04T03:40:00
434,3587,2023-03-08T20:31:00
434,202559,2023-07-16T07:16:00
436,193459,2023-03-24T06:58:00
436,1468,2024-07-09T14:25:00
436,94531,2023-09-28T03:37:00
436,117348,2023-12-06T04:19:00
436,81673,2024-10-21T07:31:00
436,189225,2024-06-12T16:01:00
437,26146,2024-06-11T16:53:00
437,167610,2023-04-13T01:38:00
437,136180,2023-07-24T17:03:00
437,4366,2024-06-26T08:14:00
437,4615,2024-02-05T20:35:00
437,145612,2024-06-11T22:20:00
437,208120,2024-12-18T16:34:00
437,100017,2024-08-13T21:15:00
437,142262,2024-05-01T15:13:00
437,110560,2023-04-27T15:34:00
438,92968,2023-01-27T03:36:00
438,180203,2024-02-21T09:37:00
438,150334,2024-01-25T21:23:00
438,2301,2023-12-05T05:36:00
438,89549,2024-09-01T16:43:00
438,203483,2024-06-09T09:28:00
438,73145,2024-05-14T00:15:00
438,123735,2023-02-24T23:43:00
438,116283,2023-10-18T18:40:00
439,159775,2023-01-18T05:55:00
439,121296,2024-04-25T20:23:00
440,33928,2024-01-11T05:43:00
440,139022,2023-12-01T16:19:00
440,113585,2024-04-26T10:34:00
440,2318,2023-04-07T21:55:00
441,185521,2023-01-11T11:15:00
441,72678,2024-05-28T02:07:00
441,143547,2024-12-06T03:31:00
441,134053,2024-03-28T00:39:00
441,129445,2024-02-01T20:42:00
442,160070,2023-06-01T04:16:00
442,138820,2023-04-02T01:51:00
442,132868,2023-03-01T10:24:00
442,146172,2024-10-24T08:45:00
443,182849,2024-11-12T00:51:00
444,130874,2024-10-24T12:49:00
444,117644,2023-12-07T02:35:00
444,205635,2024-09-06T08:06:00
444,124881,2024-10-17T23:11:00
444,134053,2023-03-06T13:07:00
444,92740,2024-06-16T19:03:00
444,124829,2023-02-09T22:07:00
444,41058,2023-12-23T19:49:00
444,96799,2023-12-26T19:59:00
445,100017,2024-01-06T16:33:00
445,150308,2023-06-23T16:15:00
445,5086,2024-10-25T06:26:00
445,131902,2024-05-06T05:52:00
445,2435,2023-01-01T08:45:00
445,137427,2024-11-27T01:09:00
446,194214,2023-06-09T19:57:00
446,134615,2024-07-27T02:42:00
446,61475,2024-06-28T18:24:00
446,145612,2023-04-13T13:29:00
446,123951,2023-03-08T09:24:00
448,96306,2023-05-06T06:08:00
448,182849,2023-10-07T12:53:00
448,89137,2023-09-28T02:03:00
448,135087,2023-01-28T02:57:00
450,151447,2023-06-04T03:31:00
450,26144,2023-12-15T20:00:00
450,8120,2024-06-04T20:18:00
450,148184,2024-02-22T08:01:00
451,50158,2024-05-13T07:32:00
451,183717,2024-05-18T20:46:00
451,452,2023-10-17T02:35:00
451,205982,2023-01-14T01:22:00
451,202455,2024-10-12T05:43:00
451,71936,2023-05-26T02:08:00
451,53849,2024-02-25T07:45:00
451,180879,2023-03-07T03:51:00
451,6391,2024-06-08T09:47:00
451,3113,2024-10-09T05:31:00
452,192401,2024-09-13T11:39:00
453,172185,2024-03-12T20:46:00
453,145106,2024-05-17T21:11:00
453,114642,2023-09-05T07:40:00
453,7109,2024-07-26T05:36:00
455,160684,2024-10-22T06:57:00
455,123258,2024-05-09T18:05:00
455,153897,2023-01-26T14:34:00
456,26090,2023-09-05T00:17:00
456,154984,2024-05-03T03:00:00
456,161852,2024-10-03T03:34:00
456,175171,2023-12-21T12:11:00
456,154794,2023-05-16T06:50:00
456,5544,2024-06-19T11:17:00
456,7093,2023-08-05T10:50:00
456,71902,2024-07-28T09:22:00
456,78585,2023-03-07T07:11:00
456,4366,2023-09-17T18:13:00
458,142634,2024-01-12T18:40:00
458,4375,2024-04-07T22:49:00
458,143547,2024-06-16T22:00:00
458,131460,2024-06-07T20:13:00
458,53468,2023-03-11T00:16:00
458,165871,2023-08-06T14:50:00
458,107466,2024-09-15T22:11:00
458,80768,2023-12-01T04:06:00
458,98056,2024-07-24T17:56:00
458,3551,2024-01-19T02:34:00
459,78941,2023-05-11T10:37:00
459,141279,2024-11-24T18:17:00
459,99996,2024-05-14T02:16:00
459,26529,2024-09-03T13:22:00
459,59306,2023-01-09T01:19:00
459,150864,2024-04-12T18:21:00
459,199746,2024-05-28T23:13:00
459,6383,2024-03-26T15:00:00
459,4917,2024-01-24T02:55:00
460,74327,2023-03-15T06:05:00
460,160561,2023-02-18T09:01:00
460,54997,2023-03-09T12:24:00
460,63237,2023-10-02T01:13:00
460,194,2024-08-27T09:00:00
460,155705,2023-02-20T03:23:00
460,154634,2023-05-07T22:19:00
461,186511,2023-05-04T07:50:00
462,102972,2023-02-19T02:57:00
462,206403,2024-11-06T11:50:00
462,123391,2023-11-09T11:43:00
465,6722,2023-11-22T05:27:00
465,159235,2024-10-20T18:49:00
465,187189,2023-07-09T13:08:00
465,89607,2023-07-16T03:35:00
465,5487,2024-07-10T22:47:00
466,26676,2023-06-05T17:21:00
466,180833,2024-01-11T16:56:00
466,160070,2023-12-05T12:45:00
466,174739,2023-08-17T06:28:00
466,31664,2024-02-21T21:57:00
467,158711,2024-09-06T12:47:00
467,203483,2023-05-14T20:31:00
467,121626,2023-03-03T14:19:00
467,86343,2024-02-27T11:43:00
467,26464,2023-06-20T08:22:00
469,71936,2023-12-28T15:55:00
469,3560,2023-02-04T18:54:00
469,7079,2024-01-13T10:59:00
469,43684,2024-09-07T02:56:00
471,159626,2024-11-18T12:43:00
471,2301,2023-09-22T10:20:00
471,188915,2023-11-08T14:57:00
471,3770,2023-05-06T00:43:00
471,130874,2024-11-07T05:54:00
471,26470,2023-12-05T02:15:00
471,26464,2023-07-27T19:29:00
471,98402,2024-03-27T04:52:00
473,99243,2023-08-11T11:44:00
473,194026,2023-03-22T12:10:00
473,160836,2023-10-26T19:24:00
473,195519,2024-11-03T00:08:00
474,45581,2023-02-11T22:12:00
474,161262,2023-12-27T04:15:00
474,187879,2024-06-05T04:52:00
475,203222,2023-11-01T08:24:00
475,89549,2023-07-07T23:15:00
475,149592,2024-05-07T19:36:00
475,81413,2023-10-19T21:13:00
475,4664,2023-02-15T01:50:00
475,194214,2023-07-20T15:20:00
475,125636,2024-06-06T01:32:00
475,6749,2023-11-07T05:41:00
475,173757,2023-11-18T15:49:00
475,132922,2023-06-14T21:31:00
476,194026,2023-06-22T20:18:00
476,93022,2023-09-07T10:01:00
476,7079,2024-04-12T15:27:00
476,98402,2023-01-07T04:54:00
476,205982,2024-09-05T04:15:00
476,72380,2023-07-13T22:36:00
476,159235,2024-04-10T09:18:00
476,154337,2024-05-23T14:08:00
476,5612,2023-02-05T12:21:00
476,206403,2024-10-12T16:26:00
478,122956,2024-11-10T22:54:00
478,202455,2023-11-14T14:46:00
478,207624,2023-12-27T06:35:00
478,171421,2023-05-12T18:12:00
478,163210,2024-01-12T17:55:00
479,74327,2024-02-05T19:51:00
479,121626,2024-02-28T23:15:00
479,174739,2023-01-08T14:04:00
479,180801,2023-02-26T00:19:00
479,145106,2023-11-13T03:27:00
479,194456,2024-01-28T11:25:00
481,171519,2023-08-18T04:40:00
481,160792,2024-09-04T07:55:00
481,52938,2024-07-13T02:08:00
481,164685,2024-01-13T07:54:00
481,175171,2023-06-21T19:58:00
481,194070,2023-08-11T10:04:00
483,130928,2024-02-06T10:12:00
483,164167,2023-01-22T17:56:00
483,2404,2023-08-24T09:55:00
483,206403,2024-08-02T21:14:00
483,201074,2024-03-22T04:22:00
483,193801,2024-05-13T17:53:00
483,6462,2024-02-24T06:15:00
483,182941,2024-11-20T09:00:00
484,140435,2023-07-06T19:50:00
484,98056,2024-01-21T00:00:00
484,170143,2024-05-06T18:57:00
484,131310,2023-01-16T22:18:00
484,145586,2023-07-17T20:36:00
484,8120,2024-07-28T21:11:00
484,1155,2023-12-03T11:03:00
484,89607,2023-07-15T09:41:00
485,110223,2024-03-04T02:52:00
485,1321,2023-08-28T17:17:00
485,7079,2024-07-03T21:39:00
485,194536,2024-04-04T06:17:00
485,163625,2023-05-12T20:17:00
485,154598,2023-05-04T15:21:00
485,52938,2023-05-20T05:26:00
485,6896,2024-03-22T22:30:00
487,134053,2023-09-17T06:50:00
487,114172,2023-04-10T11:14:00
487,8260,2024-10-25T03:55:00
490,125219,2024-02-22T08:09:00
490,1709,2023-01-18T13:15:00
490,27603,2023-03-24T14:42:00
491,149466,2023-09-09T06:07:00
491,154796,2024-09-08T05:16:00
491,117312,2023-07-25T12:25:00
492,193976,2024-02-06T03:52:00
492,154454,2024-09-26T19:37:00
492,4400,2023-09-15T07:01:00
492,102248,2024-08-21T15:21:00
492,168334,2023-12-08T03:20:00
494,154598,2024-07-25T16:10:00
494,98114,2023-01-25T18:41:00
495,130874,2023-05-18T19:36:00
495,82055,2024-01-20T20:06:00
495,78442,2023-12-13T16:58:00
495,164495,2023-03-17T23:07:00
495,38061,2024-01-01T03:02:00
495,8668,2024-01-22T17:11:00
495,33928,2024-12-14T20:54:00
496,176843,2023-04-13T05:47:00
496,144192,2023-02-21T01:54:00
497,88682,2023-10-01T11:02:00
497,140894,2024-06-19T20:31:00
497,114818,2023-06-23T09:29:00
497,187483,2023-06-05T16:58:00
497,680,2023-10-08T09:25:00
498,204288,2023-04-01T20:00:00
498,26144,2024-04-03T10:14:00
498,188915,2023-05-08T23:54:00
498,4620,2024-03-18T14:38:00
498,129820,2023-03-16T15:10:00
498,107432,2024-03-11T08:01:00
498,7369,2023-11-23T07:43:00
498,96960,2023-01-11T05:31:00
498,194,2024-11-15T05:42:00
499,203527,2023-11-02T19:29:00
499,102248,2024-01-24T03:37:00
500,1321,2024-09-24T16:31:00
500,158489,2023-09-19T18:31:00
500,81831,2023-04-09T15:28:00
500,180911,2024-07-24T02:22:00
500,135856,2023-09-21T08:12:00
500,160444,2023-10-22T19:57:00
500,184869,2024-03-20T02:39:00
503,150974,2024-07-22T14:10:00
503,6391,2024-04-09T13:29:00
503,163861,2024-09-16T11:35:00
503,179023,2024-02-15T02:03:00
503,154067,2023-03-23T05:05:00
504,204184,2024-03-07T05:03:00
504,175183,2024-08-03T09:43:00
504,54972,2024-04-04T04:05:00
504,205957,2023-05-19T16:44:00
504,31664,2024-05-05T07:25:00
504,179023,2024-04-18T18:15:00
505,1612,2023-09-20T14:41:00
505,52448,2023-03-25T04:10:00
505,144192,2023-10-04T20:16:00
505,131009,2023-09-18T08:33:00
505,26090,2023-12-18T03:44:00
505,80748,2023-12-24T00:35:00
505,179899,2023-04-25T02:01:00
505,173227,2024-04-02T17:11:00
505,60135,2024-04-12T21:33:00
506,151082,2023-06-08T07:11:00
506,154794,2023-07-03T02:59:00
506,199319,2023-07-09T03:58:00
508,100042,2023-01-28T07:54:00
511,26119,2023-07-23T10:57:00
511,171421,2024-07-14T18:58:00
511,122657,2024-05-10T01:31:00
511,109793,2024-11-18T23:12:00
511,78713,2023-10-24T20:12:00
511,198469,2024-01-25T01:32:00
511,128287,2024-10-25T06:23:00
511,144914,2023-04-05T15:39:00
511,168184,2024-12-27T22:03:00
511,120490,2023-05-28T05:04:00
514,154142,2024-10-20T20:56:00
514,137319,2024-08-24T06:13:00
514,122741,2024-04-28T16:44:00
514,108936,2023-11-20T20:18:00
514,194254,2024-06-20T05:32:00
515,148184,2024-06-17T07:47:00
515,3380,2024-11-26T02:03:00
515,174621,2024-05-26T17:40:00
516,135599,2023-11-07T09:10:00
516,680,2024-05-14T23:40:00
516,78713,2023-10-25T08:22:00
516,122928,2024-07-15T09:14:00
516,55343,2023-02-02T00:16:00
516,122009,2024-06-09T06:56:00
516,133233,2024-08-28T18:48:00
516,205635,2024-06-06T18:16:00
517,133712,2024-10-10T00:30:00
517,108571,2024-01-10T04:16:00
517,128439,2023-03-09T23:20:00
517,1163,2024-01-04T11:58:00
517,99925,2024-05-06T10:10:00
517,170555,2023-05-05T03:32:00
517,3380,2023-01-14T08:34:00
517,5612,2023-02-18T03:49:00
520,26139,2024-05-12T04:33:00
520,4342,2024-08-27T09:53:00
520,2666,2023-08-08T15:53:00
523,3587,2024-09-14T15:05:00
523,151469,2023-06-11T14:23:00
523,179707,2024-03-12T20:37:00
523,8387,2024-08-04T14:00:00
526,126719,2023-12-22T05:57:00
526,5799,2024-10-03T11:00:00
526,26813,2023-06-18T23:46:00
526,153368,2023-08-22T12:27:00
526,54972,2024-05-12T22:02:00
527,155521,2023-06-12T17:13:00
527,1709,2024-03-04T16:16:00
527,26317,2023-12-27T21:50:00
527,148634,2023-11-10T11:50:00
527,185579,2024-06-20T17:24:00
527,3488,2023-05-05T03:07:00
527,5598,2024-02-11T18:09:00
527,2640,2023-12-20T15:59:00
528,194026,2023-06-17T17:43:00
528,104843,2023-11-26T22:07:00
528,103614,2023-09-09T00:24:00
528,195933,2024-06-17T21:42:00
528,105084,2023-08-02T15:40:00
528,87049,2023-11-20T23:38:00
528,199746,2024-06-16T18:38:00
528,148486,2024-03-20T04:14:00
530,92641,2023-10-14T01:35:00
530,7079,2023-07-22T19:34:00
530,2493,2024-04-03T12:19:00
534,162152,2024-08-21T03:02:00
534,115779,2024-06-03T02:44:00
534,5873,2024-10-07T17:43:00
534,3551,2023-07-04T23:27:00
534,183717,2024-04-03T12:10:00
534,108571,2023-06-11T06:49:00
534,144078,2024-07-02T16:22:00
536,123246,2024-07-25T14:27:00
536,141524,2024-11-18T23:35:00
536,109203,2024-02-05T07:05:00
536,163861,2023-02-04T23:33:00
536,25764,2023-10-28T18:00:00
536,199746,2024-06-03T16:12:00
536,133413,2024-07-04T01:54:00
536,26146,2024-12-27T14:21:00
536,158350,2024-06-21T01:53:00
537,116604,2024-05-21T15:44:00
537,181229,2023-10-25T19:07:00
538,129707,2024-06-05T21:50:00
538,2207,2024-09-28T10:57:00
538,102248,2023-12-19T02:12:00
538,151641,2024-08-04T01:45:00
538,88814,2024-11-28T14:13:00
538,133233,2024-01-10T03:16:00
539,181287,2024-10-15T13:43:00
539,201414,2024-04-11T22:58:00
540,4387,2023-11-18T21:21:00
540,163328,2023-04-02T09:43:00
540,127494,2024-09-12T01:38:00
540,199746,2023-12-22T00:41:00
540,52938,2024-10-28T12:25:00
540,87915,2023-05-22T08:12:00
540,122956,2023-11-19T08:19:00
541,133233,2024-04-13T15:37:00
541,71114,2024-10-18T12:26:00
541,149723,2024-05-02T04:39:00
541,126719,2023-11-14T12:13:00
541,158711,2024-09-12T22:29:00
541,8855,2024-05-25T04:27:00
541,154262,2024-12-06T09:13:00
541,42602,2023-05-09T08:25:00
541,93455,2024-02-11T15:04:00
541,144838,2024-04-16T04:22:00
542,68242,2024-02-17T03:46:00
542,69521,2024-12-27T05:47:00
542,6172,2023-11-22T01:52:00
542,5537,2023-01-13T08:37:00
542,205283,2023-01-07T06:28:00
544,129820,2023-09-27T01:06:00
544,162152,2024-04-07T13:50:00
544,175147,2024-10-20T15:16:00
544,150864,2024-03-13T06:03:00
544,163328,2023-01-28T21:34:00
544,71999,2024-07-19T08:15:00
544,131902,2023-05-07T07:43:00
544,196303,2023-12-27T21:56:00
544,76277,2023-11-07T14:59:00
545,5612,2024-03-16T19:43:00
545,163210,2023-01-03T02:11:00
545,151082,2024-05-24T21:25:00
545,119155,2023-01-04T11:23:00
545,130830,2023-04-07T16:10:00
545,136261,2024-10-10T04:44:00
545,141550,2023-07-27T08:02:00
545,168016,2023-02-16T05:31:00
545,131460,2024-07-11T07:55:00
545,163170,2024-08-06T10:38:00
546,130213,2024-03-18T13:16:00
546,90947,2024-02-24T08:33:00
546,145871,2024-09-02T08:15:00
546,142170,2023-05-23T20:17:00
547,163817,2024-10-24T02:00:00
547,145875,2023-08-18T00:21:00
547,176041,2024-02-21T03:58:00
547,153368,2024-11-22T01:39:00
547,6067,2023-04-14T18:55:00
547,175235,2024-01-09T04:52:00
547,6469,2024-02-02T19:39:00
547,155521,2023-04-15T23:55:00
547,197873,2023-11-04T20:13:00
547,156821,2024-10-11T06:29:00
548,26317,2023-04-24T06:21:00
548,191,2024-08-18T01:35:00
548,201414,2024-04-20T11:53:00
548,76277,2024-06-20T05:57:00
548,198009,2024-09-06T14:45:00
548,144192,2023-04-21T23:15:00
548,149646,2024-04-02T21:53:00
551,114818,2023-05-22T05:34:00
551,73813,2023-02-02T10:33:00
551,182941,2024-01-18T05:12:00
551,161302,2023-04-16T02:42:00
551,188103,2024-01-28T09:21:00
551,175619,2023-03-21T15:41:00
552,133751,2023-09-21T22:44:00
552,151501,2024-04-01T05:18:00
552,91201,2023-02-15T09:25:00
552,200148,2023-04-01T17:48:00
553,150974,2023-11-08T14:22:00
553,53849,2023-04-28T23:38:00
553,98695,2023-12-09T14:24:00
553,115784,2023-04-12T23:13:00
553,99677,2023-07-12T04:19:00
553,131866,2024-04-15T09:35:00
554,2540,2024-08-20T03:10:00
554,114172,2023-10-06T18:03:00
554,176397,2024-06-16T00:09:00
554,6451,2024-11-15T13:29:00
555,124374,2024-08-19T04:29:00
555,165051,2024-02-21T10:54:00
555,176041,2023-08-06T11:22:00
555,7208,2024-10-16T07:55:00
555,172185,2023-08-11T11:30:00
557,170695,2024-04-02T06:03:00
557,82370,2024-03-12T01:15:00
558,159235,2024-11-18T23:45:00
558,145875,2023-09-17T10:45:00
558,123391,2024-08-20T22:36:00
558,139022,2024-12-13T17:06:00
560,1321,2023-10-23T19:20:00
561,114818,2023-06-18T00:55:00
561,99739,2024-01-17T21:08:00
561,206955,2024-10-06T19:53:00
561,6073,2023-11-10T07:34:00
561,59426,2023-07-22T05:58:00
561,181391,2023-12-06T22:29:00
561,165763,2023-11-07T13:56:00
561,3111,2024-02-09T06:00:00
561,144770,2023-03-15T21:03:00
561,175767,2023-03-18T00:59:00
562,206403,2024-11-03T01:08:00
562,151469,2024-01-04T12:49:00
563,133541,2024-05-12T01:59:00
563,1855,2024-03-16T23:31:00
563,147952,2024-07-22T02:20:00
563,83430,2023-08-19T04:52:00
565,131296,2024-11-26T14:45:00
565,452,2024-01-07T01:53:00
565,1612,2024-09-16T15:33:00
565,179899,2024-04-25T15:32:00
565,133413,2023-09-27T10:45:00
565,198469,2024-06-17T14:28:00
565,178821,2024-05-10T07:12:00
566,320,2024-12-24T18:59:00
566,141203,2024-05-18T15:48:00
566,136846,2024-09-08T13:00:00
566,158711,2023-12-26T04:54:00
566,26317,2024-11-03T10:47:00
566,680,2023-08-10T18:57:00
566,179873,2023-06-10T17:47:00
566,36426,2024-05-17T22:34:00
566,190473,2024-12-18T05:02:00
566,6486,2024-02-14T03:40:00
567,109203,2023-02-07T07:58:00
567,104243,2024-02-09T18:51:00
567,134657,2024-05-15T01:48:00
568,94727,2023-10-26T19:08:00
568,32139,2024-08-12T12:01:00
568,122009,2024-10-28T11:44:00
568,130600,2024-11-27T23:56:00
568,199267,2023-04-11T14:38:00
568,188885,2024-01-10T06:37:00
568,180191,2023-09-02T21:35:00
568,129990,2024-10-04T22:21:00
568,184991,2023-12-10T13:14:00
568,48043,2023-07-24T13:05:00
569,125636,2024-02-12T17:29:00
569,133413,2024-01-02T00:59:00
569,71114,2024-06-22T21:47:00
569,1263,2023-10-10T11:57:00
569,83,2023-08-01T17:30:00
569,68915,2023-12-09T21:34:00
569,51455,2024-11-22T23:35:00
569,141550,2023-11-05T05:49:00
570,124374,2024-11-21T13:24:00
570,200562,2024-08-23T07:15:00
570,175967,2023-10-09T00:10:00
570,86717,2023-04-24T17:07:00
570,127453,2023-10-10T18:24:00
570,144998,2023-01-04T02:14:00
570,148038,2023-09-23T01:41:00
571,126136,2023-02-15T19:43:00
571,199267,2023-11-12T00:29:00
571,204288,2024-11-11T04:11:00
571,1029,2023-07-18T22:57:00
571,203222,2023-02-14T17:58:00
571,209171,2024-08-13T10:15:00
574,77414,2024-09-16T13:32:00
574,1526,2024-08-27T02:37:00
574,102677,2024-03-14T21:42:00
574,89206,2024-12-19T19:57:00
574,55080,2024-08-16T05:59:00
574,84293,2023-07-24T05:34:00
575,1321,2023-12-25T06:48:00
575,4620,2024-07-26T07:42:00
575,99996,2023-11-17T21:44:00
575,164685,2023-11-28T02:01:00
575,2570,2023-02-15T20:20:00
575,80655,2024-08-16T02:34:00
575,5549,2024-06-14T00:49:00
575,187611,2024-09-10T13:44:00
575,135599,2023-05-10T07:57:00
576,103139,2023-04-12T13:36:00
576,109203,2023-09-04T02:21:00
576,125259,2024-02-26T02:38:00
576,176483,2023-10-12T09:28:00
576,163084,2023-05-04T09:21:00
577,6486,2024-09-23T08:13:00
577,8387,2023-11-07T10:07:00
577,5147,2024-08-21T12:26:00
577,47894,2024-10-09T03:23:00
577,181391,2024-09-06T23:22:00
577,45642,2023-07-19T15:31:00
577,188213,2023-07-19T18:13:00
577,26169,2024-04-15T17:35:00
577,5884,2023-11-28T02:24:00
577,92446,2023-09-16T06:16:00
579,145612,2024-01-28T19:10:00
579,198635,2024-06-09T23:22:00
579,1796,2023-04-22T06:39:00
580,1030,2024-03-28T00:50:00
580,126719,2023-04-14T05:47:00
582,148038,2023-01-01T19:31:00
582,117668,2024-07-27T01:52:00
582,101938,2023-06-28T03:15:00
582,159235,2023-07-07T13:33:00
582,90965,2023-03-21T12:32:00
582,204288,2023-03-02T05:47:00
582,133029,2024-09-15T07:23:00
583,171731,2024-09-09T04:23:00
583,8374,2024-10-10T19:59:00
583,4615,2024-09-05T09:04:00
583,201074,2024-01-07T19:32:00
584,172783,2024-05-10T17:00:00
584,197747,2024-02-01T14:21:00
584,68833,2024-06-01T13:37:00
584,168016,2023-06-06T07:31:00
584,146760,2023-03-27T02:27:00
584,138820,2024-03-18T20:50:00
585,186279,2024-07-22T08:51:00
585,267,2024-12-27T04:08:00
585,3170,2023-06-01T04:38:00
585,181229,2024-07-26T04:42:00
585,166171,2023-04-02T17:43:00
585,125029,2024-08-01T20:09:00
585,158192,2023-07-19T00:46:00
585,195519,2023-08-18T21:19:00
585,7482,2023-11-24T16:40:00
586,3647,2024-11-20T07:16:00
586,196303,2023-06-17T00:15:00
587,4615,2024-01-07T08:16:00
587,3768,2024-02-28T07:27:00
588,1989,2024-08-09T04:37:00
588,195263,2023-08-01T09:28:00
588,198313,2023-08-24T23:26:00
588,151145,2024-03-03T22:10:00
588,128015,2024-07-07T06:34:00
588,45581,2023-02-01T12:32:00
588,1415,2023-05-10T06:23:00
588,68874,2023-03-25T01:02:00
588,154984,2024-06-10T05:58:00
588,83225,2023-12-05T12:28:00
589,154270,2023-02-07T17:26:00
589,183717,2023-04-05T03:47:00
589,26002,2024-11-11T09:00:00
589,121626,2023-12-09T04:07:00
589,194694,2024-01-16T05:39:00
589,159626,2024-01-13T17:22:00
589,235,2024-06-14T04:46:00
589,176393,2023-05-11T09:54:00
589,203222,2024-07-28T01:35:00
590,113585,2023-09-06T11:29:00
590,123951,2024-04-18T06:05:00
590,121277,2024-11-13T21:58:00
590,158400,2024-03-27T00:00:00
590,191293,2024-05-11T04:19:00
592,801,2023-11-15T03:54:00
592,136180,2023-09-23T00:22:00
592,204236,2024-02-09T12:10:00
592,25764,2024-05-09T17:14:00
592,141524,2023-04-07T07:28:00
593,95744,2024-03-09T09:53:00
593,2145,2023-04-28T23:18:00
594,136174,2023-09-10T13:03:00
594,8693,2023-06-24T00:44:00
594,189031,2024-06-24T18:48:00
594,7369,2024-12-22T12:37:00
594,87915,2024-08-20T20:36:00
594,130830,2023-01-26T12:12:00
594,200562,2023-09-28T18:05:00
594,70571,2024-12-12T03:20:00
595,164167,2024-06-01T10:52:00
595,130152,2024-04-05T02:19:00
595,59974,2024-12-08T15:13:00
598,148062,2023-05-28T03:13:00
598,147934,2023-01-25T10:24:00
598,187189,2023-09-18T18:51:00
601,62999,2024-08-23T18:12:00
601,3770,2024-06-07T14:00:00
601,131460,2024-02-06T05:19:00
601,52448,2023-10-17T17:19:00
601,27788,2024-03-11T17:32:00
602,147194,2023-08-24T18:38:00
602,86343,2024-01-18T15:53:00
602,140273,2023-12-27T19:21:00
602,179899,2024-05-04T23:30:00
602,66686,2023-03-16T04:03:00
602,206955,2023-10-25T08:17:00
603,163170,2023-10-18T23:54:00
603,172677,2024-10-03T00:51:00
603,1321,2023-04-18T23:28:00
603,64897,2024-06-04T08:43:00
603,98629,2024-03-19T04:04:00
603,175967,2023-01-01T18:37:00
603,199952,2023-09-25T01:57:00
603,178959,2023-01-09T17:03:00
603,91201,2024-10-09T10:58:00
603,168214,2023-08-09T05:29:00
605,196533,2024-06-13T05:07:00
605,205120,2024-09-01T17:35:00
606,3676,2024-05-12T02:11:00
606,87049,2023-01-22T09:13:00
606,189791,2024-10-21T07:05:00
606,160545,2024-03-11T12:12:00
606,201108,2024-07-02T01:41:00
606,49817,2024-08-25T02:35:00
606,6722,2024-08-23T16:32:00
606,34469,2023-11-21T03:50:00
607,59387,2024-12-26T18:45:00
607,176393,2023-04-12T13:52:00
607,47894,2024-03-28T11:49:00
607,178959,2023-07-15T10:27:00
607,7107,2024-08-02T20:06:00
608,199886,2023-03-21T16:54:00
608,117590,2023-07-19T16:30:00
608,92894,2024-07-01T15:41:00
608,146832,2024-08-27T21:37:00
608,152395,2024-06-03T04:07:00
608,7986,2024-02-25T13:13:00
608,187603,2024-09-22T08:13:00
608,2263,2023-12-17T09:29:00
609,205120,2024-08-04T07:33:00
609,161262,2023-09-25T22:39:00
609,73813,2024-11-27T01:16:00
609,128287,2023-12-02T09:47:00
610,5147,2023-10-04T02:17:00
610,26641,2023-03-23T03:40:00
611,139950,2023-07-27T14:42:00
611,45642,2023-04-01T10:19:00
611,125636,2024-07-25T01:05:00
612,146984,2023-02-19T02:19:00
614,8260,2024-11-02T03:58:00
614,166482,2024-08-01T01:23:00
615,70571,2023-04-04T20:30:00
616,81564,2024-09-07T16:42:00
616,102677,2024-07-19T01:36:00
616,128015,2023-11-13T14:16:00
617,137427,2023-07-04T19:33:00
618,122928,2024-10-27T11:54:00
618,184019,2023-05-21T23:48:00
618,38061,2024-11-04T04:50:00
619,154337,2023-11-01T05:53:00
619,32196,2023-02-10T06:32:00
619,44255,2023-05-08T14:16:00
619,6134,2023-02-09T07:18:00
619,1155,2023-07-24T15:30:00
619,92029,2023-11-14T15:00:00
619,189081,2023-03-22T03:47:00
619,144770,2024-11-08T05:54:00
619,1029,2023-09-20T20:01:00
620,151469,2024-09-26T22:34:00
620,122009,2024-01-28T12:13:00
620,159771,2023-07-24T05:18:00
620,102248,2024-04-17T21:44:00
621,68915,2024-03-23T13:16:00
621,912,2024-10-10T11:51:00
621,92446,2024-08-07T01:45:00
621,164127,2024-12-22T10:34:00
621,47404,2024-08-24T02:38:00
621,201382,2024-06-02T22:42:00
621,59306,2023-08-02T00:38:00
623,96110,2024-01-27T04:44:00
623,191423,2023-09-24T15:30:00
623,187961,2024-07-01T09:40:00
623,1612,2024-03-23T09:37:00
623,141588,2023-05-07T05:20:00
623,171909,2023-03-03T05:33:00
623,170143,2023-03-01T13:45:00
623,188489,2023-09-11T21:00:00
624,151447,2024-11-17T06:48:00
624,165229,2024-08-04T20:52:00
624,155521,2023-03-07T15:43:00
624,160070,2023-09-06T10:49:00
624,133443,2023-07-06T08:12:00
624,176483,2023-01-24T07:17:00
624,90947,2023-05-01T06:51:00
626,59795,2023-08-07T08:29:00
626,90537,2023-10-12T15:33:00
626,80655,2024-04-01T15:09:00
626,92756,2024-05-20T06:54:00
626,194214,2023-06-13T07:07:00
626,52668,2023-08-14T14:57:00
626,194254,2023-01-25T18:46:00
626,158441,2023-12-08T12:39:00
627,164167,2023-05-26T02:47:00
627,47629,2023-06-09T11:45:00
627,4586,2024-08-18T04:14:00
627,4001,2024-10-27T14:11:00
627,86781,2024-05-04T15:36:00
627,153424,2023-03-02T12:52:00
627,148118,2024-03-17T15:23:00
627,7283,2024-06-03T12:55:00
628,164089,2024-02-25T16:05:00
628,116487,2023-10-27T17:57:00
628,136180,2024-10-22T18:40:00
628,123951,2024-08-05T08:03:00
628,201656,2023-12-21T21:08:00
628,107466,2024-02-25T06:03:00
628,6749,2023-02-19T10:42:00
628,163861,2024-06-25T00:51:00
628,27376,2024-09-06T20:20:00
628,153368,2023-02-24T12:45:00
629,148994,2023-07-28T16:29:00
629,150308,2024-07-09T10:13:00
629,142268,2024-02-14T08:30:00
632,4205,2024-09-20T17:50:00
632,144212,2023-07-15T15:41:00
632,148994,2024-12-17T02:52:00
632,5598,2024-08-21T18:08:00
632,26464,2023-11-07T07:10:00
632,144478,2023-03-18T10:38:00
632,132022,2024-07-05T09:10:00
632,74820,2024-02-24T09:15:00
632,175619,2023-09-17T11:24:00
633,48501,2023-03-16T09:05:00
633,92894,2024-08-21T19:11:00
633,158400,2023-02-03T09:19:00
633,133383,2024-02-06T09:13:00
633,4001,2023-01-04T00:17:00
633,44255,2023-02-27T05:52:00
633,80655,2023-07-12T21:49:00
633,144914,2024-10-10T12:11:00
633,59846,2023-05-17T11:38:00
633,82055,2023-05-25T15:47:00
634,136986,2024-11-12T01:17:00
634,205283,2023-10-07T15:18:00
634,59795,2024-06-13T16:21:00
635,34469,2024-08-14T14:10:00
635,912,2023-05-02T11:37:00
635,102248,2024-01-16T02:32:00
635,187039,2024-01-25T11:00:00
635,161852,2023-09-14T20:55:00
635,156919,2023-04-04T03:34:00
635,1029,2023-07-10T12:32:00
636,136986,2023-04-18T16:47:00
636,59426,2023-01-01T19:28:00
636,175767,2023-04-15T12:22:00
636,146188,2024-06-18T17:09:00
636,61724,2024-09-23T23:39:00
636,155304,2023-10-13T06:53:00
638,33251,2024-11-02T05:23:00
638,200604,2024-02-14T01:36:00
638,154270,2024-09-07T10:43:00
639,38061,2024-04-07T18:59:00
639,184815,2024-08-03T16:24:00
639,72380,2023-02-10T00:14:00
639,202455,2024-01-17T17:48:00
639,204288,2023-10-16T11:41:00
639,88452,2024-06-03T06:53:00
639,167296,2024-03-22T03:25:00
641,5278,2024-07-24T22:34:00
641,3111,2024-09-13T15:40:00
642,202559,2023-09-11T00:02:00
643,150340,2023-09-25T05:22:00
643,5147,2024-12-28T20:03:00
643,201176,2024-04-23T16:08:00
643,8855,2024-01-27T01:30:00
644,1030,2023-05-28T01:29:00
644,154337,2024-02-24T20:08:00
647,83225,2024-12-25T13:15:00
647,203435,2024-10-20T17:29:00
648,133535,2023-08-06T17:37:00
648,144192,2023-11-15T09:12:00
648,194456,2024-03-15T23:56:00
649,109203,2023-12-06T00:40:00
649,94531,2024-08-07T19:10:00
649,129445,2024-07-27T20:02:00
649,153368,2023-06-13T08:14:00
650,115779,2024-08-15T12:49:00
650,98402,2024-08-04T17:27:00
650,118800,2024-09-23T06:53:00
650,26317,2024-11-08T09:18:00
650,171729,2023-05-18T06:30:00
650,6722,2024-12-05T22:05:00
650,7122,2024-06-23T19:35:00
650,180469,2023-10-11T19:34:00
650,2618,2024-11-17T18:59:00
651,176393,2024-05-01T23:36:00
651,190185,2023-04-21T07:16:00
651,174705,2024-12-17T05:20:00
651,205168,2024-07-08T04:29:00
654,134657,2024-01-19T22:36:00
654,1612,2024-04-07T12:44:00
654,72261,2023-05-06T22:34:00
654,152812,2023-04-22T17:32:00
654,102248,2024-01-04T17:47:00
654,194254,2024-12-18T11:26:00
655,209171,2024-06-17T19:25:00
655,150340,2023-06-09T03:49:00
655,134615,2024-01-12T00:50:00
655,26144,2024-09-16T07:09:00
655,3770,2023-08-15T12:30:00
655,75962,2023-09-02T06:16:00
656,27603,2024-10-06T12:39:00
656,2496,2024-11-16T04:46:00
656,7093,2023-11-28T22:31:00
656,120234,2023-05-25T21:01:00
656,153436,2023-06-11T00:59:00
656,203222,2024-02-25T20:49:00
656,125295,2024-09-08T08:01:00
657,1415,2023-05-18T09:00:00
657,1029,2024-02-09T19:41:00
657,125295,2024-01-21T19:59:00
657,206010,2024-09-13T01:40:00
657,4893,2024-01-22T23:42:00
657,191293,2023-08-15T19:58:00
657,169004,2024-12-26T12:19:00
659,123951,2023-01-04T02:54:00
659,89549,2024-05-18T08:47:00
659,204684,2023-05-28T02:56:00
659,199267,2023-02-19T08:51:00
659,175183,2023-04-24T20:33:00
659,103241,2024-10-09T06:20:00
659,165329,2023-08-25T02:03:00
660,197065,2024-08-11T13:40:00
662,146694,2023-10-17T07:12:00
662,112001,2023-08-17T15:26:00
662,129990,2023-03-17T09:22:00
662,99739,2023-02-21T03:25:00
662,53004,2023-10-01T06:53:00
662,80348,2023-03-21T03:42:00
662,175183,2024-02-26T05:28:00
662,119208,2024-04-10T15:12:00
662,199988,2023-05-01T11:24:00
662,107432,2024-09-09T22:25:00
663,198469,2024-03-11T12:15:00
663,70571,2023-03-14T15:41:00
663,164685,2024-02-02T07:20:00
664,54972,2023-04-26T15:49:00
664,86781,2023-05-03T20:58:00
665,133751,2023-05-20T13:57:00
665,80748,2023-06-11T04:17:00
665,180199,2023-10-22T16:24:00
665,148038,2023-05-12T21:33:00
665,122476,2023-02-09T01:56:00
665,156420,2023-06-09T21:24:00
665,3677,2023-02-11T21:43:00
665,125029,2024-06-17T04:18:00
666,155521,2023-11-01T15:03:00
666,74820,2024-11-25T12:21:00
666,2493,2024-03-12T23:07:00
666,180801,2024-08-12T00:12:00
667,198469,2024-12-20T16:04:00
667,8855,2023-05-19T17:32:00
667,86717,2023-04-17T03:57:00
667,1474,2024-03-11T15:22:00
668,33928,2024-10-17T17:40:00
668,122216,2023-02-17T06:11:00
668,7122,2024-08-05T11:44:00
668,129990,2024-09-22T03:25:00
668,83056,2023-09-06T11:52:00
668,92641,2024-08-14T08:11:00
668,114429,2023-01-28T23:49:00
668,4917,2023-05-23T02:51:00
669,189687,2023-10-01T11:13:00
669,26641,2023-08-13T09:18:00
669,160444,2024-11-06T18:52:00
670,200740,2024-05-20T23:46:00
670,151469,2024-10-27T06:55:00
670,130830,2024-07-10T06:58:00
671,114172,2023-10-05T03:34:00
671,190769,2023-07-06T00:56:00
671,67929,2023-09-28T10:15:00
671,89170,2024-10-09T18:26:00
671,156280,2024-05-28T11:49:00
671,73145,2023-09-06T14:37:00
671,1796,2024-09-10T04:29:00
671,204288,2023-03-16T07:35:00
673,184981,2024-09-07T11:33:00
673,112001,2023-11-10T07:45:00
673,1376,2024-05-27T00:00:00
674,125259,2023-09-05T15:29:00
674,132868,2023-08-05T01:42:00
674,141886,2024-08-01T21:38:00
674,100042,2024-04-13T19:17:00
675,134053,2024-10-15T10:17:00
676,173757,2024-09-13T16:17:00
676,235,2024-03-02T23:06:00
676,168568,2024-09-28T02:10:00
677,102248,2024-08-04T12:53:00
678,131788,2024-04-04T21:52:00
678,86781,2024-08-05T19:07:00
678,112001,2024-05-18T11:53:00
678,152812,2024-02-02T10:12:00
678,59974,2024-11-15T20:57:00
678,192401,2024-03-05T23:28:00
678,167296,2023-02-02T21:26:00
678,148118,2023-10-05T02:47:00
678,149466,2023-12-12T09:49:00
678,184851,2024-07-21T03:03:00
679,197987,2023-02-21T17:21:00
679,127847,2024-09-16T03:14:00
679,197007,2024-11-08T00:55:00
680,180651,2024-01-28T01:24:00
681,2404,2023-02-28T20:53:00
681,153897,2024-06-05T10:05:00
681,6172,2023-06-15T16:53:00
681,4893,2024-07-02T05:06:00
681,112204,2024-06-18T00:56:00
682,2618,2023-09-28T16:07:00
682,71936,2023-03-12T01:57:00
682,184815,2023-09-16T19:28:00
682,145612,2024-07-14T07:01:00
682,130928,2024-10-16T23:13:00
684,155521,2024-09-25T12:26:00
684,127847,2023-11-14T08:59:00
684,83225,2024-01-25T17:22:00
684,168214,2024-02-12T10:38:00
684,7208,2024-04-27T17:40:00
684,109241,2023-11-04T01:12:00
685,26641,2023-03-25T11:45:00
685,82055,2024-10-26T01:16:00
685,154984,2023-08-23T09:59:00
685,150308,2023-05-20T10:35:00
685,162128,2024-05-11T21:40:00
685,5884,2023-11-08T13:56:00
686,38061,2024-11-25T02:12:00
686,187467,2023-07-24T10:14:00
686,188659,2024-03-16T14:52:00
688,151469,2023-04-17T20:04:00
689,99996,2023-04-19T22:19:00
689,131310,2023-05-19T19:51:00
689,194456,2023-01-03T00:59:00
689,59974,2023-03-26T22:06:00
689,116927,2023-03-16T09:52:00
689,90965,2023-12-27T07:39:00
689,913,2023-11-25T13:55:00
689,163170,2024-12-25T01:19:00
689,47634,2024-05-17T00:31:00
689,5873,2024-10-01T20:19:00
690,142895,2023-12-22T21:27:00
690,127494,2023-12-11T07:29:00
690,202697,2024-01-27T11:14:00
690,171909,2023-02-06T17:09:00
693,2640,2023-11-27T22:16:00
693,123951,2024-03-15T19:06:00
693,151469,2023-05-12T21:28:00
693,129707,2023-02-07T18:32:00
694,175319,2024-08-13T12:51:00
694,167296,2023-04-16T01:20:00
695,142020,2023-12-19T22:02:00
695,1468,2024-11-27T04:36:00
695,197747,2023-02-20T20:00:00
695,121194,2023-10-26T21:13:00
695,98056,2023-07-28T21:42:00
695,6803,2023-03-12T22:59:00
696,146832,2023-03-04T00:15:00
696,194456,2023-05-13T15:25:00
696,127453,2023-04-18T21:36:00
696,47918,2024-11-01T20:07:00
696,79610,2024-04-06T14:03:00
696,92968,2023-10-07T10:59:00
697,105446,2023-03-01T21:47:00
697,180569,2024-03-17T09:58:00
697,134053,2024-10-02T08:45:00
697,39896,2023-08-10T22:32:00
699,59387,2023-08-16T10:12:00
699,1197,2023-08-06T01:38:00
702,173757,2023-09-09T16:23:00
702,122956,2024-09-23T07:34:00
702,1128,2023-03-21T06:15:00
702,3483,2023-08-18T15:28:00
702,4012,2024-07-17T07:11:00
702,2570,2024-07-05T08:26:00
702,189081,2023-11-13T14:47:00
703,132868,2023-04-24T00:09:00
703,158441,2023-07-03T00:51:00
703,3488,2023-02-20T14:13:00
703,125295,2023-09-27T14:31:00
703,66295,2024-01-26T00:05:00
703,204584,2024-03-18T01:04:00
704,144770,2024-08-01T00:03:00
704,6172,2023-01-07T08:43:00
709,114172,2024-02-06T19:24:00
709,142895,2024-08-05T07:37:00
711,194416,2024-07-23T15:35:00
712,160187,2023-06-14T23:29:00
712,164685,2023-01-17T02:26:00
713,7025,2024-06-21T18:31:00
713,3677,2023-11-21T13:43:00
713,189081,2024-03-20T05:19:00
713,117668,2024-10-09T18:40:00
713,194416,2023-02-20T19:21:00
713,202559,2023-07-06T15:20:00
713,6139,2023-05-06T14:05:00
714,70571,2024-11-10T16:08:00
714,147172,2023-03-02T19:39:00
714,6227,2023-03-15T05:15:00
714,188915,2024-09-05T05:14:00
714,171909,2023-11-13T11:33:00
714,201108,2024-03-25T16:55:00
714,195519,2023-11-17T06:56:00
714,6749,2023-10-01T11:06:00
716,142020,2023-01-05T16:32:00
716,198469,2024-03-19T10:16:00
716,107747,2024-11-15T19:00:00
716,154073,2023-09-05T07:21:00
716,161302,2023-09-09T03:04:00
716,79134,2024-06-23T06:49:00
716,194536,2024-10-11T00:48:00
720,149072,2023-07-14T19:10:00
720,4664,2023-03-14T07:08:00
720,109241,2023-04-19T10:25:00
721,164089,2023-04-05T14:56:00
721,45642,2023-05-01T19:24:00
721,75981,2023-02-14T22:03:00
721,175997,2024-02-05T11:53:00
721,161852,2023-04-12T01:23:00
721,26144,2023-11-08T06:39:00
721,86343,2024-01-02T00:05:00
721,205405,2024-12-04T23:52:00
723,129990,2024-12-22T18:29:00
723,180569,2024-01-28T03:27:00
725,194,2023-08-10T11:30:00
725,131310,2023-02-07T04:43:00
725,132438,2024-03-02T02:05:00
728,175767,2023-05-03T00:44:00
728,142634,2023-04-19T15:59:00
728,123735,2023-10-15T09:16:00
728,187829,2023-01-14T07:20:00
728,144906,2023-09-14T21:58:00
728,66785,2024-01-05T14:55:00
728,157536,2023-11-27T04:01:00
728,59795,2024-12-14T03:22:00
730,1526,2023-07-12T14:16:00
730,77721,2024-06-27T08:03:00
730,121847,2023-12-05T15:41:00
730,204684,2024-11-25T06:01:00
730,72910,2024-05-28T02:19:00
730,176805,2024-09-25T16:04:00
730,171421,2023-03-10T13:59:00
731,175767,2024-03-15T23:35:00
731,48501,2023-05-06T22:08:00
731,123816,2023-09-09T23:39:00
731,173227,2023-10-17T02:39:00
731,160684,2023-08-16T01:30:00
731,169154,2024-10-24T18:18:00
731,90460,2024-10-12T02:19:00
731,2318,2023-03-21T14:44:00
731,200818,2024-09-19T02:06:00
731,205957,2024-04-08T15:21:00
732,136180,2024-06-12T23:02:00
732,120234,2023-08-23T13:12:00
732,143689,2024-07-15T11:30:00
732,190553,2024-01-27T10:12:00
732,81831,2024-10-03T12:40:00
732,912,2024-10-22T04:35:00
732,144478,2024-06-27T18:21:00
732,135087,2024-11-27T04:32:00
732,6896,2023-06-15T19:10:00
733,140273,2024-06-20T16:56:00
733,117312,2024-07-27T20:02:00
733,187039,2024-09-05T21:56:00
733,1796,2023-01-20T20:56:00
735,165763,2024-04-12T14:11:00
735,76082,2024-11-11T07:52:00
735,6067,2024-06-02T02:23:00
735,189081,2024-07-21T19:35:00
735,101938,2024-12-11T19:47:00
735,26704,2024-11-06T19:34:00
735,190309,2024-02-01T19:01:00
736,121350,2023-06-27T12:53:00
736,104843,2024-01-14T22:48:00
736,166171,2024-05-19T12:17:00
736,128015,2023-09-05T14:09:00
736,7079,2023-01-13T01:51:00
736,178821,2023-04-06T15:59:00
736,172185,2024-10-24T01:54:00
736,158441,2023-03-17T05:56:00
736,61937,2023-10-23T17:04:00
737,168568,2024-03-22T11:52:00
737,26797,2023-07-21T01:10:00
737,150340,2023-11-25T06:22:00
737,202950,2024-10-20T08:04:00
737,4198,2023-12-06T22:17:00
737,114429,2023-10-21T05:22:00
737,194254,2023-11-02T08:07:00
737,201108,2024-10-05T16:26:00
737,165907,2023-07-21T23:55:00
737,154073,2024-03-03T11:14:00
739,26139,2023-03-27T08:19:00
739,175319,2023-07-26T23:24:00
739,189031,2023-07-21T02:03:00
739,133413,2024-05-28T11:35:00
739,208120,2023-07-01T02:16:00
739,7109,2024-06-07T03:22:00
739,122476,2023-04-09T10:24:00
742,879,2023-07-07T06:49:00
742,7109,2024-10-05T15:04:00
742,132438,2024-06-05T19:16:00
744,156420,2024-10-14T02:51:00
744,144078,2023-09-23T08:37:00
744,7482,2024-11-17T00:16:00
744,129820,2024-03-16T13:08:00
744,163328,2023-03-14T14:26:00
744,107747,2023-09-07T22:14:00
744,7283,2023-03-16T07:22:00
746,187189,2024-11-14T08:42:00
749,145626,2024-03-06T19:37:00
749,143689,2024-03-15T15:25:00
749,110316,2024-06-18T20:48:00
749,127453,2024-01-21T10:59:00
749,68874,2023-09-13T18:20:00
749,2732,2024-12-10T11:12:00
749,171101,2023-03-20T09:51:00
755,130152,2023-03-27T13:00:00
755,7093,2023-12-09T18:46:00
755,127453,2023-10-18T04:01:00
755,134294,2023-05-01T17:53:00
755,98629,2024-01-27T07:49:00
755,5873,2023-01-19T00:03:00
756,84293,2023-09-20T08:44:00
756,201108,2023-02-16T20:39:00
756,178959,2024-03-22T15:56:00
756,6366,2023-04-05T20:53:00
756,129990,2024-09-18T05:18:00
756,193976,2024-06-17T16:57:00
756,160070,2023-06-10T06:57:00
758,25996,2023-11-15T18:58:00
758,146694,2023-03-16T16:21:00
758,3768,2023-02-01T21:41:00
758,121693,2023-08-28T18:07:00
758,186279,2024-04-21T19:39:00
758,187483,2023-01-13T01:53:00
758,66773,2023-12-17T14:11:00
758,179873,2024-07-18T16:16:00
758,2301,2024-03-05T08:10:00
760,1553,2023-05-17T23:42:00
761,158489,2023-09-21T20:35:00
761,204126,2024-02-26T10:04:00
761,103139,2023-04-15T09:44:00
761,141515,2023-02-19T01:32:00
761,203954,2024-04-13T05:32:00
761,146984,2023-01-22T13:25:00
761,154262,2023-03-07T03:54:00
761,851,2023-12-09T02:12:00
763,62999,2024-11-16T22:34:00
763,151447,2023-09-15T00:18:00
763,168334,2023-12-24T06:51:00
763,148994,2023-06-17T11:03:00
763,130792,2023-10-23T18:04:00
763,81142,2023-08-10T06:15:00
763,129532,2024-12-22T07:14:00
763,205982,2024-06-04T21:11:00
764,139909,2024-04-08T23:50:00
764,6469,2024-03-01T23:58:00
764,38061,2024-09-22T20:10:00
765,107658,2023-12-23T18:45:00
766,114642,2024-09-10T10:18:00
766,1543,2024-12-15T03:12:00
766,131009,2023-01-20T09:12:00
766,1484,2023-04-18T06:29:00
766,60133,2023-04-01T07:04:00
766,51455,2024-04-14T04:38:00
766,83056,2024-03-22T05:52:00
766,98629,2023-08-28T15:16:00
766,130213,2023-04-02T15:47:00
766,201414,2023-04-02T05:48:00
768,2496,2024-11-01T18:44:00
768,1263,2023-03-01T21:14:00
768,235,2024-01-06T17:00:00
768,1029,2024-12-08T21:45:00
769,131417,2024-06-12T00:05:00
769,140435,2024-02-28T23:41:00
771,129947,2023-03-23T12:26:00
771,110560,2024-08-02T10:27:00
771,81142,2023-01-11T05:24:00
771,94314,2023-08-11T19:47:00
771,146832,2023-04-20T08:18:00
771,150070,2024-08-20T21:32:00
771,133029,2024-06-13T04:48:00
771,131866,2023-12-17T21:43:00
771,79610,2023-10-16T03:06:00
771,5596,2023-08-16T02:40:00
772,134957,2024-03-18T09:18:00
772,3045,2023-05-14T13:35:00
772,4400,2024-11-23T13:01:00
772,99739,2023-09-06T13:45:00
772,4342,2024-10-03T10:39:00
772,176041,2023-02-09T11:24:00
772,139022,2024-11-03T19:31:00
774,176483,2023-07-28T14:17:00
774,198009,2023-10-20T13:56:00
775,3045,2024-09-16T07:12:00
775,154634,2024-06-14T10:35:00
775,54997,2023-09-05T11:06:00
775,72380,2024-11-14T05:50:00
776,163200,2023-02-16T14:26:00
776,128015,2023-08-20T08:26:00
776,146832,2023-04-22T00:10:00
776,162128,2023-12-11T19:19:00
776,126136,2023-06-16T18:15:00
776,108571,2024-04-03T06:12:00
776,103139,2024-03-14T07:05:00
776,107432,2024-08-22T07:00:00
776,194536,2023-10-25T02:54:00
777,171731,2023-12-08T16:49:00
777,128015,2023-09-11T06:45:00
777,102150,2023-12-28T06:13:00
777,121913,2023-01-11T03:26:00
777,92641,2023-09-27T18:14:00
777,1420,2023-09-23T21:07:00
777,2301,2023-01-16T16:24:00
777,135599,2023-09-03T18:35:00
777,202089,2024-10-04T06:47:00
777,162128,2024-05-16T05:48:00
778,130648,2024-04-26T04:04:00
778,92446,2023-04-07T04:57:00
778,95744,2024-04-15T21:19:00
778,1855,2023-12-09T22:13:00
778,206403,2023-01-14T13:41:00
779,72910,2023-03-05T05:34:00
780,173197,2024-04-11T03:29:00
780,59795,2023-03-25T23:21:00
780,194536,2023-01-16T05:59:00
780,154270,2023-08-04T10:36:00
781,80748,2024-09-07T19:09:00
781,131341,2024-09-17T10:12:00
781,117590,2023-07-11T06:55:00
781,133272,2023-03-11T01:15:00
781,73145,2024-05-26T13:01:00
782,198635,2023-03-09T18:34:00
782,133272,2024-06-08T22:11:00
782,81831,2024-06-23T00:44:00
782,164063,2023-09-03T08:28:00
782,107747,2024-03-23T08:30:00
782,88814,2023-04-21T01:44:00
783,90064,2024-09-01T04:07:00
783,206955,2024-08-10T17:52:00
783,5598,2024-04-07T23:50:00
783,198635,2023-11-13T12:11:00
783,189031,2023-12-15T04:33:00
783,159349,2023-06-14T01:08:00
786,142634,2023-12-24T23:04:00
786,186279,2023-01-17T02:34:00
786,106822,2023-12-15T04:20:00
786,125029,2023-08-20T03:20:00
786,163200,2024-06-24T00:41:00
786,139022,2023-07-05T08:27:00
786,1553,2024-07-26T12:50:00
786,4400,2023-07-01T23:04:00
786,184869,2023-02-25T15:00:00
787,139950,2024-05-08T22:13:00
787,150070,2024-11-16T22:40:00
787,176805,2024-12-07T07:40:00
787,1714,2023-04-06T20:19:00
787,6749,2023-12-13T02:20:00
787,121626,2023-11-03T02:29:00
787,194536,2024-12-24T02:29:00
787,172677,2023-07-12T06:32:00
787,179389,2024-03-27T11:35:00
787,26797,2023-08-12T04:08:00
788,123258,2023-03-26T07:15:00
788,93535,2024-09-11T20:26:00
788,1197,2023-11-12T22:25:00
789,801,2023-09-03T20:16:00
789,180833,2023-12-21T17:32:00
790,4305,2023-06-17T19:41:00
790,153726,2023-08-10T22:11:00
790,50158,2024-07-15T06:56:00
790,104504,2024-07-21T21:26:00
790,129990,2024-01-11T03:00:00
791,4291,2023-11-12T11:37:00
791,153368,2023-04-20T11:28:00
791,4849,2023-06-20T11:31:00
791,207624,2024-10-28T22:01:00
791,122216,2023-03-06T14:17:00
791,98114,2023-10-07T10:04:00
791,162128,2024-01-19T20:40:00
791,1553,2024-05-25T04:56:00
791,190309,2024-08-21T08:50:00
792,163170,2023-05-25T23:14:00
792,129947,2023-11-09T23:44:00
792,7995,2024-07-16T12:22:00
792,90514,2023-06-17T04:58:00
792,205957,2023-04-15T15:42:00
792,181287,2023-07-03T05:15:00
792,851,2023-02-18T14:34:00
792,179873,2024-08-28T06:20:00
792,170555,2024-12-08T08:15:00
793,203441,2024-05-11T02:00:00
793,95744,2023-01-24T19:35:00
793,197747,2023-06-16T16:13:00
794,203222,2023-04-13T11:05:00
795,8694,2023-05-23T23:47:00
795,197007,2023-08-02T08:04:00
795,159235,2023-03-12T18:25:00
795,6903,2023-11-10T10:40:00
795,166171,2024-03-20T16:41:00
795,139950,2023-11-09T00:11:00
796,6139,2024-09-04T22:01:00
796,3113,2023-08-18T00:34:00
796,176041,2023-07-07T12:58:00
796,148106,2023-06-24T09:38:00
796,157897,2023-09-05T09:32:00
798,49817,2023-04-18T15:37:00
798,167296,2024-01-22T21:17:00
798,154270,2023-05-23T07:11:00
798,175767,2023-02-27T01:28:00
798,145586,2023-11-16T08:33:00
798,198635,2023-12-07T13:50:00
798,32625,2023-12-13T10:26:00
798,121693,2024-10-08T19:32:00
798,87915,2024-07-11T22:26:00
799,198009,2024-03-19T11:38:00
799,7109,2023-03-05T19:18:00
799,80748,2024-05-14T11:08:00
799,167296,2023-09-25T11:55:00
800,128886,2024-05-19T01:53:00
802,71936,2024-08-17T04:56:00
802,99243,2024-02-10T22:41:00
802,82055,2023-05-01T09:02:00
803,139978,2024-03-02T21:34:00
803,98695,2023-12-18T13:49:00
803,134053,2024-05-17T03:27:00
803,84293,2024-04-06T01:01:00
803,194694,2024-03-04T02:12:00
803,3449,2023-02-08T04:44:00
803,7107,2023-10-17T23:12:00
806,144212,2024-10-09T04:29:00
806,187611,2024-11-17T13:37:00
806,119208,2023-03-13T16:29:00
806,187039,2023-06-25T23:14:00
806,90537,2023-01-15T06:08:00
806,7208,2023-02-17T01:29:00
806,144914,2023-06-14T05:30:00
806,121194,2024-08-09T18:11:00
807,134294,2023-01-06T00:38:00
808,176397,2023-11-19T11:02:00
808,179707,2024-05-20T21:08:00
808,161262,2024-06-04T08:15:00
808,164685,2024-02-20T07:26:00
808,45581,2023-01-22T00:44:00
808,172185,2023-02-04T04:46:00
808,173227,2024-10-21T05:38:00
808,119155,2024-04-23T18:03:00
808,209171,2023-06-12T13:18:00
808,122441,2024-01-05T17:16:00
809,204684,2024-02-27T13:10:00
809,50158,2023-02-20T16:28:00
809,195369,2023-02-16T15:58:00
809,86343,2024-07-26T10:31:00
809,110316,2023-10-05T11:06:00
809,45642,2024-01-06T05:07:00
810,165253,2024-05-23T15:13:00
810,163545,2023-05-22T06:06:00
810,171093,2023-08-16T06:46:00
810,6391,2024-10-19T06:56:00
810,199319,2023-04-22T21:20:00
811,174689,2023-03-06T18:08:00
811,69830,2024-10-04T16:09:00
811,158400,2023-02-28T10:03:00
811,203435,2024-11-04T17:39:00
811,131118,2024-10-08T02:39:00
811,135599,2024-11-11T05:32:00
811,4664,2024-04-16T01:46:00
813,195519,2024-02-09T05:23:00
813,67894,2024-09-28T21:12:00
814,25996,2023-07-19T01:17:00
814,157182,2023-03-23T18:51:00
816,102972,2023-03-01T16:38:00
816,4291,2023-01-07T03:44:00
816,103614,2023-10-17T04:04:00
816,146090,2023-05-04T04:27:00
816,172783,2024-06-25T23:13:00
816,165763,2023-08-02T08:43:00
816,101938,2024-01-11T06:30:00
816,157897,2024-01-27T02:57:00
817,68242,2024-10-27T17:11:00
817,58432,2023-08-06T03:42:00
819,8123,2024-12-15T11:48:00
819,144212,2024-01-08T20:04:00
820,6795,2023-06-26T12:52:00
820,121731,2023-04-01T00:48:00
820,53468,2023-07-23T02:40:00
820,165871,2023-05-27T09:30:00
820,179023,2024-07-18T22:47:00
820,2263,2024-10-27T12:51:00
820,55577,2023-03-11T02:28:00
820,153740,2023-02-06T12:51:00
820,139505,2023-05-25T10:27:00
821,148755,2023-08-26T12:58:00
821,7986,2024-05-06T22:45:00
823,174621,2023-10-22T02:42:00
823,153897,2024-01-28T04:54:00
824,1835,2024-07-10T13:38:00
827,205168,2024-10-18T22:26:00
827,66506,2023-03-01T04:43:00
827,2666,2024-11-16T19:53:00
827,66295,2024-06-12T00:11:00
827,81142,2024-06-28T01:33:00
829,65780,2024-11-05T17:07:00
830,157182,2023-10-21T12:47:00
830,1376,2024-03-18T16:02:00
830,4375,2024-08-23T09:11:00
830,5086,2023-05-09T06:33:00
830,131460,2024-06-19T18:36:00
834,95744,2024-06-03T06:59:00
834,108936,2023-05-14T06:32:00
836,144478,2024-04-11T01:10:00
836,161852,2024-05-22T13:19:00
836,4849,2023-08-17T05:56:00
836,25996,2023-11-11T20:29:00
837,146090,2023-11-14T11:59:00
837,45030,2024-04-15T14:13:00
837,176393,2024-07-14T08:41:00
837,100838,2024-08-22T22:31:00
838,195263,2023-06-27T19:37:00
838,144998,2024-07-13T14:46:00
838,452,2023-05-12T10:55:00
838,3045,2024-09-03T18:18:00
838,190473,2024-08-07T14:59:00
838,4387,2024-01-24T13:40:00
842,190185,2023-07-24T15:50:00
842,153368,2024-06-02T00:35:00
842,153436,2024-01-16T11:26:00
842,195369,2023-06-27T09:57:00
842,130874,2024-06-23T02:42:00
842,71936,2024-07-02T18:14:00
842,66815,2024-06-15T14:37:00
842,197873,2023-06-08T00:50:00
842,96306,2024-06-24T12:33:00
843,122928,2023-12-17T19:08:00
843,1128,2023-12-23T20:11:00
843,1197,2024-06-07T01:33:00
843,2415,2023-05-11T18:19:00
843,102150,2023-09-01T03:50:00
843,168760,2024-11-01T04:51:00
843,199267,2024-03-10T09:39:00
843,170555,2023-02-11T20:43:00
843,129707,2024-05-12T06:04:00
843,96960,2024-11-01T13:00:00
847,200562,2023-08-02T09:55:00
847,99739,2023-07-20T04:55:00
847,156911,2023-04-10T01:50:00
847,149072,2023-08-05T14:17:00
847,74820,2023-11-05T12:20:00
847,156663,2024-06-13T05:28:00
847,173757,2024-02-11T19:49:00
847,201074,2024-08-09T22:12:00
847,2145,2023-03-10T01:34:00
848,206403,2024-01-06T10:34:00
848,171093,2024-08-07T23:15:00
848,73141,2024-08-08T18:16:00
848,197973,2023-12-22T16:28:00
848,147194,2023-12-09T17:20:00
848,188213,2023-01-07T19:45:00
848,188915,2023-06-21T16:01:00
848,166171,2023-06-20T23:29:00
849,191331,2024-03-05T22:55:00
849,168568,2023-11-04T10:51:00
849,162668,2024-04-18T00:06:00
849,6134,2023-02-16T08:42:00
849,188659,2023-03-20T07:22:00
849,86717,2024-07-05T19:17:00
849,153436,2023-10-11T07:07:00
849,202940,2023-02-28T08:53:00
849,26090,2024-12-05T11:55:00
851,205168,2024-05-17T03:42:00
851,187189,2024-02-24T21:34:00
851,79134,2023-12-02T00:50:00
851,6901,2023-05-03T09:09:00
851,161161,2023-04-07T01:40:00
851,89607,2024-11-07T01:43:00
851,94727,2023-10-25T08:24:00
851,130213,2024-05-17T01:06:00
851,133383,2024-05-16T13:57:00
852,85538,2024-12-06T22:50:00
852,175997,2023-01-14T01:59:00
852,156919,2023-04-27T05:40:00
852,71902,2023-07-19T12:55:00
853,99925,2023-02-23T08:42:00
853,117877,2024-02-27T17:17:00
853,129990,2023-10-15T05:51:00
853,6486,2023-09-05T14:28:00
853,165229,2024-04-20T19:29:00
853,109793,2024-01-23T14:12:00
854,41058,2023-08-26T19:40:00
854,90460,2023-11-14T17:30:00
854,99243,2024-04-02T15:45:00
854,5147,2024-06-20T01:37:00
854,137427,2023-09-09T16:58:00
854,193773,2024-12-18T13:42:00
854,107466,2023-09-04T02:35:00
854,74431,2024-11-16T04:46:00
855,157182,2023-12-23T09:21:00
855,155308,2023-04-26T18:44:00
856,26797,2024-01-06T21:45:00
856,149252,2023-12-22T01:42:00
856,179873,2024-04-14T15:11:00
856,6901,2023-11-08T19:42:00
856,67983,2024-05-11T07:20:00
857,90460,2024-12-19T20:38:00
857,47634,2024-02-24T02:53:00
857,6462,2023-01-01T07:32:00
857,8364,2023-04-21T15:53:00
857,6082,2023-05-22T13:24:00
857,196495,2024-04-22T06:11:00
857,67894,2023-04-15T12:30:00
857,7093,2024-08-21T03:30:00
857,8260,2023-01-17T22:49:00
859,104504,2023-08-09T04:33:00
859,3111,2024-09-14T09:54:00
859,77721,2023-11-13T21:08:00
859,197707,2024-05-07T13:18:00
859,146694,2024-10-18T08:08:00
859,171519,2024-11-20T11:13:00
859,205405,2023-02-24T05:13:00
860,27788,2024-08-10T00:23:00
860,6703,2023-06-09T12:09:00
860,130874,2023-11-03T11:51:00
860,89137,2024-10-18T12:23:00
860,163545,2024-08-23T02:15:00
861,60135,2024-08-20T08:27:00
861,173197,2023-05-14T11:25:00
861,181287,2024-11-24T01:59:00
862,197707,2023-01-16T22:29:00
862,146760,2023-05-21T10:28:00
862,136261,2024-12-20T18:22:00
862,94314,2023-12-16T18:01:00
863,202103,2024-06-01T03:58:00
863,2435,2024-07-05T04:14:00
863,168760,2023-02-05T23:29:00
863,6098,2024-05-02T02:13:00
863,72380,2023-03-25T04:41:00
863,130928,2024-02-06T03:54:00
863,117668,2024-02-25T13:39:00
863,51520,2023-03-06T00:37:00
863,4893,2024-02-09T03:58:00
863,4387,2023-09-18T13:16:00
864,8120,2023-04-07T15:46:00
864,87915,2023-12-03T16:27:00
865,125295,2023-11-25T08:07:00
865,187039,2023-01-07T03:38:00
865,131876,2024-02-14T01:04:00
865,141365,2023-05-26T20:41:00
865,145871,2023-04-11T23:05:00
865,124374,2023-03-20T05:50:00
865,680,2024-06-11T11:10:00
865,149646,2023-04-01T21:25:00
865,98695,2024-09-28T14:05:00
866,155521,2023-06-10T01:59:00
866,123735,2023-10-12T05:02:00
866,1029,2023-07-05T13:16:00
866,182585,2024-06-01T01:54:00
866,27376,2023-11-28T13:11:00
866,89206,2024-08-24T17:45:00
866,131866,2023-07-17T21:25:00
866,139505,2023-11-05T16:49:00
866,180203,2023-06-25T07:47:00
866,4586,2023-04-25T16:08:00
868,6098,2023-10-13T21:17:00
868,38061,2024-06-27T07:10:00
868,281,2023-09-25T22:56:00
868,84989,2024-03-08T12:49:00
868,206955,2024-10-17T23:02:00
869,5544,2024-08-16T05:53:00
869,194254,2023-02-27T01:19:00
869,86781,2024-12-08T01:00:00
869,150070,2023-10-19T17:15:00
871,187553,2023-03-05T21:00:00
871,175983,2023-10-25T12:08:00
871,49817,2024-01-23T13:07:00
871,134260,2023-04-08T20:12:00
871,144906,2023-04-24T13:50:00
872,26002,2023-10-09T09:23:00
873,6067,2024-11-16T14:42:00
873,109203,2024-01-19T18:35:00
873,99906,2024-10-22T23:20:00
873,116489,2023-11-19T15:41:00
873,45642,2023-09-13T06:57:00
873,32139,2023-03-14T23:24:00
873,129990,2023-10-19T15:15:00
873,144212,2024-08-10T18:13:00
873,76277,2024-06-24T16:21:00
873,26317,2023-08-17T10:12:00
875,104243,2023-09-24T17:14:00
875,150974,2024-08-25T08:25:00
875,202089,2024-05-17T20:08:00
875,117668,2024-04-01T05:20:00
875,121350,2023-07-05T12:46:00
876,114396,2023-11-13T03:28:00
876,7079,2024-11-04T18:40:00
876,171519,2023-05-13T07:49:00
876,198009,2023-01-02T00:09:00
877,148994,2023-11-10T16:26:00
879,90460,2023-02-25T00:01:00
879,122928,2023-08-15T07:32:00
880,203441,2023-11-17T14:37:00
880,4002,2023-06-24T21:29:00
880,192401,2024-02-08T04:39:00
880,200148,2023-12-26T00:27:00
880,8748,2024-12-02T22:36:00
880,7025,2024-12-10T22:50:00
880,120234,2024-10-18T12:16:00
880,160122,2023-03-22T00:52:00
880,32625,2024-03-22T07:57:00
881,82055,2024-08-13T21:47:00
881,80748,2023-12-13T17:53:00
881,202940,2023-12-23T02:54:00
881,206955,2023-11-10T21:14:00
881,4397,2024-07-24T04:15:00
881,3587,2023-08-15T20:43:00
881,171909,2023-06-24T18:10:00
881,6896,2023-03-08T19:23:00
881,202103,2024-08-02T12:53:00
882,189031,2023-02-17T17:56:00
882,1526,2023-08-27T14:16:00
882,161262,2023-10-05T23:47:00
882,103614,2024-08-05T13:18:00
884,195185,2024-07-23T07:10:00
884,1415,2023-02-26T10:51:00
884,1709,2023-06-07T08:59:00
884,209171,2023-08-08T15:08:00
884,196303,2023-01-28T12:29:00
884,3106,2024-10-25T13:28:00
884,851,2023-10-11T09:59:00
885,153436,2023-05-05T08:02:00
885,185345,2024-12-05T13:44:00
886,178959,2024-11-16T18:45:00
886,187039,2023-02-10T11:54:00
887,7208,2023-06-06T11:47:00
887,123495,2024-06-25T18:58:00
887,81142,2023-07-24T16:48:00
887,187483,2023-08-17T18:57:00
887,4002,2023-08-17T07:04:00
887,116929,2024-08-19T21:14:00
887,203435,2023-06-14T08:34:00
887,161674,2024-12-11T16:37:00
887,153726,2023-05-18T21:20:00
888,179707,2024-03-25T04:51:00
888,4291,2024-06-21T17:31:00
888,159771,2023-03-03T15:05:00
888,146172,2023-11-20T11:08:00
889,131310,2024-12-06T03:46:00
889,149592,2023-04-10T10:37:00
889,141515,2024-09-28T00:37:00
889,202455,2024-09-05T10:06:00
889,167610,2023-02-19T15:57:00
889,71999,2023-03-13T13:46:00
889,166269,2024-07-27T00:39:00
889,208259,2024-09-25T06:36:00
889,163625,2024-06-19T23:24:00
891,6391,2024-07-12T23:29:00
892,148038,2023-12-10T05:45:00
892,194670,2024-07-06T14:37:00
892,203483,2024-05-14T13:53:00
892,3106,2024-07-23T04:48:00
892,204236,2023-03-07T17:59:00
892,160575,2023-12-25T06:45:00
893,90947,2024-03-06T17:56:00
893,187189,2024-04-05T01:18:00
893,100042,2024-03-15T05:33:00
893,99739,2023-03-03T22:40:00
893,2732,2023-03-27T17:52:00
894,98056,2024-05-08T02:38:00
894,146188,2023-04-12T07:00:00
894,3485,2024-09-24T06:07:00
894,178959,2023-11-20T19:16:00
894,141515,2024-11-05T11:30:00
894,5313,2024-12-02T09:56:00
895,166171,2023-02-04T14:19:00
896,199267,2023-04-25T20:11:00
896,52922,2023-03-27T04:14:00
896,166269,2024-07-02T21:53:00
897,142020,2023-05-24T17:09:00
897,165763,2024-08-07T09:43:00
897,152395,2023-02-09T15:19:00
897,157903,2023-03-22T22:24:00
897,83374,2023-05-26T00:33:00
898,126290,2024-12-04T11:52:00
898,127453,2023-03-19T23:46:00
898,59387,2023-01-22T08:20:00
898,170513,2023-08-11T00:26:00
898,160561,2023-02-11T23:54:00
898,154337,2023-09-14T10:24:00
898,141550,2023-12-01T10:30:00
898,77414,2024-11-04T11:51:00
898,146188,2024-10-21T12:43:00
899,187467,2024-03-03T09:31:00
899,157536,2023-04-08T19:24:00
899,3551,2024-04-28T15:41:00
899,146188,2023-01-10T17:22:00
899,176393,2024-10-19T17:33:00
899,200562,2023-03-20T14:43:00
899,178959,2023-03-07T10:46:00
899,131460,2024-12-03T09:01:00
899,8693,2024-01-19T14:44:00
899,174621,2023-10-03T15:40:00
901,133199,2024-05-18T04:24:00
901,71114,2024-11-12T02:33:00
902,139505,2024-04-09T12:08:00
902,150974,2024-11-24T19:37:00
902,150308,2023-02-25T09:09:00
902,26139,2023-08-17T11:02:00
902,136986,2024-09-28T12:51:00
902,83374,2024-04-19T04:37:00
903,144838,2024-10-19T02:53:00
903,7208,2023-03-25T04:53:00
903,133413,2024-02-27T19:44:00
903,103139,2024-08-13T23:10:00
903,190473,2023-06-27T16:44:00
904,187961,2024-08-17T07:23:00
904,92029,2024-07-18T20:49:00
905,452,2024-03-22T10:07:00
905,116604,2024-07-07T20:59:00
905,122956,2023-09-19T23:22:00
905,8120,2023-09-25T18:27:00
906,3676,2023-06-06T01:36:00
906,2136,2024-02-11T04:59:00
906,6901,2024-01-05T20:39:00
906,6455,2024-02-14T08:48:00
906,105084,2024-10-13T14:41:00
906,73145,2024-06-18T10:21:00
906,65780,2023-02-04T02:46:00
906,84372,2024-04-11T15:00:00
909,102677,2024-10-16T09:29:00
909,188103,2023-08-07T03:59:00
909,99906,2023-06-02T21:31:00
909,96306,2024-10-17T15:21:00
909,117348,2023-11-18T19:35:00
909,144906,2023-01-25T22:56:00
909,123065,2024-05-01T06:27:00
909,196303,2023-08-22T08:26:00
909,1321,2023-02-04T19:10:00
910,154337,2023-06-26T17:26:00
910,202940,2023-07-12T08:17:00
910,150308,2024-01-15T20:52:00
910,73813,2023-01-13T18:26:00
910,107747,2023-11-20T05:04:00
910,178959,2024-03-17T07:24:00
910,4198,2024-10-14T01:18:00
910,148755,2023-05-23T10:12:00
910,107430,2023-12-16T00:33:00
910,195185,2023-10-26T13:34:00
912,117668,2023-10-24T23:44:00
912,185149,2023-03-04T15:30:00
912,145871,2023-07-27T04:08:00
912,6134,2024-09-18T15:49:00
912,174705,2023-05-21T09:03:00
913,182585,2024-04-02T05:26:00
913,117590,2023-07-14T20:39:00
913,81142,2023-07-28T01:31:00
913,190473,2024-07-01T16:20:00
913,8123,2023-11-15T00:18:00
913,8668,2023-01-24T18:53:00
913,61931,2023-02-28T10:09:00
913,72261,2024-01-08T01:19:00
913,96960,2023-05-13T15:09:00
913,169528,2023-12-20T10:25:00
914,4375,2023-12-23T07:52:00
914,203737,2023-03-11T10:22:00
914,171731,2024-01-07T01:38:00
914,80655,2023-11-14T19:56:00
916,112001,2024-10-02T07:09:00
916,175967,2023-08-11T17:10:00
916,59795,2024-10-28T17:26:00
916,157536,2024-02-13T01:38:00
916,171519,2024-05-09T05:09:00
916,95854,2023-03-28T13:43:00
917,193459,2024-10-24T16:25:00
918,155304,2024-06-21T07:42:00
918,204126,2024-11-22T02:25:00
918,158400,2024-05-20T16:26:00
918,7079,2024-08-19T12:16:00
920,206955,2023-11-09T14:54:00
920,200148,2023-06-07T16:42:00
921,26676,2023-06-04T23:26:00
921,43684,2024-12-10T10:52:00
921,169004,2023-04-10T10:25:00
921,6486,2023-09-14T09:25:00
921,150974,2024-12-06T05:06:00
921,194318,2024-06-16T00:07:00
921,134963,2023-10-13T22:29:00
921,198635,2024-11-09T06:29:00
921,171101,2023-09-17T20:15:00
921,113492,2023-06-06T09:26:00
923,146760,2023-05-15T19:54:00
923,1415,2024-04-24T09:53:00
923,7079,2024-02-05T02:37:00
923,125219,2023-11-10T06:21:00
923,131296,2023-03-24T09:48:00
923,149723,2023-02-08T03:30:00
923,138820,2024-08-11T03:07:00
923,123065,2024-12-06T02:58:00
923,149466,2023-06-26T02:46:00
923,86781,2024-01-28T14:13:00
925,100042,2024-03-20T17:36:00
925,2176,2023-08-10T03:07:00
925,154073,2024-07-13T18:07:00
927,189081,2023-12-26T10:14:00
927,197065,2024-06-23T07:34:00
927,80566,2024-12-21T11:45:00
927,126136,2023-05-13T08:55:00
928,122956,2023-03-27T04:25:00
928,179873,2023-06-23T13:50:00
928,131902,2024-01-25T14:04:00
932,203483,2024-07-03T14:30:00
932,117312,2023-03-11T10:55:00
932,187039,2024-02-22T09:17:00
933,8123,2024-10-03T06:12:00
933,60133,2024-03-08T09:39:00
933,161852,2024-07-06T16:01:00
933,179899,2024-04-22T05:01:00
933,165253,2024-05-15T21:16:00
933,145849,2023-03-06T23:04:00
933,204288,2023-08-24T07:54:00
936,7063,2024-04-04T12:48:00
936,6486,2024-04-18T02:49:00
936,104243,2024-01-01T17:31:00
936,152812,2024-06-20T23:48:00
936,80348,2023-07-25T12:58:00
936,4849,2024-07-12T14:17:00
938,1415,2024-08-10T15:55:00
938,72678,2023-10-06T19:27:00
938,2263,2023-03-02T19:02:00
938,194416,2024-12-12T08:31:00
938,801,2024-11-14T07:45:00
939,154073,2023-10-02T02:18:00
939,172235,2024-02-09T22:26:00
939,95854,2023-05-21T18:55:00
939,184991,2024-02-04T04:57:00
939,170695,2024-01-18T02:15:00
939,78941,2024-07-02T01:08:00
939,98114,2023-08-06T15:04:00
939,146832,2023-05-22T10:21:00
939,8855,2023-03-03T04:27:00
939,98695,2024-07-04T23:00:00
941,192637,2023-10-05T21:42:00
941,181391,2024-04-01T01:15:00
941,141279,2024-01-11T09:52:00
941,3242,2024-03-04T09:53:00
943,158441,2024-08-02T01:40:00
943,2207,2024-06-04T12:31:00
943,267,2023-10-24T10:34:00
943,203737,2024-08-20T00:54:00
943,125259,2024-12-24T19:34:00
943,116929,2024-10-05T23:41:00
943,153726,2024-08-13T22:17:00
943,49817,2023-03-23T00:00:00
943,80748,2023-07-16T00:06:00
944,78713,2023-03-19T00:19:00
944,3676,2023-02-19T20:45:00
947,141203,2024-09-05T09:45:00
948,123065,2024-02-26T11:05:00
948,186279,2023-08-24T19:53:00
948,144914,2023-03-18T16:27:00
948,912,2024-01-07T09:23:00
948,132868,2024-05-12T09:50:00
948,154634,2023-11-05T18:07:00
948,175983,2024-09-24T14:42:00
948,120234,2024-03-01T13:59:00
950,151501,2023-12-12T22:31:00
950,190185,2023-05-06T07:59:00
950,680,2023-07-09T07:44:00
950,157897,2024-01-14T07:23:00
950,7763,2023-04-26T23:18:00
951,131341,2024-02-17T03:59:00
952,99677,2023-11-10T21:02:00
952,54997,2024-05-06T17:20:00
952,154067,2024-08-16T08:27:00
952,8260,2023-12-04T06:22:00
953,6293,2024-01-15T04:51:00
953,121277,2024-04-19T14:27:00
953,156280,2024-07-17T18:36:00
954,52922,2024-07-04T14:00:00
954,151145,2023-10-06T05:03:00
954,102677,2023-07-18T22:53:00
954,107747,2024-10-11T16:55:00
954,114818,2023-05-07T18:48:00
954,5313,2023-07-28T03:11:00
954,186661,2024-08-15T18:07:00
957,94531,2024-06-25T14:23:00
957,6232,2023-12-02T22:13:00
957,104243,2023-03-12T18:44:00
957,144914,2024-04-26T06:48:00
957,130213,2023-06-09T23:17:00
957,149723,2023-10-24T05:31:00
958,67927,2023-04-27T10:51:00
958,164167,2024-09-03T17:43:00
958,126134,2023-08-11T02:08:00
958,93455,2024-12-27T23:38:00
958,4893,2024-04-11T21:50:00
958,175997,2023-08-18T14:13:00
959,6232,2024-01-14T00:07:00
959,53468,2024-04-01T22:30:00
959,176805,2023-09-17T22:27:00
959,121693,2024-12-07T06:54:00
959,7109,2023-11-20T02:21:00
959,75962,2023-04-04T05:03:00
959,141357,2024-05-21T10:46:00
959,6803,2023-08-07T07:55:00
959,140435,2023-02-28T16:04:00
959,117312,2023-10-01T22:25:00
961,186511,2023-05-08T16:48:00
961,107432,2024-12-21T14:09:00
961,200818,2024-02-22T21:08:00
961,71936,2024-05-03T19:50:00
961,33928,2024-06-12T14:36:00
961,145106,2023-07-17T14:53:00
961,25977,2024-10-05T19:40:00
962,170143,2023-10-26T15:04:00
962,124374,2024-02-12T01:24:00
962,159626,2023-06-21T10:02:00
962,4893,2023-06-27T00:17:00
963,144838,2023-09-21T09:11:00
963,154067,2024-06-19T13:08:00
963,99739,2024-02-27T11:07:00
963,145586,2023-09-23T05:50:00
963,130213,2023-04-24T05:19:00
963,59387,2023-04-17T11:29:00
963,103614,2023-03-12T02:47:00
963,86343,2024-11-16T06:04:00
965,160122,2024-05-27T02:49:00
965,47894,2023-11-02T23:14:00
965,197007,2024-02-24T03:58:00
965,72628,2024-10-18T03:29:00
965,188551,2023-03-13T18:57:00
965,150070,2023-06-09T06:37:00
965,107466,2024-08-16T20:29:00
965,861,2023-08-09T18:15:00
965,203954,2024-05-11T16:45:00
965,100042,2023-10-14T21:59:00
967,121913,2024-10-20T16:21:00
967,75962,2024-12-11T22:01:00
967,126290,2023-09-08T14:58:00
967,134963,2024-02-16T16:24:00
967,151501,2024-08-18T06:44:00
967,165907,2024-08-07T19:43:00
967,3551,2023-11-06T23:27:00
967,80655,2023-07-27T19:32:00
967,192637,2023-10-01T06:48:00
969,153726,2023-09-28T22:13:00
969,129445,2023-02-12T21:51:00
969,116487,2024-04-02T08:52:00
969,158711,2023-09-09T22:41:00
969,204126,2023-04-04T07:26:00
969,199886,2024-05-09T22:44:00
969,8855,2024-06-14T08:35:00
971,116489,2024-04-04T11:24:00
972,130928,2024-04-17T04:15:00
972,173265,2024-07-19T20:38:00
972,157182,2023-12-26T00:50:00
972,112001,2023-08-03T18:34:00
972,7109,2023-12-02T11:23:00
973,188551,2024-11-28T05:28:00
973,26119,2024-02-15T03:30:00
973,121300,2023-03-24T21:15:00
973,1543,2024-02-25T20:57:00
973,134963,2023-09-17T22:13:00
973,176397,2023-11-19T22:13:00
973,208259,2023-02-24T09:19:00
973,52922,2023-04-16T17:41:00
974,121693,2024-09-03T01:39:00
975,86802,2023-08-23T21:55:00
975,1740,2023-04-13T10:01:00
975,180911,2023-11-20T23:22:00
975,150334,2024-07-06T04:27:00
975,209171,2024-11-24T05:44:00
975,3647,2024-04-25T01:25:00
975,6082,2024-04-15T11:54:00
975,281,2023-05-28T16:25:00
975,113585,2023-06-06T23:49:00
979,59426,2024-02-16T11:29:00
979,154634,2023-04-06T04:43:00
979,3170,2024-06-01T19:58:00
979,187039,2024-08-07T16:42:00
980,170555,2024-03-24T23:11:00
980,175619,2023-09-28T19:32:00
980,31664,2023-06-01T05:42:00
980,45581,2024-12-18T09:40:00
980,121194,2023-06-04T01:45:00
980,71114,2023-12-26T11:12:00
980,6896,2024-01-07T10:20:00
980,107432,2023-10-07T05:23:00
980,4375,2023-05-05T06:02:00
980,140894,2023-04-04T20:04:00
983,4615,2024-07-21T19:34:00
983,52938,2024-03-20T15:17:00
983,138124,2023-09-24T13:59:00
983,136846,2023-03-17T19:10:00
983,175997,2024-11-17T07:10:00
983,131296,2023-12-26T22:14:00
983,1263,2024-05-24T02:42:00
983,144552,2023-12-04T00:05:00
983,170513,2024-07-16T15:01:00
983,83664,2024-08-07T06:11:00
984,175619,2023-11-11T02:40:00
984,78585,2024-11-18T10:47:00
984,144838,2024-05-21T10:51:00
984,66295,2023-12-05T04:08:00
984,203441,2023-06-02T21:31:00
984,144998,2024-12-17T09:00:00
986,71114,2024-04-07T12:33:00
986,45030,2023-01-24T19:26:00
987,150070,2024-10-26T08:58:00
987,110316,2023-03-04T14:33:00
987,4586,2024-03-03T04:15:00
987,33424,2023-01-03T18:52:00
987,114172,2023-05-02T17:11:00
988,129532,2024-03-10T01:28:00
988,149466,2023-02-11T07:32:00
988,5596,2023-04-08T06:59:00
988,5549,2024-03-06T21:29:00
988,151082,2023-04-26T02:19:00
988,164927,2023-01-27T23:35:00
988,92446,2024-07-27T15:48:00
988,187829,2023-04-12T13:46:00
988,178349,2024-01-26T00:38:00
989,194416,2024-07-02T20:44:00
989,195185,2024-01-01T01:03:00
989,5612,2023-10-12T16:40:00
989,199319,2024-12-19T04:58:00
989,5596,2023-10-17T08:14:00
989,148634,2024-10-25T21:45:00
990,42602,2023-07-24T17:10:00
990,62237,2024-07-27T04:19:00
990,189035,2024-10-04T17:39:00
990,107658,2024-08-08T22:41:00
990,116487,2023-10-20T13:22:00
990,169528,2024-01-15T16:29:00
990,203483,2023-09-27T03:42:00
990,139978,2023-06-01T06:09:00
990,4001,2024-03-21T23:15:00
992,145849,2023-08-06T13:15:00
992,146694,2023-07-15T23:49:00
992,187879,2024-03-08T06:53:00
992,49817,2024-01-11T19:56:00
992,141357,2024-06-24T21:54:00
992,144770,2024-02-12T05:14:00
992,143689,2023-02-19T08:14:00
992,132438,2023-03-14T10:40:00
993,158711,2024-02-25T12:47:00
993,135856,2023-01-06T10:02:00
993,148038,2024-11-01T10:49:00
993,26090,2023-12-11T10:35:00
993,110560,2024-01-24T22:39:00
993,1543,2023-06-06T15:48:00
993,67983,2023-05-05T03:43:00
993,147194,2023-10-28T10:25:00
993,80566,2023-06-02T23:51:00
993,117312,2024-03-26T02:12:00
998,180575,2023-01-02T21:08:00
998,82055,2024-04-25T17:20:00
998,5278,2023-08-15T06:04:00
998,1420,2024-12-26T23:25:00
998,44255,2024-08-02T17:17:00
1000,39896,2024-01-15T12:49:00
1000,171731,2024-04-22T19:10:00
1000,89137,2024-01-08T08:47:00
1001,3242,2023-09-19T04:48:00
1001,132438,2024-10-04T01:29:00
1001,67929,2023-11-15T16:37:00
1001,160575,2023-10-22T07:29:00
1001,186511,2024-03-16T15:51:00
1001,3170,2023-12-10T06:53:00
1001,2666,2024-06-13T08:38:00
1001,123816,2023-06-13T03:18:00
1001,59974,2023-01-05T12:49:00
1001,144212,2023-04-28T16:51:00
1002,6098,2023-09-25T17:56:00
1002,7995,2024-10-22T05:31:00
1002,81413,2023-01-14T11:55:00
1002,140894,2023-02-11T04:05:00
1002,72910,2023-03-20T22:02:00
1002,123258,2023-10-20T05:30:00
1002,133541,2024-01-27T22:20:00
1002,117590,2023-03-11T21:37:00
1003,148184,2024-08-22T07:20:00
1003,51402,2023-08-09T13:09:00
1003,123495,2024-03-05T20:12:00
1003,169154,2023-10-23T02:57:00
1003,26470,2023-03-26T12:08:00
1003,33251,2023-07-02T13:55:00
1003,128439,2024-04-26T22:41:00
1003,95744,2023-11-24T01:34:00
1004,117348,2024-09-22T00:59:00
1004,80655,2023-12-14T18:23:00
1004,139909,2023-07-10T12:16:00
1007,174621,2023-08-18T15:08:00
1007,5799,2023-09-06T16:12:00
1008,1163,2024-08-19T04:18:00
1008,197987,2023-01-22T11:21:00
1008,1796,2023-01-08T16:29:00
1008,159775,2023-09-22T01:34:00
1008,136180,2023-05-07T21:54:00
1008,180199,2024-01-06T00:46:00
1010,194026,2024-04-14T19:46:00
1010,188551,2023-05-19T10:23:00
1010,79134,2024-06-06T09:13:00
1010,6134,2023-09-04T18:09:00
1010,191293,2023-01-24T15:01:00
1010,86343,2023-05-12T20:04:00
1010,3449,2023-08-21T21:38:00
1010,166389,2024-06-26T10:59:00
1012,148634,2023-07-05T10:26:00
1012,3488,2023-04-02T01:24:00
1012,204584,2023-09-22T22:17:00
1012,121277,2023-06-21T00:39:00
1012,3587,2023-02-03T15:47:00
1012,127494,2024-03-08T07:59:00
1012,3380,2023-06-27T13:37:00
1012,92029,2024-03-20T21:37:00
1013,144998,2024-01-27T17:43:00
1013,173265,2024-03-08T13:06:00
1013,4305,2023-04-11T13:16:00
1013,135599,2023-05-07T12:27:00
1013,5147,2023-06-15T12:33:00
1013,204684,2023-12-11T04:25:00
1013,202697,2023-01-07T20:56:00
1013,79610,2023-09-18T23:51:00
1013,106822,2024-08-20T11:17:00
1015,184981,2023-01-01T20:27:00
1015,116927,2024-04-12T07:41:00
1015,75962,2024-04-04T06:31:00
1015,38061,2023-06-11T03:55:00
1015,4375,2024-03-06T13:50:00
1015,2207,2024-02-16T14:05:00
1016,26641,2023-10-28T07:39:00
1016,6903,2023-10-26T11:48:00
1016,26317,2023-07-12T07:28:00
1016,99677,2024-09-04T15:20:00
1016,134214,2024-07-23T20:57:00
1017,4342,2023-02-27T09:32:00
1017,26470,2024-04-14T12:57:00
1017,129947,2024-06-24T17:41:00
1017,195185,2023-06-03T23:50:00
1017,48501,2024-04-12T21:07:00
1017,190309,2024-11-16T17:39:00
1017,146188,2023-01-09T17:32:00
1017,47404,2024-05-21T18:22:00
1017,175235,2023-01-17T19:50:00
1018,158350,2024-03-13T22:53:00
1018,67983,2024-10-10T11:41:00
1018,1709,2024-12-28T11:39:00
1018,175967,2023-12-06T21:42:00
1018,133751,2023-08-07T20:27:00
1018,6227,2024-08-07T04:01:00
1018,2207,2024-08-05T01:54:00
1018,149592,2023-05-16T13:52:00
1018,5214,2023-04-12T05:51:00
1020,100042,2024-06-17T04:30:00
1020,179023,2023-03-28T20:24:00
1020,137427,2023-03-13T14:13:00
1020,160792,2023-12-15T20:59:00
1021,55691,2023-01-09T16:17:00
1021,66686,2023-08-02T10:54:00
1021,69830,2024-07-23T15:13:00
1021,187483,2023-03-02T03:15:00
1021,630,2023-04-26T10:03:00
1021,25764,2024-02-03T21:35:00
1021,160070,2024-05-03T15:59:00
1021,105470,2024-07-25T02:23:00
1021,145871,2024-02-23T09:28:00
1021,5537,2023-05-04T09:14:00
1023,77414,2023-03-01T00:53:00
1024,142170,2024-10-01T19:10:00
1024,3449,2023-11-26T08:45:00
1024,72910,2023-10-21T22:33:00
1024,201656,2024-04-07T16:40:00
1026,26169,2024-09-26T09:21:00
1026,88682,2023-03-23T18:04:00
1026,1420,2023-08-05T15:55:00
1026,84989,2023-01-19T00:35:00
1026,165051,2024-12-22T23:57:00
1028,125295,2024-01-17T17:38:00
1028,117644,2023-02-26T08:33:00
1029,40226,2024-01-11T05:40:00
1029,1526,2023-09-05T17:23:00
1029,34469,2023-02-12T19:54:00
1030,1030,2024-07-14T08:03:00
1030,188103,2023-02-02T20:04:00
1030,139022,2023-08-24T05:00:00
1032,121626,2024-12-06T23:47:00
1032,198009,2024-01-01T11:07:00
1032,154984,2024-01-09T23:21:00
1032,77721,2023-08-24T12:51:00
1032,201414,2024-08-27T15:35:00
1032,2618,2023-12-17T21:44:00
1032,7063,2024-07-06T16:28:00
1032,160792,2024-02-02T03:30:00
1032,148212,2024-05-17T14:11:00
1032,168184,2024-06-03T06:15:00
1033,81564,2024-04-02T03:21:00
1033,122741,2024-04-23T20:58:00
1033,180911,2023-03-23T11:32:00
1033,88814,2023-07-25T09:47:00
1033,201176,2024-12-11T01:44:00
1034,171093,2023-03-04T15:14:00
1034,76277,2024-12-10T00:42:00
1034,84372,2023-01-01T13:07:00
1034,3676,2023-01-25T23:08:00
1034,81142,2024-07-19T01:17:00
1034,198009,2023-10-01T17:58:00
1034,71999,2024-07-10T10:03:00
1034,34469,2024-09-17T20:49:00
1034,59387,2023-03-27T12:16:00
1035,194,2024-10-01T22:10:00
1035,99739,2024-09-24T15:52:00
1036,104243,2023-11-01T19:09:00
1036,90514,2024-04-25T08:39:00
1036,3677,2024-05-27T13:09:00
1036,55577,2024-08-05T08:58:00
1036,86802,2023-10-15T19:01:00
1036,77,2023-04-10T12:01:00
1036,134214,2023-06-14T22:21:00
1036,105144,2023-01-23T20:25:00
1036,2301,2023-12-01T01:36:00
1036,163625,2024-04-14T21:50:00
1037,156280,2024-09-08T11:42:00
1038,42053,2023-04-25T09:25:00
1038,6073,2023-03-04T02:16:00
1038,26464,2023-10-17T08:06:00
1038,143547,2024-12-28T14:12:00
1038,61931,2024-02-16T11:20:00
1038,121194,2024-10-03T20:01:00
1040,202950,2024-06-07T21:56:00
1040,132022,2023-09-28T13:39:00
1040,178821,2023-01-05T02:11:00
1040,139950,2024-08-11T17:56:00
1040,2435,2023-02-26T19:00:00
1040,5147,2024-08-28T15:59:00
1040,90064,2023-03-08T10:15:00
1042,2145,2024-07-10T07:14:00
1042,133413,2024-08-12T06:29:00
1042,114172,2023-06-15T13:47:00
1042,2732,2023-12-04T12:18:00
1042,171421,2024-02-20T00:09:00
1042,148062,2024-12-02T22:42:00
1042,115784,2024-08-18T20:47:00
1042,162668,2023-11-04T19:50:00
1042,148118,2024-08-01T03:41:00
1043,3111,2023-01-02T21:20:00
1043,86781,2023-04-02T13:31:00
1043,47634,2024-02-02T11:53:00
1043,7109,2023-05-19T21:31:00
1043,73145,2023-09-22T04:23:00
1043,133712,2023-07-16T12:29:00
1043,5799,2023-06-09T18:29:00
1043,51520,2024-10-12T16:31:00
1043,173713,2023-11-26T01:56:00
1043,8459,2024-06-23T09:35:00
1044,90537,2024-08-05T17:46:00
1044,90064,2024-07-09T11:40:00
1044,92029,2023-10-05T19:47:00
1044,187553,2024-10-16T10:41:00
1044,26090,2024-02-06T03:06:00
1046,159235,2024-02-25T18:16:00
1046,6469,2024-02-12T06:31:00
1046,132438,2024-09-23T11:06:00
1048,42602,2023-04-13T05:58:00
1049,90064,2023-01-20T14:06:00
1049,131417,2024-03-22T18:59:00
1049,160070,2024-06-28T10:57:00
1049,181287,2023-08-03T03:21:00
1049,145586,2024-11-26T14:45:00
1050,171909,2024-03-12T17:47:00
1050,55577,2024-12-21T10:55:00
1050,194070,2024-12-25T02:51:00
1051,123391,2024-02-07T14:51:00
1051,59426,2024-08-19T16:23:00
1051,162668,2023-09-15T23:02:00
1051,164616,2023-04-09T06:03:00
1052,143689,2024-12-15T17:35:00
1052,147198,2023-01-13T17:26:00
1052,175147,2024-01-10T17:59:00
1052,124881,2024-05-07T04:25:00
1052,107747,2023-01-01T21:48:00
1052,67894,2024-10-11T18:46:00
1052,153726,2023-02-06T03:05:00
1056,109203,2023-07-07T07:51:00
1056,156280,2024-12-20T07:17:00
1056,5313,2023-05-14T04:33:00
1056,8374,2023-09-26T13:25:00
1056,100017,2024-12-04T13:34:00
1056,104843,2024-01-25T05:18:00
1057,114172,2023-11-15T23:50:00
1057,134053,2023-10-06T23:51:00
1057,104243,2023-02-26T04:46:00
1057,200604,2024-01-23T17:03:00
1057,6803,2024-04-03T21:33:00
1057,196533,2024-07-22T01:29:00
1057,185579,2024-05-15T01:42:00
1058,5596,2024-12-28T02:34:00
1058,176843,2024-07-23T10:35:00
1058,26738,2024-05-14T07:10:00
1058,203441,2023-09-04T09:52:00
1058,1128,2024-01-06T23:50:00
1058,47894,2024-01-08T01:52:00
1058,121194,2024-04-04T12:57:00
1058,71114,2024-06-14T04:34:00
1059,181229,2024-08-20T19:08:00
1059,93535,2023-12-07T00:57:00
1059,175319,2023-10-16T16:53:00
1060,179899,2024-12-17T00:05:00
1060,90947,2023-07-18T08:29:00
1060,8693,2023-05-11T20:21:00
1060,5873,2023-06-26T12:54:00
1060,86635,2023-05-20T10:41:00
1060,162128,2024-05-25T15:30:00
1062,124829,2024-10-23T01:07:00
1062,71114,2024-05-16T00:10:00
1063,86717,2024-03-07T00:11:00
1063,72261,2023-06-05T04:51:00
1063,61931,2024-02-23T23:38:00
1063,189791,2024-11-01T14:28:00
1063,26797,2024-12-06T09:30:00
1068,118788,2024-06-05T21:44:00
1068,130928,2024-11-25T17:38:00
1068,26119,2023-07-26T19:56:00
1068,52938,2024-03-15T15:40:00
1068,102248,2024-02-21T22:07:00
1068,8855,2023-12-09T19:07:00
1068,6073,2023-12-01T18:37:00
1068,197065,2023-05-13T04:51:00
1069,146090,2023-02-19T07:48:00
1069,70571,2023-11-27T15:57:00
1069,2820,2024-09-07T09:53:00
1069,168216,2024-09-19T23:45:00
1069,105446,2023-05-25T08:53:00
1071,121847,2024-11-28T11:02:00
1071,199886,2023-05-27T15:39:00
1071,5612,2024-01-08T07:36:00
1073,4366,2023-02-16T05:47:00
1073,112001,2023-11-02T03:18:00
1073,202089,2024-12-04T14:58:00
1075,79610,2023-12-05T15:15:00
1075,160187,2024-08-01T20:52:00
1076,184869,2024-06-07T15:49:00
1076,151082,2024-07-11T17:16:00
1076,45642,2024-10-25T03:16:00
1076,196533,2023-06-27T23:07:00
1078,98695,2023-01-23T12:27:00
1078,90907,2024-04-25T19:20:00
1080,1714,2023-02-18T15:14:00
1080,912,2023-07-10T08:36:00
1080,197707,2024-09-11T08:07:00
1080,160792,2024-07-24T03:02:00
1080,3488,2023-10-28T14:42:00
1080,169740,2023-12-23T05:13:00
1080,194416,2023-02-02T01:04:00
1080,3560,2024-12-11T15:43:00
1081,175967,2024-05-25T17:00:00
1081,115903,2023-02-28T20:09:00
1081,7122,2023-07-15T03:21:00
1081,8668,2023-02-15T23:15:00
1082,4001,2023-08-12T16:27:00
1082,3473,2024-10-21T11:40:00
1082,116489,2024-11-05T00:43:00
1082,4586,2023-01-04T00:52:00
1082,6391,2023-06-08T00:12:00
1082,2820,2023-02-08T09:07:00
1082,121300,2023-05-19T05:38:00
1083,122657,2023-07-09T20:12:00
1083,90064,2024-01-07T01:42:00
1083,160545,2024-06-06T15:53:00
1083,7283,2024-12-14T04:16:00
1085,168214,2023-12-19T09:57:00
1085,7482,2023-01-04T21:07:00
1086,159349,2024-03-14T18:20:00
1086,131421,2023-06-20T04:54:00
1086,125636,2023-05-05T19:03:00
1086,72678,2024-11-06T12:28:00
1086,49817,2024-03-15T02:53:00
1086,74327,2024-05-22T02:07:00
1086,129820,2023-08-12T14:47:00
1086,151082,2024-12-14T02:45:00
1086,163084,2024-12-05T05:51:00
1086,5598,2023-04-01T15:37:00
1088,154984,2023-07-15T02:39:00
1088,180911,2024-04-20T22:45:00
1088,170555,2024-03-04T15:07:00
1088,187467,2023-09-19T22:21:00
1088,174739,2024-05-25T06:43:00
1088,133712,2023-12-24T19:18:00
1088,175967,2024-11-28T12:30:00
1088,128015,2023-07-06T00:44:00
1090,168184,2023-02-02T11:39:00
1090,59426,2023-03-16T00:44:00
1090,163084,2024-04-28T15:14:00
1090,127494,2024-03-10T11:11:00
1090,158711,2024-10-18T18:21:00
1090,81142,2023-09-24T08:01:00
1090,190473,2023-07-23T00:20:00
1090,99925,2024-07-28T04:08:00
1090,122956,2023-05-22T02:02:00
1091,197987,2024-03-10T18:22:00
1091,202950,2023-12-21T09:31:00
1091,1543,2023-11-14T15:53:00
1091,205982,2023-09-20T16:09:00
1091,174689,2023-12-24T10:23:00
1091,630,2023-10-20T20:29:00
1091,115779,2023-03-20T11:48:00
1091,47404,2023-06-16T06:57:00
1091,89137,2023-06-07T08:18:00
1091,200740,2024-12-13T10:28:00
1092,99677,2024-10-11T05:43:00
1092,149354,2024-12-01T05:35:00
1093,8260,2024-12-21T22:11:00
1093,82055,2024-02-03T04:13:00
1093,163200,2024-09-24T01:18:00
1093,2732,2024-12-18T22:07:00
1093,32625,2023-02-01T15:04:00
1093,32196,2023-02-22T08:43:00
1093,7281,2024-10-01T16:23:00
1093,201074,2024-09-19T12:42:00
1094,6803,2023-09-28T09:53:00
1094,5487,2024-05-28T01:55:00
1094,166269,2024-04-03T05:58:00
1094,135856,2024-09-13T11:55:00
1094,131788,2023-07-18T05:00:00
1096,83374,2024-11-14T06:21:00
1096,132438,2024-01-24T18:25:00
1096,4620,2024-02-02T13:01:00
1097,180199,2024-11-17T18:44:00
1097,452,2024-07-15T08:07:00
1097,169528,2023-08-03T15:20:00
1098,122476,2024-04-18T04:13:00
1099,164616,2023-10-10T16:07:00
1099,130874,2023-09-20T11:40:00
1099,67929,2023-06-15T19:11:00
1099,172235,2023-08-06T16:33:00
1099,133443,2024-04-14T14:13:00
1099,66785,2024-03-21T05:12:00
1099,33251,2023-06-11T19:32:00
1099,198635,2023-09-04T02:50:00
1099,4586,2024-01-14T09:59:00
1100,3113,2023-05-03T03:44:00
1100,74431,2023-08-28T05:41:00
1100,110763,2024-04-08T01:12:00
1100,115784,2024-10-03T22:18:00
1100,92968,2024-09-19T15:58:00
1100,96807,2023-11-23T07:11:00
1100,115779,2023-11-08T06:31:00
1100,208259,2023-06-22T07:34:00
1100,144552,2023-07-22T21:12:00
1101,72380,2024-04-18T19:59:00
1101,202940,2024-07-28T16:32:00
1101,80097,2024-12-12T02:54:00
1101,8459,2024-06-09T11:32:00
1101,208120,2024-01-26T14:38:00
1102,168334,2023-09-23T05:20:00
1102,107747,2023-09-09T20:08:00
1102,178959,2024-09-02T14:51:00
1102,52938,2024-05-25T13:33:00
1102,175319,2023-09-04T14:39:00
1102,92756,2023-09-19T06:33:00
1102,62999,2023-09-08T20:10:00
1103,95854,2024-08-04T15:02:00
1103,33251,2024-06-28T05:04:00
1103,173757,2023-08-10T09:49:00
1104,60133,2024-02-01T19:54:00
1105,139505,2023-12-16T15:58:00
1105,55691,2024-05-12T23:08:00
1105,164495,2024-07-06T23:51:00
1105,168400,2024-10-04T11:59:00
1105,146694,2023-07-07T09:55:00
1105,135856,2023-01-16T10:47:00
1105,162152,2024-06-12T11:11:00
1106,173265,2023-11-12T05:25:00
1106,92641,2024-10-24T05:02:00
1106,199988,2024-04-06T10:50:00
1107,47634,2024-03-13T08:05:00
1107,2493,2023-06-27T06:11:00
1107,146694,2023-06-26T06:10:00
1107,101938,2023-04-22T12:27:00
1107,114172,2023-02-24T12:07:00
1107,107432,2024-01-23T12:43:00
1107,86343,2023-03-15T17:58:00
1107,4002,2023-06-25T02:04:00
1107,8695,2024-05-08T22:23:00
1108,1420,2024-12-13T02:28:00
1108,5596,2024-03-14T00:34:00
1108,151641,2023-03-13T21:04:00
1108,3551,2024-02-06T06:03:00
1108,6722,2023-05-27T00:51:00
1108,6232,2024-04-10T17:44:00
1109,168216,2023-07-10T21:17:00
1109,133712,2024-08-16T20:12:00
1109,142895,2023-11-02T10:10:00
1109,100042,2023-12-02T22:52:00
1110,72678,2023-09-02T06:24:00
1110,80566,2024-06-07T15:11:00
1111,181229,2024-06-14T04:29:00
1111,156280,2023-10-14T05:24:00
1111,26181,2024-05-09T19:46:00
1111,159775,2023-06-19T13:35:00
1115,3560,2023-07-10T05:21:00
1115,102150,2024-04-02T21:54:00
1115,123816,2023-03-04T08:18:00
1115,62237,2024-03-24T07:14:00
1115,94727,2023-10-21T21:11:00
1116,88452,2023-11-24T06:10:00
1116,154142,2023-05-10T00:28:00
1116,161262,2023-09-21T07:10:00
1116,53849,2023-01-07T07:30:00
1116,124881,2023-01-02T15:21:00
1116,5807,2023-04-26T15:15:00
1116,109241,2024-01-17T03:27:00
1116,194456,2024-10-25T21:28:00
1116,204288,2023-03-16T10:20:00
1121,122956,2024-09-25T09:58:00
1121,150334,2023-10-18T22:02:00
1121,110316,2023-09-06T20:28:00
1122,180555,2023-11-26T14:03:00
1122,140058,2023-11-16T16:38:00
1122,154019,2023-06-25T06:55:00
1122,86802,2023-07-25T18:19:00
1122,131417,2024-06-13T10:15:00
1122,68915,2023-07-18T14:14:00
1122,3551,2024-11-08T17:52:00
1123,105144,2023-11-06T03:41:00
1123,89549,2023-10-13T10:18:00
1123,89137,2024-04-19T02:19:00
1123,115779,2023-01-08T15:58:00
1123,160561,2024-03-16T04:07:00
1123,124374,2023-06-11T13:56:00
1123,146984,2023-10-13T00:51:00
1123,26738,2024-11-22T19:59:00
1123,197065,2023-06-20T10:02:00
1123,879,2024-04-24T16:47:00
1125,27018,2023-05-14T23:44:00
1125,133199,2023-03-28T04:55:00
1125,851,2023-03-03T05:24:00
1125,180199,2024-06-08T18:54:00
1125,105144,2024-12-10T14:15:00
1125,7283,2024-02-17T22:21:00
1125,147952,2023-05-01T17:04:00
1125,169528,2024-04-01T09:33:00
1125,26676,2023-05-20T00:26:00
1125,131866,2024-05-19T14:39:00
1126,134615,2023-11-20T14:39:00
1126,163200,2023-09-10T21:56:00
1126,204584,2024-08-09T05:28:00
1126,121277,2024-10-26T21:23:00
1126,189687,2023-06-23T22:26:00
1126,99243,2024-05-02T17:28:00
1126,1835,2024-10-01T14:25:00
1126,5313,2024-01-06T10:31:00
1127,112204,2024-08-14T17:11:00
1127,184981,2023-11-08T06:27:00
1128,68242,2023-11-23T02:25:00
1128,173065,2024-05-26T17:31:00
1128,89137,2023-08-18T04:40:00
1128,6366,2023-02-09T04:36:00
1128,4387,2023-01-03T03:53:00
1129,173265,2023-03-12T22:50:00
1131,205120,2023-01-24T10:09:00
1131,204928,2023-05-08T03:50:00
1131,193773,2024-03-12T09:22:00
1131,5873,2024-11-10T03:51:00
1132,8374,2024-09-01T07:53:00
1132,165253,2024-04-20T02:12:00
1132,118470,2024-04-03T02:59:00
1132,7763,2024-05-24T05:50:00
1132,68833,2023-03-04T04:39:00
1132,32625,2023-02-16T20:37:00
1132,180651,2023-10-20T05:37:00
1134,4917,2024-02-06T15:46:00
1134,57357,2023-12-19T00:34:00
1134,184851,2023-02-05T02:18:00
1134,4615,2024-03-25T15:06:00
1134,92894,2023-02-05T06:37:00
1136,144212,2023-10-25T16:52:00
1136,7763,2024-10-07T01:08:00
1136,176393,2023-08-16T04:32:00
1136,99996,2024-10-15T05:36:00
1136,155705,2023-09-28T17:04:00
1136,59974,2024-02-22T00:59:00
1137,139909,2023-10-21T17:21:00
1137,132868,2023-10-13T08:13:00
1138,151641,2024-01-12T03:08:00
1138,965,2023-07-17T12:18:00
1138,154984,2024-07-20T00:19:00
1138,6451,2023-07-04T18:29:00
1139,48043,2024-05-17T22:45:00
1139,143689,2023-02-28T13:22:00
1139,53849,2023-01-26T23:16:00
1141,123495,2024-12-10T02:32:00
1141,145586,2023-10-13T20:05:00
1141,146832,2023-04-09T23:44:00
1141,109241,2023-12-25T23:38:00
1141,121827,2023-07-09T14:22:00
1141,3768,2024-08-19T05:04:00
1144,147952,2024-01-05T15:09:00
1144,153897,2023-12-18T00:39:00
1144,7281,2023-09-20T18:59:00
1144,130213,2023-12-19T13:32:00
1144,158320,2024-08-16T16:54:00
1144,189035,2024-03-10T13:30:00
1144,159771,2023-01-12T07:40:00
1144,205957,2023-10-20T12:03:00
1145,188915,2023-03-08T17:26:00
1145,58432,2024-02-03T04:21:00
1145,151447,2024-01-01T09:39:00
1145,38061,2023-10-28T10:06:00
1146,138428,2023-01-15T12:17:00
1146,114818,2023-11-17T17:41:00
1146,89607,2023-12-28T13:04:00
1146,170513,2023-03-04T16:51:00
1146,164927,2024-04-24T12:05:00
1146,121350,2023-10-02T17:33:00
1146,150070,2023-09-08T16:37:00
1146,104243,2023-07-19T01:15:00
1146,99906,2023-07-16T13:26:00
1148,186661,2023-11-13T15:07:00
1148,125295,2023-05-09T19:08:00
1148,95854,2023-06-26T09:04:00
1148,176393,2023-06-04T20:52:00
1148,194026,2024-10-22T00:09:00
1148,128015,2023-06-05T04:21:00
1149,186279,2024-06-20T21:02:00
1149,187467,2024-04-10T12:30:00
1149,184851,2023-05-19T05:50:00
1149,89607,2023-04-26T01:33:00
1149,2820,2024-07-21T13:53:00
1150,7995,2023-11-23T03:41:00
1150,182849,2023-01-06T08:51:00
1150,57357,2023-04-22T11:19:00
1150,67929,2023-01-12T03:58:00
1150,105084,2023-06-05T12:47:00
1150,121693,2024-01-08T17:28:00
1151,154796,2023-07-09T23:01:00
1151,110316,2024-10-23T18:38:00
1151,160070,2023-07-10T05:14:00
1152,5598,2023-10-22T05:31:00
1152,92894,2024-12-07T07:27:00
1152,186279,2024-08-04T10:37:00
1152,149104,2024-11-26T18:57:00
1152,104504,2024-03-14T01:18:00
1152,74431,2024-08-25T04:43:00
1152,118470,2024-02-17T18:12:00
1154,69521,2023-06-08T09:57:00
1154,74327,2023-04-06T12:39:00
1154,77,2023-10-10T22:52:00
1154,131902,2023-10-24T08:05:00
1154,105084,2024-06-10T00:07:00
1154,6749,2024-12-03T11:59:00
1154,72678,2023-06-16T01:47:00
1154,26704,2024-12-28T15:02:00
1154,1029,2024-11-18T02:26:00
1154,96110,2024-08-20T22:53:00
1155,8123,2024-01-11T03:05:00
1155,4620,2024-05-16T16:25:00
1155,135599,2024-06-06T11:33:00
1158,171421,2024-07-19T08:05:00
1158,203483,2023-07-24T23:16:00
1158,8748,2024-11-11T18:08:00
1158,117668,2024-08-14T15:16:00
1158,123246,2023-07-03T14:02:00
1158,165329,2023-10-12T14:22:00
1158,197747,2024-08-08T18:24:00
1158,206403,2024-06-19T04:40:00
1158,135599,2023-08-11T19:24:00
1159,168400,2023-03-22T10:49:00
1160,168216,2023-11-14T04:28:00
1161,88814,2024-06-19T01:48:00
1161,94314,2024-09-20T06:02:00
1161,167610,2024-05-06T10:00:00
1161,191,2023-05-18T03:39:00
1161,145626,2024-07-07T01:09:00
1161,129947,2023-06-24T18:43:00
1163,149354,2024-11-04T19:50:00
1163,59974,2023-03-15T15:22:00
1163,7482,2023-08-27T00:18:00
1163,149104,2024-03-27T00:45:00
1163,187603,2024-06-17T02:00:00
1164,185521,2024-03-10T17:23:00
1164,1714,2023-06-14T21:40:00
1164,2666,2024-05-18T13:11:00
1164,26813,2023-01-14T18:50:00
1164,86781,2023-01-27T14:30:00
1164,189291,2023-12-12T02:19:00
1166,159626,2023-10-23T12:16:00
1166,144078,2023-09-16T08:56:00
1166,197065,2023-11-13T19:06:00
1166,155308,2024-10-05T16:05:00
1168,26002,2024-08-15T02:42:00
1168,148486,2024-02-11T01:15:00
1168,47918,2023-09-16T15:52:00
1168,142262,2024-11-25T04:51:00
1168,5487,2023-10-27T06:51:00
1168,134615,2024-03-05T06:07:00
1168,163084,2024-05-11T10:06:00
1168,1855,2024-10-16T13:40:00
1168,153424,2023-11-13T21:45:00
1168,123735,2023-04-20T19:20:00
1169,86635,2024-08-28T04:48:00
1170,148994,2023-05-15T07:42:00
1170,2301,2023-02-19T02:54:00
1170,92756,2023-02-01T08:26:00
1170,92641,2024-10-15T03:53:00
1170,205283,2023-10-24T20:40:00
1171,3560,2023-11-19T10:17:00
1173,160122,2024-03-26T02:34:00
1173,72910,2023-01-10T19:58:00
1173,159771,2024-12-15T03:16:00
1173,168214,2024-01-15T21:02:00
1173,92641,2023-02-13T09:43:00
1175,203954,2024-01-12T00:23:00
1175,1612,2024-02-24T12:13:00
1175,36426,2023-02-24T06:55:00
1175,155308,2023-09-19T19:58:00
1175,4664,2024-12-05T22:37:00
1175,152812,2024-02-03T05:18:00
1175,119155,2024-05-18T01:36:00
1175,5537,2024-10-17T01:28:00
1175,139950,2024-05-26T20:38:00
1175,81142,2023-08-06T13:31:00
1176,152395,2024-07-22T09:44:00
1176,27018,2023-11-09T11:32:00
1176,205283,2024-05-24T02:18:00
1176,148106,2024-07-26T08:20:00
1176,6795,2024-01-21T20:31:00
1176,1989,2023-11-05T11:28:00
1176,4266,2024-10-12T08:33:00
1176,184869,2023-12-18T03:40:00
1178,68242,2023-11-09T14:41:00
1178,1376,2024-01-06T04:36:00
1178,189035,2023-03-27T07:05:00
1178,95854,2024-05-10T07:02:00
1178,47404,2023-10-18T02:41:00
1179,71114,2023-01-15T00:56:00
1179,8459,2024-07-08T17:34:00
1179,183717,2023-06-12T07:08:00
1179,135856,2024-05-27T08:12:00
1179,134615,2024-02-08T10:47:00
1179,78585,2024-12-09T22:35:00
1179,26002,2023-08-19T03:45:00
1179,147194,2024-09-13T11:23:00
1180,235,2024-03-12T00:24:00
1180,171421,2023-02-13T11:21:00
1180,144998,2024-08-22T15:14:00
1180,119155,2024-02-18T06:35:00
1180,7763,2024-02-05T00:58:00
1180,133443,2024-03-25T13:32:00
1180,147198,2023-10-05T21:49:00
1181,98056,2024-02-11T19:58:00
1181,142634,2023-02-25T08:28:00
1181,27603,2024-11-25T04:59:00
1181,146313,2023-06-11T19:56:00
1181,175619,2024-10-21T23:18:00
1181,1128,2024-06-20T08:47:00
1181,52938,2024-03-11T01:12:00
1181,87049,2023-04-11T02:48:00
1181,131866,2023-09-07T16:49:00
1183,116604,2023-06-09T23:52:00
1183,6227,2024-07-26T16:45:00
1183,122956,2024-02-09T16:19:00
1183,149252,2023-07-27T11:51:00
1183,194318,2023-01-16T05:20:00
1184,112204,2023-05-16T16:53:00
1184,130648,2024-02-20T02:08:00
1187,175983,2023-05-20T15:19:00
1187,113492,2023-02-01T04:30:00
1188,26090,2023-08-16T18:22:00
1188,107747,2024-05-05T01:48:00
1188,68242,2024-06-26T04:07:00
1188,197973,2024-03-07T19:33:00
1188,146188,2024-12-28T03:13:00
1188,148062,2023-04-14T14:35:00
1188,122956,2023-01-23T07:30:00
1189,32196,2023-03-11T05:50:00
1189,151617,2023-08-16T07:52:00
1189,174621,2023-12-19T14:46:00
1189,145871,2023-08-23T04:47:00
1189,8387,2024-03-09T21:26:00
1189,80348,2023-03-08T16:38:00
1189,98695,2023-10-19T04:53:00
1189,6139,2023-10-26T13:36:00
1189,135856,2024-11-05T11:54:00
1190,179873,2024-04-26T11:44:00
1190,133751,2023-09-13T21:49:00
1191,165051,2023-04-15T11:16:00
1191,3551,2024-02-22T00:56:00
1191,50158,2024-12-17T08:05:00
1191,176805,2023-01-11T08:33:00
1191,131460,2023-10-11T02:43:00
1191,135382,2024-11-08T21:54:00
1191,67983,2024-01-03T19:03:00
1191,1835,2023-08-04T21:03:00
1191,133712,2023-07-26T15:35:00
1191,108936,2024-08-13T04:04:00
1192,176805,2023-07-15T12:33:00
1192,6073,2024-10-15T06:14:00
1192,196495,2024-11-21T04:23:00
1192,123951,2023-12-24T08:12:00
1192,182585,2024-05-24T09:01:00
1192,5537,2023-04-12T05:26:00
1192,175967,2023-11-10T18:12:00
1192,26676,2023-08-16T14:12:00
1192,185149,2023-01-22T11:45:00
1192,59795,2023-08-15T15:06:00
1194,149678,2024-10-07T00:07:00
1194,27376,2024-04-15T13:16:00
1194,169456,2023-02-22T01:54:00
1194,6366,2024-11-20T14:18:00
1195,202559,2024-10-27T23:52:00
1195,131341,2023-06-11T13:59:00
1195,3111,2024-04-14T01:19:00
1195,136180,2023-06-27T22:36:00
1195,185345,2024-10-05T23:09:00
1195,180203,2023-11-22T08:54:00
1196,6391,2024-07-03T16:26:00
1196,119155,2024-08-12T08:10:00
1198,76082,2023-09-11T06:02:00
1198,34540,2023-05-09T19:51:00
1198,6703,2023-04-22T11:22:00
1198,66295,2024-10-21T17:12:00
1198,194670,2023-06-15T13:36:00
1198,133535,2024-08-03T06:48:00
1198,128977,2024-09-10T11:18:00
1199,145586,2024-08-05T20:29:00
1199,98695,2023-01-25T15:40:00
1199,180569,2023-08-23T23:14:00
1199,2176,2024-06-11T11:25:00
1199,68915,2024-05-11T15:49:00
1199,164616,2024-01-05T13:09:00
1199,133383,2023-02-20T01:27:00
1199,114642,2023-02-20T18:39:00
1199,117877,2023-01-12T22:33:00
1200,199886,2023-03-12T00:19:00
1200,144192,2023-07-06T16:52:00
1200,92894,2024-03-17T15:48:00
1200,115784,2023-10-20T23:25:00
1200,163861,2024-06-23T18:11:00
1201,4266,2024-02-02T09:52:00
1201,102677,2024-08-18T01:13:00
1201,121827,2023-05-05T11:52:00
1201,202697,2023-09-27T12:15:00
1201,55577,2023-12-19T21:50:00
1201,102972,2023-12-11T16:16:00
1201,138124,2024-08-21T11:38:00
1202,2493,2024-02-21T17:13:00
1202,187961,2024-02-27T01:50:00
1202,107430,2024-02-12T18:02:00
1202,26738,2023-04-28T01:08:00
1202,169456,2023-10-26T03:58:00
1202,107466,2024-03-06T21:21:00
1203,187733,2024-06-07T12:43:00
1203,191423,2023-10-28T01:42:00
1203,197973,2023-07-09T18:09:00
1203,107432,2023-02-26T09:59:00
1203,6486,2024-10-11T21:08:00
1204,32625,2024-01-22T06:35:00
1204,150334,2024-03-19T19:53:00
1204,1835,2024-09-24T03:39:00
1204,142268,2024-01-14T07:07:00
1204,61931,2023-03-10T12:13:00
1204,148755,2024-01-02T18:14:00
1204,192637,2024-05-03T09:25:00
1204,26002,2024-12-05T08:55:00
1204,6366,2023-08-22T04:39:00
1209,125295,2023-05-23T02:34:00
1209,93535,2024-12-09T13:57:00
1209,83374,2023-11-13T11:09:00
1209,5598,2024-07-28T16:51:00
1209,184019,2024-09-25T11:40:00
1210,7995,2023-04-24T19:41:00
1210,40226,2023-05-11T23:46:00
1210,1468,2024-01-22T06:14:00
1212,174705,2024-03-01T17:38:00
1212,197873,2023-06-18T02:04:00
1212,190309,2023-02-27T05:21:00
1212,154262,2024-10-17T11:37:00
1212,187039,2024-12-07T07:01:00
1212,76082,2024-12-18T10:52:00
1212,147172,2023-09-24T02:35:00
1213,177745,2024-07-15T06:04:00
1213,105084,2023-07-16T03:47:00
1213,209171,2023-08-19T23:27:00
1213,141365,2023-05-01T22:10:00
1216,123495,2023-01-16T07:02:00
1216,83,2023-12-26T20:02:00
1216,6172,2023-12-26T11:57:00
1216,4375,2023-02-04T10:05:00
1216,119208,2023-04-07T16:29:00
1216,143547,2024-10-20T22:48:00
1216,194026,2024-01-13T01:53:00
1216,148118,2024-11-01T21:24:00
1219,1709,2024-12-14T15:23:00
1219,151469,2024-05-22T06:07:00
1219,122476,2024-08-11T14:55:00
1219,8123,2023-10-13T04:39:00
1219,172235,2024-05-09T00:42:00
1221,195519,2023-08-23T05:47:00
1221,55577,2024-08-16T10:38:00
1221,134963,2024-08-26T08:58:00
1221,186661,2024-05-12T06:19:00
1221,195185,2024-01-18T03:57:00
1221,130213,2024-05-16T00:17:00
1222,125219,2023-07-16T21:19:00
1222,1714,2023-08-24T05:39:00
1222,141550,2024-12-15T22:57:00
1222,126136,2024-12-14T22:21:00
1222,3113,2024-03-17T06:35:00
1225,108936,2024-01-27T03:15:00
1225,1163,2024-07-21T23:25:00
1225,181391,2024-04-27T00:51:00
1225,68874,2024-08-22T12:30:00
1225,59974,2023-11-07T05:02:00
1225,60133,2023-09-17T21:47:00
1225,141357,2024-09-24T20:39:00
1225,123065,2024-07-05T20:37:00
1225,122441,2024-03-09T17:45:00
1225,51520,2023-11-28T04:03:00
1226,851,2024-09-10T11:14:00
1226,165229,2024-07-21T17:41:00
1226,151617,2024-05-28T01:32:00
1226,59306,2024-05-17T20:42:00
1226,127453,2024-02-24T00:50:00
1227,105446,2023-03-21T13:56:00
1228,164927,2024-01-01T03:48:00
1228,102677,2024-06-09T04:46:00
1228,26002,2023-03-24T09:56:00
1228,78941,2023-01-16T18:20:00
1228,2136,2024-10-23T04:08:00
1228,141524,2024-06-24T23:40:00
1230,189031,2024-03-21T04:12:00
1230,141203,2024-11-23T04:14:00
1233,170555,2024-11-22T03:26:00
1233,204684,2024-02-08T09:54:00
1233,160575,2024-06-22T11:35:00
1233,93535,2023-02-14T15:31:00
1233,168016,2024-12-10T01:42:00
1233,126134,2023-08-28T04:40:00
1233,206010,2024-11-06T22:26:00
1233,126136,2023-03-01T22:12:00
1233,132438,2023-11-16T05:33:00
1233,4266,2024-12-25T10:59:00
1234,26813,2024-08-24T02:20:00
1234,5313,2024-02-23T21:53:00
1234,164127,2024-04-04T10:44:00
1236,68874,2023-05-11T22:34:00
1236,147172,2023-07-14T02:03:00
1236,203222,2023-12-27T13:29:00
1236,93022,2023-02-14T09:54:00
1236,108936,2023-04-18T05:57:00
1239,55577,2023-07-05T03:40:00
1242,67983,2024-05-24T14:33:00
1242,88452,2023-12-03T07:24:00
1242,95854,2024-07-14T19:00:00
1242,157897,2024-07-21T16:50:00
1242,204236,2023-12-16T04:59:00
1242,153897,2024-09-12T17:10:00
1243,1468,2023-04-26T22:25:00
1243,38061,2023-02-24T04:02:00
1244,97828,2023-11-24T08:48:00
1245,196303,2023-10-15T16:42:00
1245,61931,2023-06-26T09:39:00
1245,3380,2023-03-19T10:49:00
1246,59306,2023-03-19T09:14:00
1247,80768,2024-10-27T15:57:00
1247,180833,2024-12-04T00:59:00
1247,66773,2024-08-22T18:13:00
1247,120490,2023-07-03T16:33:00
1247,3473,2023-01-11T03:50:00
1247,26464,2023-08-09T07:52:00
1247,194694,2024-08-17T04:05:00
1247,182941,2024-01-03T23:11:00
1247,78713,2024-01-05T22:18:00
1247,154796,2024-09-12T20:06:00
1248,163084,2023-01-14T17:31:00
1248,99243,2024-09-18T19:25:00
1248,143689,2024-07-07T04:53:00
1248,36426,2023-09-24T08:41:00
1248,49817,2024-02-26T07:37:00
1248,109793,2023-12-23T19:00:00
1248,2640,2024-12-18T13:33:00
1250,203222,2024-04-07T23:56:00
1250,199988,2023-12-11T09:29:00
1250,8668,2023-08-10T01:22:00
1250,141886,2024-01-27T12:00:00
1250,188213,2024-06-07T03:15:00
1250,158320,2024-01-23T16:52:00
1250,153424,2024-10-15T15:19:00
1250,90965,2024-01-03T14:55:00
1250,1468,2023-01-21T22:32:00
1250,77414,2024-10-04T04:24:00
1251,133383,2024-01-04T01:39:00
1251,3473,2024-02-14T11:53:00
1251,86343,2024-06-16T10:38:00
1251,5086,2023-09-05T16:28:00
1251,162668,2024-10-10T00:04:00
1251,142634,2023-09-15T16:46:00
1251,205635,2024-09-10T13:55:00
1251,171731,2024-01-24T03:23:00
1251,204288,2024-12-05T01:15:00
1252,129731,2023-01-16T00:45:00
1252,123391,2023-03-07T19:26:00
1252,112001,2024-04-09T06:53:00
1252,2496,2023-08-01T22:21:00
1252,131296,2024-08-14T19:51:00
1252,161262,2024-02-02T07:37:00
1252,7398,2023-02-21T21:12:00
1252,143689,2024-12-03T08:14:00
1252,168760,2024-10-17T14:38:00
1252,1709,2023-03-10T00:57:00
1253,205168,2024-06-12T13:29:00
1253,75981,2024-02-12T20:28:00
1253,54997,2024-04-16T05:24:00
1253,148106,2023-09-12T05:32:00
1253,62999,2023-01-27T21:59:00
1254,163170,2024-11-23T20:50:00
1254,182941,2023-11-13T06:38:00
1254,102150,2023-07-01T23:11:00
1254,141203,2024-03-12T16:52:00
1254,136174,2024-12-11T12:28:00
1254,187467,2024-08-07T01:52:00
1254,187611,2023-11-06T00:43:00
1255,140435,2023-12-08T04:21:00
1255,52922,2023-02-07T09:40:00
1255,180191,2024-11-05T14:21:00
1255,103139,2024-03-21T20:54:00
1255,189031,2023-09-16T20:01:00
1256,31664,2023-12-23T10:19:00
1256,42053,2023-12-11T08:01:00
1256,119155,2023-12-25T23:39:00
1256,178821,2023-11-21T07:49:00
1256,912,2023-03-11T02:11:00
1256,72261,2024-03-14T18:52:00
1256,150334,2024-03-20T09:13:00
1256,115784,2023-11-21T16:06:00
1256,139725,2024-11-08T20:56:00
1257,96110,2023-11-08T15:27:00
1257,149072,2024-12-25T21:05:00
1257,199886,2024-10-21T11:16:00
1257,125219,2023-11-05T13:15:00
1257,74431,2023-01-14T14:24:00
1257,108936,2023-10-10T20:53:00
1257,113492,2024-09-17T14:18:00
1257,156663,2023-10-27T10:57:00
1257,25996,2023-02-12T14:20:00
1257,5596,2023-05-01T05:06:00
1258,26317,2024-12-07T14:02:00
1259,154984,2023-11-17T12:04:00
1259,235,2023-05-18T09:29:00
1259,80348,2024-12-07T02:44:00
1259,189035,2024-05-12T21:14:00
1259,168760,2024-04-09T03:41:00
1259,33251,2023-08-26T17:45:00
1259,124374,2024-11-06T06:15:00
1259,66785,2024-07-11T12:35:00
1260,42602,2024-02-05T05:03:00
1260,199267,2024-07-09T09:24:00
1260,53468,2024-11-25T06:51:00
1261,45642,2023-06-22T19:41:00
1261,93535,2023-06-25T19:37:00
1261,96799,2024-11-19T18:10:00
1261,175983,2024-07-06T16:02:00
1261,158711,2024-07-24T19:46:00
1261,108936,2024-02-28T00:53:00
1261,861,2024-04-13T20:44:00
1261,137319,2024-07-03T16:48:00
1261,59974,2024-11-11T21:02:00
1261,196303,2023-02-26T08:07:00
1262,198469,2024-06-16T01:44:00
1262,144838,2023-06-13T16:07:00
1262,6293,2024-10-04T14:25:00
1262,205283,2023-12-10T18:24:00
1262,161302,2023-11-06T09:56:00
1262,166482,2023-07-18T11:38:00
1262,149354,2024-08-24T07:24:00
1262,59974,2024-08-03T09:14:00
1262,197747,2023-01-21T14:09:00
1263,146832,2024-07-21T13:14:00
1263,162128,2023-06-01T11:48:00
1263,59387,2024-04-01T08:31:00
1263,89137,2024-09-04T05:55:00
1263,3677,2023-08-11T03:52:00
1263,122009,2023-06-03T16:26:00
1263,163328,2024-08-15T19:21:00
1263,98114,2023-08-07T08:56:00
1263,142895,2023-12-14T03:33:00
1264,206403,2023-10-16T14:33:00
1264,200148,2023-02-04T15:38:00
1264,4615,2023-07-17T07:47:00
1264,103139,2023-11-08T03:45:00
1267,161161,2023-11-25T21:43:00
1267,3170,2024-07-03T19:40:00
1267,148486,2024-09-14T23:31:00
1267,158350,2024-11-28T10:28:00
1267,163861,2023-02-12T13:59:00
1267,189225,2024-03-22T08:08:00
1267,155493,2024-11-06T17:30:00
1267,134294,2023-03-28T22:11:00
1267,4305,2024-12-01T12:50:00
1267,163545,2024-06-14T08:26:00
1268,1197,2024-01-01T12:56:00
1268,163625,2024-03-26T00:32:00
1268,186279,2024-10-22T02:18:00
1268,879,2023-12-12T06:40:00
1269,187733,2024-05-01T06:07:00
1270,154984,2023-06-20T06:35:00
1270,101938,2023-10-19T21:51:00
1270,4664,2024-01-28T07:29:00
1270,175171,2024-01-07T16:27:00
1270,130213,2024-05-10T22:59:00
1270,133029,2024-03-24T23:26:00
1270,77721,2023-09-17T19:40:00
1272,168184,2023-01-23T03:22:00
1272,6391,2024-11-09T01:23:00
1272,55343,2023-07-16T21:52:00
1272,132922,2024-04-06T10:31:00
1272,121194,2023-03-27T19:18:00
1272,187483,2023-11-10T21:12:00
1273,184869,2024-04-07T13:53:00
1275,197065,2024-03-13T04:18:00
1275,82055,2023-10-15T01:45:00
1275,166269,2024-12-13T07:55:00
1275,6455,2023-07-16T03:49:00
1275,47894,2023-01-26T21:07:00
1275,102150,2024-04-14T04:16:00
1275,149592,2023-03-08T20:27:00
1275,879,2024-09-12T00:30:00
1275,105952,2023-05-21T07:36:00
1276,160374,2023-04-11T01:12:00
1276,193773,2024-07-22T22:02:00
1276,174739,2023-07-06T06:46:00
1277,135599,2024-11-14T12:22:00
1277,162128,2024-06-16T06:28:00
1277,137427,2023-02-27T12:50:00
1277,5612,2023-08-26T02:38:00
1277,163817,2024-02-14T10:04:00
1277,90514,2024-01-16T22:29:00
1277,158441,2024-01-01T15:05:00
1277,27376,2024-10-02T03:02:00
1277,158489,2023-03-20T02:37:00
1277,105446,2023-06-10T16:59:00
1278,142170,2024-10-14T19:10:00
1278,6703,2024-09-07T05:00:00
1279,200740,2024-04-03T12:35:00
1279,7208,2024-06-27T18:40:00
1279,156911,2023-04-28T04:10:00
1279,5873,2024-06-19T10:16:00
1279,165907,2024-09-07T22:42:00
1280,159775,2024-02-22T06:30:00
1280,77414,2023-09-04T00:10:00
1280,5596,2024-04-27T11:47:00
1280,83430,2023-05-28T12:58:00
1281,148184,2024-04-27T16:42:00
1281,80768,2023-01-27T05:52:00
1281,6227,2023-02-14T20:20:00
1281,145875,2023-09-09T14:13:00
1282,205405,2023-03-07T15:47:00
1282,80748,2023-03-09T12:07:00
1282,141886,2023-02-02T09:21:00
1282,88682,2023-09-12T02:30:00
1282,117644,2023-04-13T21:04:00
1283,162152,2023-12-22T15:13:00
1283,1855,2023-07-18T04:49:00
1283,185579,2024-09-08T00:24:00
1283,48501,2024-12-08T20:50:00
1283,154270,2024-01-12T11:49:00
1284,125435,2023-05-19T05:37:00
1284,148106,2023-05-27T21:15:00
1284,121626,2023-02-20T14:54:00
1284,100017,2023-06-02T02:42:00
1284,121296,2024-02-07T18:48:00
1284,186511,2023-01-28T20:28:00
1284,55080,2023-08-22T17:45:00
1285,4586,2024-06-21T15:17:00
1286,168216,2024-02-24T02:10:00
1286,4400,2024-06-05T13:59:00
1286,130600,2024-12-06T13:10:00
1286,72936,2024-06-01T08:22:00
1286,2820,2023-12-03T23:41:00
1286,129532,2023-11-27T04:57:00
1286,71902,2023-12-20T00:08:00
1286,7109,2024-04-13T12:42:00
1286,128287,2024-09-18T04:46:00
1287,176805,2024-10-25T05:15:00
1287,116604,2024-07-13T02:40:00
1287,189687,2023-06-11T15:48:00
1287,3677,2023-03-21T12:09:00
1287,90514,2023-05-09T22:07:00
1287,117644,2023-01-18T04:10:00
1289,99243,2023-10-28T12:24:00
1289,145849,2024-05-13T22:23:00
1289,129731,2023-10-14T01:51:00
1289,141279,2024-01-06T17:08:00
1291,65780,2024-11-23T21:44:00
1291,145586,2023-09-08T20:33:00
1291,6901,2024-02-06T08:37:00
1291,7109,2024-08-11T17:37:00
1291,80768,2024-04-07T22:03:00
1291,7281,2024-10-14T14:04:00
1293,110560,2023-09-18T01:14:00
1293,1740,2023-02-01T16:26:00
1293,125259,2024-09-15T02:43:00
1293,119208,2023-01-10T17:16:00
1293,59306,2023-12-27T18:14:00
1293,96306,2023-07-28T07:52:00
1294,66686,2024-02-24T16:35:00
1294,93455,2024-05-23T00:47:00
1294,121731,2023-06-19T09:18:00
1294,106822,2024-07-07T05:24:00
1294,152597,2024-11-08T17:58:00
1294,163328,2024-06-16T22:32:00
1296,50158,2024-07-05T02:21:00
1296,156420,2023-07-23T10:08:00
1296,199746,2023-02-08T01:35:00
1296,128884,2024-06-02T02:59:00
1296,1376,2024-05-01T07:18:00
1298,147952,2023-09-15T19:34:00
1298,207624,2023-08-18T17:27:00
1298,146172,2023-09-13T17:04:00
1298,117312,2024-11-19T13:34:00
1298,157536,2023-01-05T19:53:00
1298,208259,2024-07-26T09:30:00
1298,5873,2023-11-25T10:43:00
1298,142895,2024-02-09T13:57:00
1298,162152,2023-02-11T04:00:00
1300,181287,2023-06-17T03:53:00
1300,8364,2024-06-02T21:16:00
1300,147172,2024-04-14T01:19:00
1300,163210,2023-01-01T01:38:00
1300,69830,2024-12-07T01:03:00
1300,6896,2023-04-08T00:23:00
1300,194026,2023-11-15T13:00:00
1301,116283,2023-11-13T17:06:00
1301,134260,2023-06-21T17:03:00
1301,27018,2024-07-23T02:42:00
1301,99906,2023-08-09T11:33:00
1301,148212,2024-11-10T09:05:00
1301,131460,2023-07-04T09:06:00
1301,145586,2024-02-16T03:35:00
1301,51520,2023-07-11T15:26:00
1301,47918,2024-10-16T03:45:00
1301,195185,2024-02-05T20:13:00
1302,133751,2023-06-05T01:58:00
1302,117668,2024-10-01T07:16:00
1302,879,2023-07-17T08:21:00
1302,74327,2023-09-07T10:34:00
1302,54997,2023-08-05T06:45:00
1302,187553,2023-01-04T11:44:00
1303,205283,2024-06-21T03:03:00
1303,205982,2023-01-17T13:56:00
1306,187039,2023-09-25T02:36:00
1306,152812,2023-03-15T14:24:00
1306,1029,2023-10-08T23:38:00
1306,189081,2024-06-13T04:20:00
1306,107747,2023-09-15T17:52:00
1306,205957,2024-11-19T18:11:00
1306,181391,2024-03-14T18:23:00
1306,154019,2024-06-20T11:36:00
1306,114429,2024-04-16T03:10:00
1306,59846,2023-03-16T22:26:00
1307,152597,2024-10-21T17:23:00
1307,171519,2023-10-13T02:02:00
1307,129445,2023-05-26T11:35:00
1308,189687,2024-08-08T18:08:00
1308,200562,2024-03-01T15:02:00
1308,161262,2024-01-17T23:20:00
1308,65780,2024-10-22T22:11:00
1309,26002,2023-06-07T23:13:00
1309,131876,2023-08-21T15:05:00
1309,48043,2023-10-03T07:12:00
1310,6232,2023-06-17T09:01:00
1310,169456,2023-04-12T19:03:00
1310,116604,2023-07-24T13:14:00
1310,5086,2023-06-12T11:24:00
1312,194416,2024-05-06T17:08:00
1312,6795,2023-12-25T06:56:00
1312,163625,2024-08-11T11:23:00
1312,122476,2024-01-18T21:34:00
1312,169456,2023-09-17T04:19:00
1312,168214,2024-02-10T16:13:00
1312,188915,2023-01-19T18:08:00
1313,162268,2024-05-12T08:53:00
1313,204288,2024-07-07T12:31:00
1313,4664,2023-01-07T10:09:00
1313,123816,2024-08-20T21:45:00
1313,150334,2024-11-13T11:00:00
1313,52448,2023-12-09T09:38:00
1313,7093,2024-09-21T01:35:00
1313,146760,2023-04-23T23:41:00
1314,87915,2024-04-06T16:50:00
1314,86781,2024-02-06T05:06:00
1314,801,2023-10-05T13:18:00
1314,157536,2023-10-05T03:31:00
1314,5799,2024-10-06T12:56:00
1314,186661,2023-06-27T20:38:00
1314,33251,2023-06-25T16:51:00
1314,205982,2024-01-04T16:45:00
1316,204928,2024-11-28T09:38:00
1316,149592,2023-08-16T22:46:00
1316,194254,2023-12-15T03:55:00
1316,53849,2023-08-24T09:08:00
1317,113989,2024-08-12T01:05:00
1317,1029,2024-08-17T08:23:00
1317,6795,2023-03-27T04:38:00
1317,122956,2023-06-14T11:13:00
1318,100838,2023-11-23T06:35:00
1318,174689,2024-02-28T16:01:00
1319,174621,2024-11-06T05:12:00
1319,1197,2024-01-24T21:36:00
1319,182585,2023-07-20T07:10:00
1319,113989,2023-04-27T22:13:00
1319,139950,2024-10-05T15:12:00
1319,163545,2023-10-19T07:57:00
1319,189031,2024-07-07T01:24:00
1319,7063,2024-07-05T16:45:00
1320,117877,2023-11-19T14:26:00
1320,123735,2024-12-18T03:26:00
1320,25996,2024-12-21T01:07:00
1322,180833,2024-03-03T15:18:00
1322,149104,2023-11-02T09:43:00
1322,98629,2024-11-17T13:03:00
1322,158489,2023-05-10T18:16:00
1322,81413,2024-04-06T21:29:00
1322,27018,2023-04-02T02:47:00
1322,133199,2024-10-28T08:44:00
1322,134963,2024-03-17T21:49:00
1322,84293,2023-09-14T20:59:00
1323,112204,2024-04-17T21:16:00
1323,3045,2023-08-18T00:04:00
1323,90907,2023-06-26T16:34:00
1323,104243,2024-12-03T17:51:00
1324,187733,2023-07-04T23:41:00
1324,2640,2023-03-10T21:41:00
1324,81142,2024-09-17T14:00:00
1324,152395,2023-09-22T01:57:00
1324,41058,2023-07-04T04:45:00
1324,74327,2023-08-17T20:12:00
1324,180191,2024-02-21T01:04:00
1324,3045,2023-06-07T14:12:00
1325,45581,2024-09-23T22:24:00
1325,83374,2024-03-23T22:04:00
1325,154598,2023-09-27T07:29:00
1325,8260,2023-01-05T14:03:00
1326,175319,2024-09-26T12:59:00
1326,105084,2023-05-25T03:21:00
1326,3380,2024-09-06T18:35:00
1326,131788,2024-03-01T02:37:00
1326,48043,2024-10-18T01:09:00
1326,26464,2023-01-26T03:19:00
1326,102150,2023-12-24T01:04:00
1327,163545,2023-11-15T23:41:00
1327,142262,2023-04-26T09:15:00
1327,6383,2023-12-08T05:02:00
1327,188103,2024-12-18T14:32:00
1327,140894,2024-12-04T06:47:00
1327,193459,2024-04-21T09:02:00
1327,4586,2023-10-25T23:16:00
1327,122009,2023-10-26T23:18:00
1327,92894,2023-11-18T17:19:00
1327,159626,2024-12-09T20:42:00
1329,160545,2024-02-05T23:56:00
1329,109241,2024-07-08T16:36:00
1329,156919,2023-08-02T00:25:00
1329,152597,2023-08-06T10:54:00
1329,6486,2023-08-22T07:31:00
1329,6232,2023-12-16T21:51:00
1329,154067,2024-12-14T16:17:00
1330,86802,2024-11-04T15:00:00
1330,194694,2024-12-12T15:25:00
1330,32625,2023-08-22T18:02:00
1330,142268,2024-06-14T19:04:00
1331,145875,2023-06-26T06:55:00
1331,72628,2024-12-16T11:57:00
1331,158192,2024-09-03T11:17:00
1331,118788,2023-04-14T09:30:00
1331,121827,2024-07-25T16:47:00
1331,199746,2024-03-21T12:31:00
1333,103241,2023-03-13T11:57:00
1333,154454,2023-07-28T06:41:00
1333,80097,2023-03-25T04:03:00
1333,142634,2023-11-18T06:56:00
1334,145626,2023-07-07T22:13:00
1334,40226,2023-09-13T02:37:00
1334,142895,2023-08-06T21:59:00
1334,160444,2023-12-28T23:41:00
1334,141365,2024-02-08T03:02:00
1334,4849,2023-01-18T13:16:00
1334,94727,2023-05-07T03:50:00
1335,144914,2024-11-07T14:11:00
1335,149466,2024-12-01T00:53:00
1335,92894,2023-06-17T22:59:00
1335,60135,2023-10-20T12:04:00
1335,125295,2024-02-02T09:18:00
1335,187829,2023-03-01T23:11:00
1336,139950,2023-07-09T18:07:00
1338,127494,2024-07-24T10:36:00
1338,159235,2024-09-26T11:12:00
1339,164063,2023-06-09T16:05:00
1339,90947,2024-10-19T04:51:00
1340,90965,2024-11-01T04:31:00
1340,1835,2024-04-09T21:45:00
1340,206403,2024-04-21T21:17:00
1341,912,2024-08-11T07:18:00
1341,84989,2023-03-10T01:07:00
1341,146313,2024-07-03T17:38:00
1341,81831,2024-04-07T20:49:00
1341,203737,2023-02-25T00:11:00
1341,77,2023-09-01T16:12:00
1341,92968,2023-06-06T15:25:00
1341,154796,2023-11-15T10:35:00
1341,145106,2024-08-19T20:34:00
1342,130830,2023-11-23T11:17:00
1342,199886,2023-10-21T21:29:00
1342,159235,2024-01-26T15:50:00
1342,194536,2023-10-17T02:48:00
1343,156919,2023-06-28T11:40:00
1343,26529,2024-09-04T21:04:00
1343,164063,2023-02-16T02:53:00
1343,3768,2023-11-11T16:01:00
1344,125259,2024-11-24T12:46:00
1344,1855,2024-07-24T10:01:00
1344,144442,2024-03-20T21:30:00
1346,99677,2023-11-04T14:39:00
1346,3676,2023-03-19T23:28:00
1346,163084,2023-08-03T17:19:00
1346,125435,2023-07-12T03:00:00
1346,61931,2024-08-24T10:30:00
1346,5799,2024-11-09T21:12:00
1346,26704,2024-09-20T11:03:00
1346,26181,2023-10-05T16:09:00
1346,144078,2024-07-19T17:57:00
1347,145586,2024-07-28T14:00:00
1347,3113,2023-05-15T03:31:00
1347,184981,2024-05-18T07:11:00
1347,105952,2024-07-04T21:27:00
1348,198313,2024-05-15T18:30:00
1348,180879,2024-02-28T11:03:00
1348,52448,2023-06-05T04:11:00
1348,160684,2023-12-16T08:33:00
1348,173011,2023-08-19T03:29:00
1348,131341,2024-12-03T13:52:00
1348,78713,2023-09-22T13:46:00
1348,53468,2024-08-15T05:44:00
1348,114172,2023-05-25T07:27:00
1348,154270,2024-04-25T11:31:00
1349,25977,2023-01-11T00:44:00
1349,56616,2023-01-04T21:07:00
1349,110560,2024-12-02T15:57:00
1350,134260,2024-04-24T17:20:00
1350,154073,2024-08-15T15:04:00
1350,1989,2023-07-16T16:33:00
1350,135599,2024-07-21T09:36:00
1350,122216,2024-10-21T21:20:00
1350,81413,2024-06-24T06:40:00
1350,144906,2023-02-17T00:38:00
1352,100838,2024-07-11T16:33:00
1352,81413,2024-07-11T04:38:00
1352,26797,2023-02-27T14:13:00
1352,98629,2023-04-11T22:05:00
1352,155705,2023-12-15T06:11:00
1352,128884,2024-02-08T21:05:00
1352,34469,2023-03-25T05:52:00
1352,6896,2024-09-04T12:30:00
1352,54997,2024-07-12T04:34:00
1353,84372,2024-10-27T10:49:00
1353,133383,2024-03-26T05:20:00
1353,96110,2024-09-22T14:30:00
1353,188659,2023-11-28T21:10:00
1353,51455,2023-07-07T11:21:00
1353,102677,2024-07-23T05:51:00
1353,202940,2024-02-06T16:38:00
1353,199079,2023-09-09T11:31:00
1353,55080,2023-12-21T02:44:00
1355,199267,2024-08-16T08:34:00
1355,160187,2023-04-27T21:55:00
1355,51455,2023-06-06T09:19:00
1356,124829,2023-09-16T17:16:00
1356,188213,2023-12-08T18:55:00
1357,92740,2024-06-18T03:14:00
1357,81413,2023-07-09T18:06:00
1357,144078,2023-05-17T13:18:00
1358,1420,2024-03-26T21:36:00
1358,193459,2023-06-05T09:30:00
1358,155493,2023-02-16T15:28:00
1358,55691,2024-09-14T05:53:00
1358,77721,2024-05-09T13:51:00
1358,208259,2024-04-22T07:08:00
1358,138124,2023-10-23T15:53:00
1359,172235,2023-11-03T05:53:00
1359,69521,2023-02-02T10:06:00
1359,203483,2024-04-08T12:41:00
1359,123065,2024-03-22T21:41:00
1359,117590,2024-03-05T15:45:00
1359,192401,2023-08-10T06:35:00
1359,129445,2024-09-24T09:46:00
1362,131009,2023-03-27T17:21:00
1362,80348,2024-11-11T09:08:00
1362,100838,2023-08-27T16:47:00
1362,47629,2024-10-03T22:37:00
1362,197065,2023-09-03T04:31:00
1362,913,2024-01-06T04:06:00
1362,99925,2024-03-24T16:55:00
1364,146832,2024-09-03T07:59:00
1364,122441,2023-08-10T11:20:00
1366,96306,2023-04-11T07:20:00
1366,194318,2024-06-05T12:55:00
1366,4849,2023-01-17T14:01:00
1366,188103,2024-07-23T18:59:00
1366,192401,2024-03-12T03:04:00
1366,77,2023-04-03T19:25:00
1366,66773,2023-10-18T01:01:00
1366,134260,2023-08-10T22:20:00
1367,169740,2024-09-14T04:12:00
1367,154067,2023-05-02T20:43:00
1367,66773,2024-04-01T03:15:00
1367,4435,2024-09-24T01:03:00
1367,182941,2024-05-22T03:36:00
1367,201108,2024-11-12T22:06:00
1367,121277,2023-07-14T00:15:00
1367,204236,2023-04-21T09:33:00
1370,3449,2024-05-09T04:46:00
1370,205982,2024-08-07T16:50:00
1370,137427,2024-12-07T21:32:00
1370,131460,2023-12-17T05:33:00
1370,188659,2023-03-12T02:13:00
1370,147934,2024-03-14T09:32:00
1371,176397,2024-05-22T01:00:00
1371,7079,2023-11-26T14:46:00
1371,186279,2024-09-11T17:52:00
1372,1030,2024-11-23T04:16:00
1372,89170,2024-02-18T22:52:00
1372,26797,2023-04-15T02:12:00
1373,200740,2024-06-08T14:56:00
1373,197973,2024-08-23T05:51:00
1373,159771,2024-07-19T13:40:00
1374,179023,2023-02-08T06:58:00
1374,52668,2023-06-11T17:58:00
1374,7063,2023-06-08T09:56:00
1374,160684,2023-05-07T23:58:00
1374,6462,2024-07-24T19:43:00
1374,6901,2023-01-23T11:07:00
1374,169740,2023-09-11T06:27:00
1374,59846,2023-02-18T04:04:00
1375,4387,2023-06-17T21:49:00
1375,133443,2023-10-17T04:41:00
1375,47634,2024-04-26T03:47:00
1375,69830,2024-09-16T00:46:00
1375,2318,2023-12-22T10:22:00
1375,209171,2024-02-22T16:43:00
1380,26704,2023-05-05T05:54:00
1380,202697,2024-02-11T22:17:00
1380,140058,2023-04-14T04:16:00
1381,167610,2024-06-26T20:07:00
1381,141524,2023-09-23T11:04:00
1381,117590,2024-09-19T16:27:00
1381,163328,2024-08-19T07:07:00
1381,194456,2023-04-27T09:42:00
1381,160575,2024-06-09T02:44:00
1381,174739,2024-12-03T04:11:00
1382,150864,2024-07-05T04:59:00
1382,107466,2023-12-11T23:45:00
1382,6383,2024-03-24T06:48:00
1382,98629,2023-01-01T18:55:00
1382,129820,2023-02-06T04:17:00
1382,161161,2023-06-07T17:36:00
1383,4397,2024-04-01T13:31:00
1383,87049,2023-12-07T12:39:00
1383,175183,2024-08-17T16:31:00
1383,175767,2023-02-12T05:50:00
1383,108571,2023-01-20T05:29:00
1383,208120,2024-04-18T23:13:00
1383,171729,2024-08-13T09:32:00
1383,83056,2024-05-08T10:23:00
1383,154794,2024-04-01T06:11:00
1383,123258,2023-01-19T12:52:00
1384,1474,2024-06-08T09:26:00
1384,175997,2023-09-11T01:05:00
1385,133199,2023-10-10T13:01:00
1385,148486,2023-08-26T01:22:00
1386,127453,2023-05-01T21:23:00
1386,104504,2024-08-12T16:28:00
1387,3111,2023-01-05T22:35:00
1387,2493,2024-12-06T01:45:00
1388,122956,2024-09-03T12:08:00
1388,170555,2023-10-24T13:55:00
1388,116487,2023-08-26T02:43:00
1388,202103,2024-06-16T12:37:00
1388,185149,2024-03-15T06:43:00
1389,154073,2024-01-27T12:05:00
1389,105952,2023-06-27T21:24:00
1389,5278,2023-10-04T03:35:00
1390,164089,2024-06-05T10:51:00
1390,205168,2023-11-26T16:50:00
1391,32196,2024-01-14T23:50:00
1391,130874,2024-04-01T22:22:00
1391,202697,2024-04-06T11:56:00
1391,130648,2023-01-17T05:49:00
1391,198313,2023-05-21T01:54:00
1391,98056,2023-11-09T15:15:00
1391,184851,2024-07-15T22:42:00
1391,189031,2023-05-28T08:18:00
1391,122476,2024-02-24T19:07:00
1391,199988,2023-05-19T12:19:00
1392,104843,2024-07-27T00:51:00
1392,5596,2024-05-02T15:43:00
1392,26797,2023-11-23T07:02:00
1392,165871,2024-03-15T11:22:00
1392,131788,2023-05-21T22:56:00
1392,195519,2024-05-05T02:53:00
1392,49817,2024-12-21T22:11:00
1392,190769,2024-04-19T10:53:00
1393,150974,2024-12-07T23:52:00
1393,194416,2023-01-21T10:12:00
1393,26529,2024-01-20T05:27:00
1393,66815,2024-03-09T15:53:00
1393,3677,2023-09-27T07:44:00
1393,146984,2023-01-11T23:25:00
1395,55691,2023-04-06T17:08:00
1395,68915,2024-12-14T11:41:00
1395,144838,2023-03-03T22:31:00
1397,169740,2023-04-11T05:00:00
1397,140273,2023-03-07T03:06:00
1397,5278,2024-02-20T16:25:00
1397,83,2024-05-01T02:48:00
1397,50158,2023-10-13T06:26:00
1397,98629,2023-06-06T14:33:00
1398,165253,2024-06-19T14:00:00
1398,126134,2024-10-04T03:56:00
1398,170695,2023-08-26T06:09:00
1398,141034,2023-07-28T12:46:00
1398,66815,2024-07-22T06:34:00
1401,133535,2024-09-06T17:46:00
1401,98629,2023-04-12T06:51:00
1401,4375,2023-11-27T22:54:00
1404,84293,2024-10-27T16:20:00
1404,130648,2023-07-06T05:40:00
1404,27603,2024-04-22T18:52:00
1405,25996,2023-04-10T16:09:00
1405,7986,2024-07-25T21:23:00
1405,66506,2024-07-06T17:28:00
1405,149104,2024-05-08T02:45:00
1406,131009,2024-04-14T03:47:00
1406,63237,2023-09-21T06:26:00
1406,154794,2024-12-18T15:01:00
1407,127494,2024-11-07T00:52:00
1407,203954,2024-08-13T10:51:00
1407,176393,2023-11-09T10:07:00
1408,205120,2024-01-26T13:52:00
1410,92641,2023-08-06T12:46:00
1410,89137,2023-07-13T22:27:00
1410,193419,2023-03-06T09:46:00
1410,62999,2024-08-08T12:04:00
1410,164616,2023-11-22T08:42:00
1411,27603,2023-11-20T06:25:00
1411,202697,2023-11-22T13:37:00
1411,198635,2023-12-12T14:10:00
1411,2640,2023-01-10T17:00:00
1411,133413,2023-06-22T21:14:00
1411,194,2023-06-24T11:11:00
1411,5884,2024-01-25T16:22:00
1411,4387,2024-03-27T19:14:00
1411,168184,2023-04-05T18:50:00
1412,131788,2023-11-09T18:28:00
1412,194694,2023-12-03T22:44:00
1412,156420,2024-05-25T03:13:00
1412,199746,2023-11-18T03:33:00
1412,110316,2024-02-16T01:55:00
1412,144838,2023-11-27T16:19:00
1412,4531,2024-11-18T20:56:00
1413,5147,2023-05-17T14:00:00
1413,196303,2024-03-26T21:11:00
1413,57357,2023-07-22T07:57:00
1413,61937,2023-10-03T20:18:00
1413,133712,2023-06-19T13:18:00
1413,121827,2024-09-04T11:50:00
1413,163817,2024-07-03T14:54:00
1413,201414,2023-02-26T04:09:00
1414,7025,2023-06-10T02:36:00
1414,86635,2024-11-20T02:18:00
1414,1420,2023-04-05T19:45:00
1414,145875,2023-09-12T03:32:00
1414,801,2024-01-03T19:06:00
1416,3676,2023-03-10T03:10:00
1416,110316,2024-08-05T02:15:00
1416,196495,2024-12-09T20:16:00
1416,160122,2024-02-11T21:21:00
1416,121913,2023-12-16T02:39:00
1416,68874,2024-07-09T06:06:00
1416,164089,2024-10-03T20:11:00
1417,142895,2023-10-23T20:58:00
1419,102150,2023-12-06T02:19:00
1419,66295,2023-09-06T16:14:00
1419,2415,2023-04-02T18:53:00
1419,2263,2023-04-18T21:38:00
1419,203737,2023-03-28T18:40:00
1419,630,2024-05-04T11:34:00
1419,199886,2023-03-03T10:03:00
1419,198009,2023-04-19T03:42:00
1421,187961,2024-04-23T07:51:00
1422,149723,2023-11-01T02:34:00
1423,4917,2023-08-22T06:14:00
1423,8260,2024-08-13T01:04:00
1423,140435,2023-03-24T01:50:00
1423,80566,2023-01-20T14:40:00
1423,53849,2024-01-24T02:42:00
1424,187603,2023-07-03T01:28:00
1424,109203,2024-06-19T12:02:00
1424,194694,2024-01-23T23:17:00
1424,116927,2023-04-11T21:19:00
1424,165907,2023-03-12T23:27:00
1424,33424,2024-02-04T11:22:00
1424,133199,2023-10-24T23:34:00
1424,142268,2023-04-17T15:31:00
1424,145849,2024-07-11T13:10:00
1425,109241,2023-09-13T03:10:00
1425,161262,2024-12-09T23:55:00
1425,199319,2023-02-18T09:16:00
1425,6903,2024-06-16T12:53:00
1426,148118,2024-03-12T06:10:00
1426,147194,2024-03-17T23:25:00
1426,149354,2024-11-24T16:20:00
1426,66506,2023-04-12T15:14:00
1426,1163,2024-12-03T14:17:00
1426,121277,2023-03-15T23:37:00
1426,179707,2024-03-26T20:16:00
1426,129731,2023-03-09T07:45:00
1426,193419,2024-06-14T11:10:00
1427,179707,2024-08-21T15:24:00
1427,6469,2024-02-17T12:38:00
1427,148222,2024-08-11T17:43:00
1427,1484,2024-02-23T03:05:00
1427,89607,2023-02-07T19:47:00
1427,26738,2023-08-23T04:04:00
1427,170143,2023-01-05T08:04:00
1427,92894,2023-05-07T12:36:00
1429,96807,2023-07-17T09:28:00
1429,170143,2023-04-09T00:11:00
1429,4366,2024-01-28T19:35:00
1430,121626,2023-11-11T13:50:00
1430,173713,2023-12-13T15:58:00
1432,129820,2023-06-20T19:05:00
1432,68242,2023-03-04T09:23:00
1432,188213,2024-11-01T10:45:00
1433,202940,2023-10-27T20:19:00
1433,131118,2023-09-01T10:16:00
1433,134957,2023-07-09T22:41:00
1434,7398,2023-11-09T06:44:00
1434,3677,2023-05-06T17:45:00
1434,78713,2024-12-14T06:23:00
1434,6486,2024-05-10T00:56:00
1434,83374,2023-01-03T01:29:00
1434,172677,2023-03-24T03:35:00
1434,173197,2024-05-06T01:21:00
1434,83,2023-08-02T20:15:00
1436,184991,2023-04-02T07:47:00
1436,145626,2023-04-02T13:07:00
1436,83430,2023-01-13T03:06:00
1436,109353,2024-04-16T22:07:00
1436,88452,2023-12-04T15:52:00
1436,179389,2023-10-04T03:08:00
1436,77721,2023-02-21T08:21:00
1436,205405,2023-08-27T07:44:00
1437,148062,2024-05-25T12:32:00
1438,27018,2024-01-07T02:32:00
1438,154270,2023-09-17T07:07:00
1438,138124,2024-12-20T14:12:00
1438,131460,2023-07-09T08:16:00
1438,154337,2023-01-25T22:51:00
1441,5873,2023-03-18T22:42:00
1441,182585,2023-11-07T19:16:00
1441,180801,2024-03-15T12:25:00
1441,154142,2024-10-20T12:23:00
1441,77414,2023-12-21T23:37:00
1441,154796,2024-12-12T09:20:00
1441,125435,2023-01-28T05:52:00
1441,55080,2024-09-16T19:20:00
1441,4305,2023-03-14T11:24:00
1441,194254,2023-07-26T15:50:00
1442,128884,2023-08-25T16:54:00
1442,5612,2024-12-22T22:10:00
1442,145875,2024-01-06T05:29:00
1442,115903,2023-03-14T14:24:00
1442,154454,2023-10-21T09:35:00
1443,102248,2024-03-12T10:00:00
1444,3676,2023-03-20T08:09:00
1444,3488,2023-11-06T06:14:00
1444,1321,2023-01-23T04:59:00
1444,179899,2024-11-06T06:49:00
1444,190769,2023-09-17T05:08:00
1444,88814,2024-04-10T20:36:00
1444,26169,2023-05-13T21:29:00
1444,141279,2023-08-08T11:11:00
1445,145106,2024-03-17T02:16:00
1445,72910,2024-09-23T04:47:00
1445,187961,2023-06-28T11:41:00
1445,52668,2023-04-06T00:21:00
1447,1740,2023-01-11T19:42:00
1447,158320,2023-04-27T16:21:00
1447,116283,2023-02-20T02:52:00
1447,27018,2023-12-17T17:52:00
1447,131902,2023-08-27T01:43:00
1448,133233,2023-03-08T15:23:00
1448,179873,2023-01-06T21:43:00
1448,194254,2023-02-14T14:21:00
1448,173011,2024-02-04T21:40:00
1448,158711,2024-05-10T23:26:00
1450,861,2023-12-22T07:53:00
1450,132922,2024-08-14T16:23:00
1450,139505,2024-07-03T06:13:00
1451,68242,2023-01-19T03:03:00
1451,136846,2024-05-07T14:43:00
1451,149252,2024-08-14T10:17:00
1451,3111,2023-04-12T01:39:00
1451,158192,2024-12-04T15:43:00
1451,168214,2024-08-25T09:22:00
1451,5487,2023-02-26T22:17:00
1451,155705,2023-05-24T02:35:00
1451,125259,2024-02-14T19:20:00
1452,203527,2024-07-01T05:56:00
1452,154067,2023-07-03T12:26:00
1452,83225,2024-07-01T03:00:00
1452,131788,2023-07-03T11:31:00
1452,5549,2023-07-14T06:42:00
1452,166171,2023-11-13T03:40:00
1452,119035,2024-01-11T18:18:00
1452,133029,2023-05-17T09:49:00
1454,2318,2023-01-02T21:22:00
1454,5487,2023-12-16T09:58:00
1455,201656,2024-05-04T20:11:00
1455,56616,2024-03-02T23:41:00
1455,128886,2023-09-21T11:27:00
1455,168400,2024-04-11T02:32:00
1455,184851,2023-03-06T01:22:00
1455,198469,2024-07-12T08:45:00
1455,25977,2024-12-28T02:55:00
1455,2732,2023-08-24T03:15:00
1455,202940,2023-11-10T01:49:00
1456,122958,2024-10-18T17:10:00
1456,149104,2024-06-24T16:37:00
1456,45642,2023-04-18T16:13:00
1456,156911,2024-05-10T05:36:00
1456,61937,2023-03-23T00:23:00
1456,164685,2024-09-23T05:57:00
1456,136180,2024-08-02T09:59:00
1456,193801,2023-10-01T06:51:00
1456,52448,2023-10-17T03:58:00
1456,146760,2023-11-14T00:23:00
1457,4893,2024-05-26T11:25:00
1457,6903,2023-02-03T22:57:00
1457,6391,2023-03-28T04:35:00
1457,1612,2023-04-19T00:30:00
1457,123816,2024-06-04T05:08:00
1457,194254,2023-07-24T18:46:00
1457,168760,2024-10-18T00:34:00
1458,52668,2023-07-12T11:26:00
1459,267,2024-08-06T19:06:00
1459,84148,2024-11-22T22:35:00
1459,68915,2024-10-13T16:21:00
1461,206403,2024-06-27T15:09:00
1461,158441,2024-05-17T22:43:00
1461,6172,2023-10-02T17:15:00
1461,147172,2024-01-01T01:38:00
1461,158320,2023-02-22T02:39:00
1461,175997,2024-04-14T22:10:00
1461,26205,2024-03-28T20:13:00
1461,178821,2024-03-07T21:25:00
1461,5612,2023-07-26T02:22:00
1461,163170,2023-01-07T17:06:00
1463,142268,2024-03-21T05:16:00
1463,107658,2024-08-13T15:25:00
1463,84148,2024-09-20T08:56:00
1463,131118,2024-06-02T06:13:00
1463,193459,2023-11-05T02:07:00
1463,102972,2024-06-20T11:32:00
1463,139909,2023-07-01T07:53:00
1463,145612,2023-02-21T23:56:00
1464,180203,2024-01-18T22:07:00
1464,4435,2023-05-23T15:21:00
1464,144212,2024-12-22T11:34:00
1465,190185,2023-01-23T07:11:00
1465,4001,2023-10-18T14:39:00
1465,3242,2024-06-26T05:49:00
1465,180555,2024-12-08T10:15:00
1465,203441,2024-07-28T09:22:00
1465,204236,2024-10-13T11:33:00
1466,168568,2024-07-05T04:07:00
1466,178349,2024-02-10T17:08:00
1466,154270,2024-09-21T22:18:00
1466,130648,2024-02-08T06:43:00
1466,3045,2024-04-12T17:37:00
1466,125636,2024-09-10T22:34:00
1466,154019,2024-11-27T19:59:00
1466,26317,2023-07-11T13:14:00
1466,130152,2024-11-16T05:27:00
1467,175171,2023-10-18T17:32:00
1467,5549,2024-05-28T06:16:00
1467,115779,2024-04-22T02:09:00
1467,171909,2023-06-03T02:38:00
1467,66506,2024-11-07T20:21:00
1467,154142,2023-04-14T17:59:00
1467,52922,2023-02-15T08:06:00
1467,5147,2024-10-27T13:09:00
1467,142268,2024-02-25T14:50:00
1467,171731,2023-01-10T20:19:00
1468,200818,2023-01-26T06:06:00
1468,6451,2023-03-18T08:23:00
1468,186661,2023-06-15T08:51:00
1468,122657,2023-08-11T23:00:00
1468,197973,2023-07-25T05:08:00
1468,173757,2024-05-16T13:57:00
1468,121827,2023-06-04T21:22:00
1473,26641,2024-11-09T21:38:00
1473,180555,2024-11-09T21:25:00
1473,174739,2023-03-11T11:13:00
1473,6795,2024-02-11T04:23:00
1473,101938,2024-07-16T04:32:00
1473,144998,2023-12-08T11:59:00
1473,27731,2023-01-21T12:49:00
1473,172235,2024-08-07T09:35:00
1473,66506,2024-05-24T09:17:00
1473,165329,2023-12-21T14:03:00
1475,7107,2023-06-21T14:37:00
1475,170695,2024-08-12T16:02:00
1475,1740,2024-06-24T20:32:00
1475,196533,2023-01-10T19:24:00
1475,199079,2023-08-03T10:57:00
1475,53004,2023-06-13T19:09:00
1475,84293,2024-06-07T16:42:00
1475,135856,2024-03-23T23:20:00
1475,203435,2024-04-15T01:04:00
1475,86635,2023-12-19T03:11:00
1476,73145,2024-04-25T10:31:00
1476,187189,2024-07-24T17:20:00
1476,176843,2024-06-12T23:21:00
1477,4342,2023-06-07T05:14:00
1479,1714,2023-12-27T19:16:00
1479,188915,2023-10-11T20:12:00
1479,142170,2024-02-23T01:31:00
1479,123391,2023-04-02T15:27:00
1480,194070,2023-05-25T10:41:00
1480,188551,2023-06-24T07:25:00
1480,121693,2024-05-02T19:28:00
1480,5313,2023-06-04T20:14:00
1480,126136,2024-03-17T04:57:00
1480,116929,2023-05-13T09:33:00
1480,153424,2023-03-04T17:24:00
1480,47404,2023-07-01T09:18:00
1480,281,2023-05-04T03:43:00
1480,104243,2024-12-10T20:26:00
1481,7986,2023-11-13T04:09:00
1481,8693,2023-07-02T01:46:00
1481,133443,2024-04-08T08:35:00
1481,130928,2024-11-19T00:39:00
1481,121277,2024-04-25T06:09:00
1481,121827,2023-09-15T12:50:00
1482,3278,2024-10-12T22:15:00
1482,128287,2023-08-02T07:02:00
1482,3587,2023-03-13T15:21:00
1482,129731,2023-06-27T07:22:00
1482,87049,2023-08-05T03:31:00
1482,155521,2024-11-23T23:02:00
1483,4893,2023-01-15T07:07:00
1483,205982,2023-12-23T15:54:00
1483,168184,2023-03-09T19:02:00
1483,108571,2023-11-26T05:13:00
1483,107466,2024-06-01T15:59:00
1485,6462,2024-01-18T05:23:00
1485,153436,2024-07-03T21:28:00
1485,1321,2023-12-10T01:03:00
1485,121731,2023-11-24T03:16:00
1485,170555,2023-11-26T10:34:00
1485,52938,2024-09-21T07:11:00
1485,8695,2023-03-25T00:01:00
1485,98695,2023-12-24T03:43:00
1485,59846,2023-03-23T15:36:00
1486,121277,2023-12-01T08:38:00
1486,78442,2024-01-18T07:04:00
1486,90064,2024-02-25T04:17:00
1486,138428,2023-11-23T02:41:00
1487,208259,2023-09-14T07:09:00
1487,134615,2023-01-14T00:57:00
1487,5487,2023-03-07T03:05:00
1487,26470,2023-12-17T19:25:00
1487,3587,2024-04-22T11:23:00
1487,153436,2024-05-12T21:10:00
1487,8123,2024-10-27T08:04:00
1487,144212,2024-10-26T14:20:00
1487,153726,2024-06-21T15:15:00
1488,133751,2023-05-16T11:22:00
1488,116929,2023-02-04T06:15:00
1488,158489,2023-10-10T14:25:00
1488,2540,2023-12-20T09:42:00
1488,191423,2024-07-26T16:14:00
1488,122928,2024-09-14T03:05:00
1488,164495,2023-03-27T09:20:00
1488,153740,2024-10-24T22:16:00
1488,109203,2024-08-07T11:05:00
1488,41058,2024-11-28T02:03:00
1489,185345,2023-08-22T19:22:00
1489,191293,2023-10-06T16:51:00
1489,74820,2023-04-03T00:31:00
1489,66506,2024-09-20T09:34:00
1489,161262,2024-07-10T15:10:00
1489,166269,2023-01-25T18:52:00
1489,26169,2023-07-18T20:43:00
1491,173011,2024-05-06T15:00:00
1491,156911,2024-08-23T10:54:00
1491,196533,2024-07-16T07:34:00
1491,185149,2023-11-22T14:25:00
1491,144552,2024-06-13T03:58:00
1491,114429,2023-05-15T20:35:00
1491,133233,2023-11-09T13:28:00
1491,4893,2023-01-05T13:09:00
1491,208443,2023-04-23T03:52:00
1494,160561,2023-10-01T12:38:00
1494,118788,2023-02-07T14:44:00
1494,114396,2023-02-14T06:54:00
1494,187025,2023-11-11T23:15:00
1494,199079,2024-03-26T20:15:00
1496,148106,2024-07-13T05:21:00
1496,5278,2024-10-17T02:07:00
1496,158320,2024-06-25T00:52:00
1496,163200,2024-06-01T12:04:00
1496,90947,2023-06-05T01:18:00
1497,75981,2024-08-18T09:55:00
1497,851,2023-09-24T20:32:00
1502,187553,2024-04-04T04:52:00
1502,123258,2024-03-27T10:46:00
1502,151641,2023-02-13T10:44:00
1502,182849,2023-10-26T02:13:00
1502,1163,2024-06-28T16:04:00
1502,99739,2024-02-26T14:09:00
1502,83430,2024-05-13T06:23:00
1503,112001,2023-10-09T05:52:00
1503,117668,2024-02-19T11:46:00
1503,141365,2023-02-26T12:35:00
1503,166171,2023-05-27T13:08:00
1503,136174,2023-03-20T03:30:00
1503,180901,2023-05-15T10:03:00
1503,86635,2024-10-20T16:01:00
1503,146090,2023-10-12T17:58:00
1506,145871,2023-07-05T08:30:00
1506,135856,2024-02-22T09:22:00
1506,121277,2023-05-20T22:35:00
1506,171421,2024-06-12T09:57:00
1506,164495,2023-09-19T20:04:00
1506,202455,2023-05-18T19:55:00
1506,2404,2023-03-02T22:42:00
1506,150974,2023-07-06T17:05:00
1506,142170,2024-12-24T14:18:00
1506,146832,2024-01-10T13:37:00
1507,85538,2024-12-16T21:57:00
1507,196533,2023-02-23T20:54:00
1507,71999,2024-01-09T05:46:00
1507,70571,2023-06-10T20:06:00
1507,4342,2024-11-01T07:58:00
1507,122476,2024-04-03T22:57:00
1507,199952,2024-06-12T04:34:00
1507,912,2024-03-15T08:24:00
1507,117590,2023-09-05T22:27:00
1511,132438,2023-08-16T14:42:00
1511,93022,2024-02-20T15:58:00
1511,205635,2024-08-14T17:58:00
1511,4291,2023-02-13T12:42:00
1511,965,2023-07-24T07:46:00
1511,193419,2023-09-25T08:07:00
1511,3485,2023-06-17T16:22:00
1511,110560,2023-06-23T11:28:00
1512,4400,2023-03-26T07:01:00
1512,202089,2023-02-20T14:48:00
1512,136846,2023-08-11T16:04:00
1513,131788,2024-10-17T11:58:00
1513,205405,2023-08-14T00:59:00
1513,53849,2024-03-27T08:29:00
1514,1612,2024-03-10T21:22:00
1514,52668,2023-07-01T07:18:00
1514,5313,2023-11-01T03:53:00
1514,168216,2023-09-20T16:46:00
1514,176041,2024-12-11T13:32:00
1514,55343,2024-12-01T10:13:00
1514,123816,2024-09-25T12:16:00
1514,122216,2023-09-26T19:02:00
1514,172235,2024-02-21T01:56:00
1514,159349,2024-07-13T19:18:00
1515,117312,2024-02-11T19:32:00
1516,6455,2023-06-14T22:50:00
1516,207624,2023-02-17T22:07:00
1516,80097,2023-02-01T19:43:00
1516,203735,2024-11-19T13:01:00
1516,67927,2024-07-28T11:24:00
1516,70571,2023-03-01T15:57:00
1516,71999,2023-04-04T00:34:00
1516,187879,2023-09-01T03:46:00
1517,106822,2023-10-18T10:11:00
1517,124829,2024-05-09T17:34:00
1517,184869,2023-09-17T21:40:00
1517,117668,2023-12-05T00:19:00
1517,192401,2023-06-05T16:23:00
1517,8694,2024-03-08T00:17:00
1517,1155,2023-09-25T05:29:00
1517,26797,2024-07-03T18:56:00
1517,109353,2024-02-15T13:25:00
1518,116283,2024-02-12T02:35:00
1518,148755,2023-01-07T17:45:00
1518,199746,2023-02-15T01:59:00
1518,166171,2024-03-18T12:45:00
1518,189031,2023-05-27T03:56:00
1518,96807,2024-02-05T18:05:00
1518,133413,2024-06-15T15:49:00
1518,164685,2023-07-11T13:23:00
1518,123065,2023-07-06T08:23:00
1519,206010,2023-09-02T16:20:00
1519,96807,2024-09-10T09:53:00
1519,201656,2024-10-02T18:10:00
1519,4002,2024-12-11T02:03:00
1519,151617,2024-03-21T08:27:00
1519,154142,2023-12-08T21:54:00
1519,3045,2023-02-07T06:20:00
1519,123246,2024-01-03T08:22:00
1520,189035,2023-05-19T00:25:00
1520,119035,2023-09-17T17:35:00
1520,88452,2023-12-09T03:07:00
1520,78713,2024-01-23T20:28:00
1520,2496,2023-11-09T20:03:00
1520,173757,2023-09-03T16:04:00
1521,158711,2024-12-26T16:01:00
1521,188213,2023-09-18T06:44:00
1521,169154,2023-03-08T11:42:00
1521,81673,2023-11-23T14:00:00
1521,163084,2023-12-08T08:38:00
1521,140058,2023-09-18T07:42:00
1521,53004,2024-04-13T20:09:00
1521,45581,2024-05-05T06:44:00
1521,118736,2024-09-04T04:34:00
1521,180879,2024-10-14T13:42:00
1522,86802,2023-02-20T01:16:00
1522,27603,2023-12-11T04:38:00
1522,5147,2024-07-14T23:23:00
1522,150340,2024-12-17T14:02:00
1522,3587,2024-10-18T02:49:00
1522,99906,2024-07-04T06:20:00
1522,5596,2023-03-17T05:00:00
1522,163861,2023-01-09T13:46:00
1522,136986,2024-10-10T13:37:00
1522,122956,2023-01-04T20:42:00
1523,188489,2023-06-27T05:59:00
1523,5278,2023-05-15T06:32:00
1523,1526,2024-02-09T20:51:00
1524,3677,2024-03-18T08:10:00
1524,127847,2023-04-02T08:20:00
1524,6722,2024-10-03T14:13:00
1525,145875,2023-02-12T08:40:00
1525,3113,2024-03-26T02:40:00
1525,109241,2023-10-21T22:09:00
1525,40226,2024-12-02T11:25:00
1525,193801,2024-10-04T14:35:00
1525,119035,2024-06-25T23:46:00
1526,801,2024-12-07T01:10:00
1526,26797,2024-06-26T10:25:00
1526,108571,2023-08-08T22:12:00
1526,97828,2024-11-02T10:51:00
1527,2145,2023-09-02T09:27:00
1527,118736,2024-02-20T10:17:00
1527,90947,2024-07-17T01:35:00
1527,144998,2023-05-01T08:23:00
1527,72910,2024-02-12T14:23:00
1527,133199,2023-07-13T22:34:00
1527,141550,2024-01-28T12:04:00
1527,185149,2023-05-23T09:10:00
1528,80566,2023-11-09T04:48:00
1528,129820,2024-12-08T23:26:00
1528,120252,2024-07-12T14:06:00
1528,116604,2023-06-24T13:41:00
1528,108936,2024-08-26T14:52:00
1530,199319,2024-08-27T23:38:00
1530,3594,2023-05-11T04:23:00
1530,164089,2024-05-20T03:02:00
1530,194254,2024-01-23T01:47:00
1530,164127,2024-09-24T16:51:00
1530,131118,2024-07-12T13:14:00
1532,98629,2024-09-16T22:28:00
1532,141886,2023-11-21T21:15:00
1532,171729,2024-06-26T08:51:00
1532,87049,2024-01-14T17:46:00
1532,62237,2024-06-28T15:36:00
1532,122216,2023-12-08T02:15:00
1533,145849,2024-02-18T06:43:00
1533,158350,2023-06-03T10:59:00
1534,196495,2024-08-07T08:36:00
1534,189687,2024-03-01T22:44:00
1534,109793,2024-01-19T21:32:00
1534,204126,2024-08-06T13:46:00
1534,4435,2024-10-06T19:37:00
1534,59387,2024-07-01T22:52:00
1534,207624,2024-02-07T04:06:00
1535,170695,2023-12-24T18:39:00
1535,174621,2023-04-25T12:25:00
1535,140273,2024-11-14T18:08:00
1535,134615,2024-07-01T19:40:00
1535,143689,2024-01-09T09:07:00
1536,7281,2023-07-20T01:32:00
1536,196495,2023-08-21T11:02:00
1536,123735,2023-01-22T17:57:00
1536,143689,2023-10-24T13:51:00
1536,154270,2024-01-22T21:37:00
1536,133029,2024-11-18T13:01:00
1537,134957,2024-02-02T01:36:00
1537,92894,2023-10-25T11:08:00
1537,165229,2023-07-08T17:47:00
1537,118470,2024-11-27T20:41:00
1537,96306,2023-05-25T16:29:00
1537,171421,2024-04-02T02:42:00
1537,192637,2023-11-06T00:57:00
1537,191,2023-10-10T08:32:00
1537,5873,2023-05-10T20:17:00
1538,193976,2024-04-08T03:08:00
1538,75962,2023-06-18T16:55:00
1538,61724,2023-11-08T23:54:00
1538,182849,2023-06-18T19:25:00
1538,194536,2024-04-07T04:58:00
1538,159626,2024-05-23T04:42:00
1539,8387,2024-11-10T09:05:00
1539,134657,2023-01-04T10:18:00
1539,113989,2023-01-08T06:02:00
1539,134615,2023-11-11T04:18:00
1539,5086,2024-03-23T20:41:00
1539,36426,2023-09-07T19:49:00
1539,180879,2023-03-11T23:21:00
1539,235,2023-01-08T07:58:00
1540,163625,2024-10-27T13:41:00
1540,135856,2024-10-19T22:26:00
1540,203483,2023-08-24T08:04:00
1540,4366,2024-02-04T12:12:00
1540,26470,2024-08-03T05:54:00
1540,194456,2024-05-26T01:11:00
1540,203737,2024-07-06T19:51:00
1540,8459,2024-05-18T00:11:00
1540,109353,2023-07-02T12:15:00
1541,203435,2023-04-24T16:42:00
1541,188551,2024-08-17T20:48:00
1542,47894,2024-08-24T13:01:00
1542,128287,2023-01-16T20:55:00
1542,86717,2023-10-04T06:52:00
1542,192637,2023-03-22T15:38:00
1542,90947,2023-04-05T15:29:00
1542,198009,2023-03-05T04:59:00
1542,32139,2023-06-28T19:37:00
1542,129445,2023-06-28T21:58:00
1542,6172,2023-03-21T08:34:00
1543,1420,2023-01-16T19:01:00
1543,144078,2023-11-19T02:27:00
1543,66686,2024-04-25T16:17:00
1543,86635,2024-10-12T12:09:00
1543,6803,2024-02-28T13:47:00
1543,164495,2024-10-24T04:28:00
1543,86802,2023-07-25T23:04:00
1544,152597,2024-01-14T09:06:00
1544,196533,2023-12-12T00:43:00
1544,6098,2023-10-01T08:38:00
1544,194318,2023-03-15T11:46:00
1545,118800,2024-07-12T18:08:00
1545,26738,2024-03-04T10:09:00
1545,104243,2023-06-11T02:22:00
1545,61475,2023-08-18T11:20:00
1545,75981,2023-10-22T03:25:00
1545,203222,2023-03-20T07:38:00
1545,5487,2024-10-04T03:48:00
1545,169154,2023-07-24T18:38:00
1545,180801,2024-03-04T23:29:00
1546,91201,2024-04-27T05:02:00
1546,205120,2024-01-22T10:41:00
1546,81564,2024-09-24T18:00:00
1547,73145,2024-12-12T08:11:00
1547,69830,2023-11-27T17:31:00
1547,98695,2023-05-23T09:14:00
1547,168016,2024-03-27T13:39:00
1547,80768,2023-07-10T21:17:00
1547,1543,2023-10-12T03:27:00
1548,7122,2024-05-23T00:14:00
1548,27376,2024-01-23T11:38:00
1548,48043,2024-03-28T22:50:00
1548,158320,2024-03-07T05:13:00
1548,169740,2024-05-18T18:07:00
1548,180191,2024-09-16T13:49:00
1548,2263,2023-02-04T02:01:00
1548,197987,2023-09-06T04:55:00
1548,194456,2024-02-04T12:37:00
1549,157897,2023-06-25T06:04:00
1549,184815,2023-08-16T01:39:00
1549,7063,2024-03-20T20:29:00
1549,59795,2024-04-22T17:27:00
1549,141550,2024-09-11T07:28:00
1550,26169,2024-11-13T14:45:00
1550,2415,2024-10-18T10:41:00
1551,175319,2023-08-12T16:20:00
1551,194670,2024-08-19T19:03:00
1551,184991,2024-03-11T19:26:00
1551,8695,2024-12-16T08:50:00
1551,146760,2024-04-12T04:40:00
1551,194070,2024-03-16T01:26:00
1551,160684,2023-04-20T14:47:00
1551,88814,2024-07-06T18:05:00
1551,45030,2023-05-10T09:54:00
1551,128884,2023-08-01T07:59:00
1552,174739,2024-12-08T12:32:00
1552,204184,2024-06-27T10:20:00
1552,160836,2023-01-12T13:06:00
1552,141524,2023-08-09T22:54:00
1552,150340,2024-02-26T00:34:00
1552,151469,2023-03-09T04:40:00
1552,3242,2024-07-27T17:04:00
1552,185521,2024-01-07T12:44:00
1552,89206,2024-06-24T10:40:00
1552,187467,2024-01-13T06:06:00
1553,164089,2023-05-08T02:40:00
1553,47404,2024-03-20T22:54:00
1553,114396,2024-09-17T07:01:00
1553,134260,2023-11-16T16:40:00
1553,69521,2024-06-15T13:29:00
1553,126290,2024-10-03T18:01:00
1553,5598,2024-10-17T14:09:00
1553,204184,2024-05-18T23:59:00
1553,92641,2023-10-23T19:06:00
1555,4893,2023-09-27T13:50:00
1558,188885,2024-01-04T13:56:00
1558,124829,2023-08-13T23:27:00
1558,105446,2024-03-12T04:18:00
1558,177745,2023-09-18T08:56:00
1558,155521,2023-06-06T18:27:00
1560,33251,2024-04-02T20:03:00
1560,1474,2024-08-05T21:43:00
1565,6134,2023-10-02T11:58:00
1566,452,2023-01-18T19:38:00
1566,134214,2023-01-24T00:13:00
1566,4664,2024-10-20T10:12:00
1566,115779,2024-02-15T07:13:00
1567,175183,2024-11-26T07:57:00
1567,98695,2023-12-16T08:52:00
1567,166269,2024-06-11T22:17:00
1567,122928,2024-06-26T23:56:00
1567,136174,2024-03-20T13:15:00
1568,164127,2024-11-21T07:09:00
1568,3111,2023-04-11T02:17:00
1568,3677,2024-06-28T22:34:00
1568,163170,2023-05-28T23:11:00
1568,131866,2023-03-10T17:23:00
1568,151447,2024-09-16T22:14:00
1570,155493,2024-10-08T02:02:00
1570,204126,2023-02-20T09:16:00
1570,164127,2024-07-14T00:58:00
1571,7281,2023-10-11T08:06:00
1571,72678,2023-10-22T07:21:00
1571,155308,2024-12-16T03:16:00
1571,173011,2023-06-06T11:36:00
1571,122009,2023-03-28T05:47:00
1571,154073,2023-09-27T11:23:00
1571,6232,2023-08-18T12:05:00
1572,6383,2023-01-12T03:08:00
1572,204236,2023-11-06T17:50:00
1572,168334,2024-05-22T10:57:00
1572,130648,2023-04-14T15:10:00
1573,89607,2023-08-19T07:13:00
1573,187039,2023-03-11T16:31:00
1573,122741,2024-04-23T11:58:00
1573,131341,2024-11-09T06:15:00
1574,6903,2024-10-24T21:32:00
1574,630,2024-07-08T06:07:00
1574,27018,2024-06-01T23:15:00
1574,3676,2023-07-09T13:14:00
1574,4387,2023-01-07T10:42:00
1574,141365,2024-02-27T01:06:00
1574,204126,2024-01-17T12:34:00
1574,5799,2024-01-02T05:09:00
1574,8387,2024-09-25T23:49:00
1574,198313,2023-04-12T13:43:00
1575,123495,2023-11-15T11:31:00
1575,191,2023-09-22T11:31:00
1576,66686,2023-03-07T04:13:00
1576,47629,2024-05-22T16:16:00
1576,158192,2024-01-27T18:51:00
1576,80655,2023-09-15T06:36:00
1576,176805,2023-12-20T07:18:00
1576,178349,2024-09-26T07:15:00
1576,3111,2024-01-11T12:44:00
1576,144442,2024-12-02T09:59:00
1576,170143,2024-11-15T18:08:00
1577,102248,2024-12-12T19:33:00
1577,6073,2024-01-25T21:48:00
1577,128886,2024-01-23T10:21:00
1577,202455,2024-02-09T08:48:00
1577,186661,2023-04-22T20:42:00
1577,154270,2023-07-23T21:50:00
1577,142262,2024-09-10T09:30:00
1577,7763,2024-05-19T13:33:00
1578,1030,2024-07-24T02:04:00
1578,158400,2024-05-04T10:38:00
1578,160684,2023-04-18T02:35:00
1578,175967,2023-10-01T07:17:00
1578,171421,2024-06-24T04:25:00
1578,74327,2023-07-09T00:47:00
1578,44255,2024-12-13T21:35:00
1578,51402,2024-07-21T00:39:00
1579,25764,2024-05-13T12:41:00
1579,99925,2023-11-24T06:30:00
1579,6067,2023-11-14T16:33:00
1579,168760,2024-10-17T14:24:00
1579,126290,2024-12-17T19:48:00
1579,188659,2024-01-07T10:16:00
1579,155493,2023-12-12T02:07:00
1579,26470,2023-09-19T14:44:00
1579,47634,2024-11-06T10:02:00
1581,151447,2024-08-11T22:24:00
1581,1714,2023-07-03T07:27:00
1581,149072,2023-10-14T01:25:00
1582,84989,2024-06-26T23:24:00
1582,96110,2024-08-14T02:22:00
1582,109793,2024-07-07T13:12:00
1582,136180,2024-03-14T06:45:00
1582,3768,2023-09-23T02:00:00
1583,5807,2024-08-18T18:23:00
1583,2732,2023-05-05T23:31:00
1583,98402,2024-01-13T16:42:00
1583,26090,2023-09-24T10:14:00
1583,202089,2023-08-28T00:38:00
1583,203222,2023-07-09T00:23:00
1584,2176,2024-07-07T16:51:00
1584,195519,2023-05-26T23:47:00
1585,80097,2023-05-02T20:50:00
1585,131118,2024-08-13T03:22:00
1585,184991,2023-08-17T22:03:00
1585,3768,2023-12-17T23:11:00
1585,175983,2023-07-22T17:00:00
1585,144442,2023-07-28T06:06:00
1587,8387,2024-05-12T06:08:00
1587,83225,2023-09-11T09:32:00
1587,131460,2023-11-25T19:03:00
1587,129532,2024-12-12T05:56:00
1588,1376,2023-03-07T17:26:00
1588,6455,2023-01-14T22:22:00
1588,55691,2024-09-07T20:37:00
1588,194318,2024-12-14T02:40:00
1588,86802,2024-03-08T02:27:00
1588,100838,2024-04-16T05:47:00
1588,96807,2023-06-22T15:16:00
1589,80655,2023-03-07T04:43:00
1589,109203,2024-06-16T10:44:00
1589,131460,2023-09-28T03:31:00
1589,72936,2024-03-03T12:19:00
1589,72678,2024-07-01T19:01:00
1589,190473,2024-02-14T02:23:00
1589,187733,2024-10-06T16:58:00
1590,144906,2023-03-15T07:24:00
1590,7398,2023-09-06T18:43:00
1590,122226,2023-02-27T09:57:00
1590,4400,2024-07-22T20:09:00
1590,93535,2024-11-08T11:43:00
1590,169740,2023-07-11T11:33:00
1590,913,2023-08-22T11:36:00
1590,1612,2024-09-12T13:12:00
1591,160444,2024-05-17T00:56:00
1591,140058,2023-03-07T16:31:00
1591,140435,2023-04-02T05:17:00
1591,197747,2023-06-14T08:46:00
1591,1612,2023-01-26T01:15:00
1591,114642,2024-01-17T05:09:00
1591,2136,2023-11-26T20:16:00
1594,4893,2023-10-23T19:14:00
1594,88682,2023-07-02T15:24:00
1594,131009,2024-05-23T00:56:00
1594,38061,2024-12-26T20:03:00
1594,123065,2023-02-23T14:28:00
1594,6749,2024-02-01T22:44:00
1594,5596,2023-07-05T12:11:00
1595,191293,2024-01-06T10:02:00
1595,8695,2023-06-11T23:21:00
1595,200818,2024-02-24T07:36:00
1595,195933,2024-06-02T09:01:00
1596,87915,2024-07-24T06:59:00
1596,175235,2023-08-04T03:43:00
1596,912,2024-11-28T16:37:00
1596,1263,2024-04-01T10:23:00
1596,7369,2023-05-09T16:42:00
1596,131009,2023-03-05T06:13:00
1596,7763,2024-07-22T13:21:00
1597,71114,2024-01-15T18:49:00
1597,80748,2024-07-06T12:15:00
1597,187829,2024-11-26T14:25:00
1597,185345,2023-01-18T17:17:00
1597,76277,2024-06-10T19:35:00
1597,67894,2024-03-26T19:44:00
1598,197065,2023-11-02T20:19:00
1598,84148,2024-01-23T08:57:00
1598,164089,2024-03-18T21:26:00
1598,98629,2024-01-16T22:44:00
1598,113492,2023-10-16T15:11:00
1598,26119,2024-08-27T09:20:00
1599,180901,2023-08-11T02:49:00
1601,126134,2024-08-25T10:48:00
1601,203954,2024-01-27T16:02:00
1601,3045,2024-01-15T23:30:00
1601,26144,2023-06-01T22:01:00
1601,169528,2024-07-22T04:59:00
1601,134260,2024-10-27T18:03:00
1601,144192,2023-06-03T04:46:00
1601,148222,2023-10-13T10:55:00
1601,86343,2023-06-09T02:26:00
1601,27018,2024-04-27T02:06:00
1602,75962,2023-02-04T02:46:00
1603,5214,2024-02-12T18:21:00
1603,155304,2024-11-07T13:40:00
1603,165229,2023-04-05T12:43:00
1603,137319,2024-06-05T15:21:00
1603,194456,2023-10-23T21:18:00
1603,52938,2023-05-18T22:24:00
1603,156821,2023-02-06T21:47:00
1603,61475,2023-08-07T07:00:00
1603,47629,2024-01-18T17:40:00
1603,7025,2023-06-06T00:58:00
1604,80097,2024-03-23T10:35:00
1604,194070,2023-08-01T04:30:00
1604,109353,2023-10-27T12:12:00
1604,110763,2024-09-17T04:29:00
1604,173011,2024-04-01T07:25:00
1605,6172,2024-02-09T03:41:00
1605,2176,2023-08-06T00:50:00
1605,173011,2024-12-16T07:04:00
1605,75981,2023-05-19T15:12:00
1605,6455,2023-06-24T11:33:00
1605,105446,2024-11-15T13:32:00
1605,2404,2023-08-18T02:48:00
1605,26119,2024-06-12T03:42:00
1605,124374,2024-06-25T10:02:00
1608,130928,2024-01-15T15:48:00
1608,187603,2023-10-02T05:23:00
1608,139022,2023-09-02T23:29:00
1608,95744,2023-06-20T13:26:00
1608,125295,2024-11-11T16:49:00
1608,167296,2024-11-06T20:10:00
1608,157897,2024-03-09T23:40:00
1608,149354,2023-07-13T05:12:00
1608,164616,2023-02-26T15:20:00
1609,160561,2023-07-19T12:59:00
1609,26119,2023-07-21T00:08:00
1609,134214,2024-03-25T23:24:00
1609,195185,2023-02-23T04:39:00
1609,26813,2023-03-08T17:40:00
1609,88452,2024-09-20T01:48:00
1609,150340,2023-10-24T15:33:00
1609,197747,2024-07-12T10:50:00
1610,26676,2023-02-16T04:55:00
1610,128287,2024-04-22T07:15:00
1610,68915,2023-09-26T01:04:00
1610,60133,2024-08-09T01:01:00
1610,89206,2023-05-26T15:28:00
1612,851,2024-07-27T07:07:00
1612,2820,2023-10-26T20:34:00
1612,5544,2024-01-08T07:16:00
1612,202559,2023-07-05T21:23:00
1612,128977,2023-10-04T05:12:00
1612,34469,2023-06-24T04:12:00
1612,181391,2023-12-24T10:53:00
1612,201656,2024-08-19T15:55:00
1612,55691,2023-01-07T03:41:00
1612,163545,2023-11-12T05:22:00
1614,201414,2023-03-12T07:58:00
1614,126134,2024-02-10T17:17:00
1614,146188,2023-10-07T18:16:00
1614,197987,2024-12-21T23:16:00
1614,171729,2024-08-21T18:34:00
1614,71936,2023-07-06T14:15:00
1614,42053,2024-05-17T02:54:00
1615,205957,2024-09-24T07:22:00
1615,171421,2023-06-02T16:57:00
1615,1474,2024-08-11T22:18:00
1615,4435,2024-06-18T04:49:00
1615,154073,2024-02-13T06:49:00
1615,169004,2024-07-28T12:41:00
1615,141034,2023-04-15T07:04:00
1615,104243,2024-06-20T06:42:00
1615,112001,2023-11-03T18:55:00
1616,1740,2024-07-18T18:00:00
1616,171421,2023-04-10T04:29:00
1616,131902,2024-07-01T02:06:00
1616,25764,2023-11-12T17:00:00
1616,140058,2024-10-03T13:23:00
1616,80655,2024-04-14T03:04:00
1616,90947,2024-08-05T13:42:00
1617,8855,2023-07-24T06:06:00
1617,150974,2023-07-21T17:27:00
1617,89137,2023-04-15T05:01:00
1617,5884,2023-07-08T05:37:00
1618,121827,2024-05-19T13:51:00
1618,144212,2023-10-16T21:31:00
1618,131009,2024-04-08T14:43:00
1618,149646,2023-09-03T12:27:00
1618,197973,2024-02-04T15:49:00
1618,66686,2024-08-14T16:42:00
1618,72261,2023-06-24T19:30:00
1618,170695,2024-09-02T14:37:00
1618,5799,2024-09-06T09:05:00
1618,95744,2024-02-15T12:41:00
1620,180833,2023-02-18T06:15:00
1620,4291,2024-04-21T12:22:00
1620,130152,2024-06-27T16:33:00
1620,89607,2024-07-19T15:32:00
1620,92446,2024-02-11T01:29:00
1620,187603,2024-01-23T08:42:00
1620,109793,2023-03-02T12:13:00
1621,7122,2023-02-19T00:46:00
1621,8459,2024-03-05T20:00:00
1622,95744,2024-07-06T05:46:00
1622,3488,2023-12-07T06:00:00
1622,156420,2024-12-25T00:24:00
1622,6469,2023-01-26T16:01:00
1623,76082,2023-09-05T13:46:00
1623,179899,2024-04-28T06:34:00
1624,96799,2024-01-03T20:50:00
1624,83374,2023-11-03T05:52:00
1624,320,2024-08-26T15:16:00
1624,119035,2023-01-25T06:45:00
1624,144770,2024-06-09T10:00:00
1624,122476,2023-07-08T16:57:00
1624,96960,2024-06-01T15:29:00
1626,170143,2023-10-20T12:30:00
1626,181287,2024-02-22T06:05:00
1626,137427,2024-06-12T01:45:00
1626,4366,2024-10-27T14:20:00
1626,27788,2024-05-20T10:36:00
1626,92740,2023-03-01T16:58:00
1626,180555,2024-08-01T13:28:00
1626,204184,2023-04-24T14:49:00
1626,1989,2023-03-27T20:53:00
1626,156280,2024-12-10T07:12:00
1628,81142,2023-05-16T12:06:00
1628,156911,2024-05-18T18:19:00
1628,62999,2023-12-05T01:30:00
1628,2732,2024-10-01T11:17:00
1628,66785,2024-08-22T00:42:00
1628,98114,2024-12-22T18:05:00
1628,138820,2023-08-28T15:11:00
1628,3278,2024-01-27T01:59:00
1629,144078,2024-03-06T05:08:00
1629,138820,2024-06-15T16:09:00
1629,145612,2024-09-02T12:24:00
1629,134657,2024-05-11T05:50:00
1629,114429,2023-08-22T16:30:00
1631,3113,2024-04-28T08:51:00
1632,144838,2024-12-26T02:06:00
1632,142634,2024-05-16T10:17:00
1632,200562,2023-05-17T17:15:00
1632,26641,2024-04-23T19:55:00
1632,56616,2023-08-26T22:42:00
1634,3483,2023-01-02T22:00:00
1634,87915,2023-05-26T18:31:00
1634,83225,2024-04-15T12:48:00
1634,4342,2024-05-02T21:30:00
1634,146090,2023-07-14T09:02:00
1634,171421,2023-08-01T07:29:00
1634,187611,2024-09-05T01:57:00
1634,132868,2024-08-18T08:42:00
1634,141034,2024-01-24T22:19:00
1634,154984,2023-01-10T16:53:00
1635,175767,2024-06-27T12:24:00
1635,170143,2024-05-09T09:08:00
1635,84989,2023-03-04T14:17:00
1635,4198,2023-09-03T12:48:00
1635,145871,2024-12-25T18:36:00
1635,80655,2024-09-28T04:16:00
1635,6067,2023-09-06T01:21:00
1635,160444,2023-07-14T19:25:00
1635,133272,2023-05-14T08:48:00
1636,160575,2024-12-10T05:21:00
1636,152395,2024-12-10T20:11:00
1636,86343,2023-12-04T13:06:00
1636,206403,2024-01-01T09:05:00
1638,1376,2024-11-27T01:16:00
1638,44255,2023-05-14T06:31:00
1638,102677,2023-04-19T11:31:00
1638,169004,2023-10-07T13:41:00
1640,96110,2023-02-01T06:14:00
1640,27788,2023-02-15T04:14:00
1640,88682,2023-11-17T18:37:00
1640,205405,2024-02-26T07:59:00
1640,141034,2023-02-24T18:36:00
1640,7063,2023-12-17T01:25:00
1640,171093,2024-02-25T07:40:00
1640,185149,2024-09-16T21:09:00
1640,149104,2023-09-18T03:28:00
1641,5873,2024-06-17T15:23:00
1641,164495,2023-01-22T10:17:00
1641,63237,2024-07-03T14:53:00
1642,94314,2023-02-06T00:56:00
1642,68915,2024-10-14T02:08:00
1642,38061,2023-01-14T20:12:00
1642,188213,2023-01-10T10:59:00
1642,81142,2023-12-28T21:00:00
1644,86635,2024-10-04T22:15:00
1644,128015,2023-09-06T20:14:00
1645,137427,2024-04-07T05:23:00
1645,86802,2023-03-19T16:08:00
1645,1796,2023-07-22T07:46:00
1645,5379,2023-06-18T20:03:00
1645,146172,2023-02-19T10:52:00
1645,202559,2023-04-20T20:58:00
1646,118800,2024-02-17T00:35:00
1647,203527,2023-10-07T19:33:00
1652,170555,2024-12-24T11:38:00
1652,139909,2024-02-03T12:44:00
1652,149592,2024-10-21T20:54:00
1652,3551,2024-01-23T04:00:00
1652,105144,2024-12-21T16:42:00
1652,47634,2024-05-12T12:10:00
1652,202559,2024-02-23T10:24:00
1653,158400,2024-08-17T00:04:00
1653,6082,2023-10-07T08:26:00
1653,145849,2023-03-24T02:26:00
1653,7063,2024-06-02T10:25:00
1653,132438,2023-12-14T12:29:00
1653,25764,2024-02-21T18:49:00
1653,142262,2023-11-25T22:10:00
1654,55080,2023-04-26T19:01:00
1654,6486,2023-09-15T03:15:00
1654,156919,2024-04-08T05:29:00
1654,38061,2024-08-19T17:58:00
1654,103241,2024-03-11T13:25:00
1654,194070,2024-09-13T19:38:00
1654,156821,2023-10-09T21:09:00
1654,27788,2023-08-05T20:20:00
1657,166482,2023-11-25T20:09:00
1657,139505,2023-08-24T15:44:00
1657,62237,2024-09-25T14:34:00
1657,4366,2024-06-11T14:43:00
1657,162668,2024-05-14T21:34:00
1657,3045,2024-10-06T15:12:00
1657,143689,2023-02-20T21:45:00
1657,160561,2024-11-26T12:29:00
1657,130152,2024-01-14T09:27:00
1658,105084,2024-05-13T01:06:00
1658,851,2023-06-09T14:13:00
1658,25764,2024-01-13T15:04:00
1658,147194,2023-07-02T06:53:00
1658,116489,2023-07-14T04:46:00
1658,117590,2024-11-18T02:39:00
1659,132022,2023-01-12T16:20:00
1659,73031,2024-04-17T17:08:00
1659,124829,2024-12-04T23:19:00
1659,182585,2023-03-22T15:05:00
1659,68242,2023-07-06T01:40:00
1659,175997,2024-06-21T05:44:00
1661,128886,2023-12-21T05:52:00
1661,3483,2024-01-07T22:35:00
1661,26676,2023-11-19T11:21:00
1661,2136,2024-05-26T13:22:00
1661,158711,2024-05-04T16:25:00
1661,121194,2023-09-22T05:43:00
1661,190769,2024-05-14T05:06:00
1661,160187,2024-11-20T13:25:00
1662,8695,2023-10-15T20:23:00
1662,133233,2023-04-01T10:24:00
1662,131310,2023-01-19T07:23:00
1662,196533,2024-05-11T07:11:00
1662,102677,2024-08-15T15:43:00
1663,81413,2024-09-28T01:09:00
1663,205120,2024-08-07T16:02:00
1663,8260,2024-06-01T08:03:00
1663,4266,2023-09-22T07:08:00
1663,148222,2023-04-24T00:43:00
1663,71999,2023-09-12T08:56:00
1663,154984,2023-06-23T08:45:00
1664,199746,2024-07-21T14:37:00
1664,4342,2024-02-17T05:53:00
1664,96306,2024-09-07T06:21:00
1664,195263,2024-07-14T06:18:00
1664,39896,2023-01-12T20:06:00
1664,172783,2024-06-21T18:59:00
1664,145871,2024-04-07T06:31:00
1664,3560,2024-04-08T16:26:00
1664,171519,2024-11-07T05:16:00
1664,3113,2023-06-25T01:27:00
1667,85538,2023-04-11T03:32:00
1667,165907,2023-04-17T20:12:00
1667,86802,2023-02-06T14:42:00
1667,156919,2023-08-19T08:08:00
1667,169154,2024-03-15T16:26:00
1667,2404,2024-10-22T05:56:00
1667,157182,2024-12-11T15:12:00
1667,135087,2023-04-20T07:59:00
1667,203737,2024-09-26T07:07:00
1669,155493,2023-09-08T16:02:00
1669,42602,2023-09-15T20:51:00
1669,144906,2024-03-21T02:46:00
1669,6901,2024-08-03T09:41:00
1669,8123,2024-07-22T19:34:00
1669,130213,2024-12-26T17:18:00
1669,52922,2024-02-05T23:52:00
1669,99925,2023-07-09T10:16:00
1669,26090,2024-11-01T19:12:00
1670,183717,2023-07-27T23:50:00
1673,7986,2024-06-06T10:19:00
1673,78585,2024-02-27T10:53:00
1673,160187,2023-02-13T14:29:00
1673,121847,2023-11-03T20:07:00
1673,168400,2023-12-12T07:54:00
1674,62237,2024-10-01T10:02:00
1674,128287,2023-04-26T16:08:00
1674,109241,2023-09-10T05:53:00
1674,108936,2023-09-18T11:30:00
1674,188659,2024-08-05T01:31:00
1674,181229,2023-11-25T14:48:00
1675,123391,2024-06-05T17:07:00
1675,75962,2023-01-24T03:09:00
1675,7208,2023-03-19T22:22:00
1675,141357,2024-06-24T18:31:00
1676,135382,2024-09-15T06:43:00
1676,4266,2024-04-24T12:17:00
1678,67927,2024-04-19T09:22:00
1679,128884,2023-09-21T14:58:00
1679,47404,2023-09-01T01:08:00
1679,5873,2024-05-21T20:43:00
1679,201074,2023-11-26T22:49:00
1679,6139,2024-12-26T11:54:00
1679,179389,2023-12-04T22:17:00
1679,154796,2023-08-07T03:54:00
1679,5884,2023-09-22T03:59:00
1679,1835,2023-11-11T16:02:00
1679,114818,2024-10-09T19:26:00
1680,202559,2024-05-12T12:08:00
1680,131788,2024-10-12T19:54:00
1680,42053,2023-05-16T14:55:00
1680,67929,2024-10-11T04:37:00
1680,158192,2023-03-09T08:41:00
1680,51402,2024-09-01T03:17:00
1680,180203,2024-01-17T09:37:00
1680,196533,2023-01-02T06:24:00
1681,155304,2024-09-14T14:47:00
1681,99925,2024-02-05T03:32:00
1681,68915,2024-06-26T00:18:00
1681,122958,2023-06-26T20:36:00
1681,132922,2024-06-15T05:17:00
1682,195933,2024-06-13T06:26:00
1682,80748,2023-05-25T10:52:00
1682,59306,2024-11-18T23:26:00
1682,155705,2023-06-22T00:18:00
1682,184991,2024-03-24T07:20:00
1682,100017,2023-01-04T19:11:00
1682,105084,2023-04-22T16:09:00
1682,1029,2024-05-04T09:47:00
1683,125435,2024-10-12T22:48:00
1683,192401,2024-07-15T21:09:00
1683,158711,2023-10-13T00:02:00
1683,185149,2023-01-10T12:07:00
1683,100838,2024-08-16T22:53:00
1684,168184,2023-11-07T15:46:00
1684,175319,2024-05-20T21:59:00
1684,176397,2024-01-01T15:45:00
1685,5379,2023-03-28T09:06:00
1685,130874,2023-05-16T19:12:00
1685,142634,2024-11-07T16:40:00
1685,141203,2024-04-25T14:01:00
1686,187829,2024-08-16T14:55:00
1686,51520,2024-04-21T16:51:00
1686,96807,2023-02-19T00:57:00
1688,156911,2024-09-24T20:24:00
1688,130648,2024-08-10T06:05:00
1688,1420,2024-01-17T04:54:00
1688,128977,2024-11-01T08:51:00
1691,136174,2024-07-07T19:57:00
1691,184019,2024-02-20T00:28:00
1691,163170,2024-06-24T11:06:00
1691,192401,2024-11-13T06:15:00
1691,170555,2024-05-11T17:46:00
1691,150864,2023-10-11T15:47:00
1691,166171,2024-09-16T17:17:00
1691,194456,2024-06-08T03:38:00
1692,159349,2023-04-27T01:48:00
1692,179707,2024-10-23T03:48:00
1693,52938,2024-09-20T11:13:00
1693,105446,2024-06-25T05:13:00
1693,26813,2023-08-26T11:45:00
1693,67983,2024-12-14T15:32:00
1693,1855,2023-04-05T06:28:00
1693,208259,2024-07-01T06:48:00
1693,53468,2024-02-08T22:07:00
1693,3587,2024-09-21T07:40:00
1695,121693,2024-06-09T17:29:00
1695,150974,2024-04-15T09:28:00
1695,134657,2023-08-13T11:51:00
1695,6903,2023-05-19T17:24:00
1695,103139,2023-01-08T15:00:00
1695,193976,2024-01-14T22:49:00
1695,195369,2024-01-07T04:52:00
1695,26470,2023-11-15T12:28:00
1695,153424,2023-08-13T06:35:00
1696,72628,2024-02-05T09:58:00
1696,160444,2023-04-16T14:22:00
1696,176805,2023-12-16T03:48:00
1696,190309,2023-03-21T18:25:00
1696,1553,2023-10-10T23:18:00
1698,173757,2024-05-08T08:06:00
1698,142020,2024-09-28T20:18:00
1698,55080,2023-04-10T06:53:00
1698,25764,2023-05-24T21:22:00
1698,126136,2024-11-14T23:13:00
1698,104504,2024-01-10T09:30:00
1698,154984,2023-04-07T19:33:00
1698,26529,2024-11-10T20:35:00
1700,81564,2024-01-14T12:18:00
1700,128287,2023-09-13T10:14:00
1701,97828,2023-03-22T02:42:00
1701,204684,2023-08-11T08:35:00
1702,175235,2023-03-06T20:48:00
1702,197065,2023-09-28T05:33:00
1702,62999,2023-07-05T03:48:00
1702,131421,2024-07-07T06:24:00
1703,194,2024-10-03T03:39:00
1703,168334,2024-04-08T19:35:00
1706,8123,2023-10-19T23:47:00
1706,1526,2023-04-06T03:31:00
1706,130928,2023-06-02T13:08:00
1706,160444,2023-01-06T08:11:00
1707,6383,2024-04-22T08:49:00
1708,123246,2023-08-25T22:48:00
1708,6227,2023-01-11T03:26:00
1708,187879,2023-02-26T15:30:00
1708,172677,2023-04-11T17:35:00
1708,125435,2024-08-03T15:53:00
1708,2540,2023-09-14T03:34:00
1708,163210,2023-04-02T00:09:00
1708,114818,2023-09-21T16:14:00
1708,4342,2024-11-22T08:07:00
1708,102972,2024-11-24T03:33:00
1709,129707,2024-07-17T02:17:00
1709,66295,2023-09-11T18:18:00
1709,27788,2023-10-26T11:48:00
1709,194214,2023-05-27T11:09:00
1709,4917,2023-10-24T13:16:00
1709,162128,2024-08-18T00:35:00
1710,159775,2023-05-28T04:14:00
1710,155493,2023-08-23T04:45:00
1710,195263,2023-02-03T15:42:00
1710,144998,2024-04-04T18:45:00
1710,150974,2024-06-17T04:59:00
1710,203441,2024-11-12T15:22:00
1710,133535,2024-04-12T02:08:00
1712,188489,2024-08-18T03:26:00
1712,187189,2023-10-16T14:07:00
1712,208443,2024-06-18T16:01:00
1712,165871,2023-05-03T16:41:00
1712,96306,2024-08-23T10:50:00
1712,112001,2024-10-28T16:15:00
1712,77721,2024-12-22T18:13:00
1712,129820,2023-04-27T01:55:00
1712,145586,2024-01-27T13:39:00
1712,72678,2024-09-27T02:33:00
1713,125259,2023-09-22T09:24:00
1713,4917,2023-11-25T03:19:00
1713,189031,2024-03-11T16:15:00
1713,26146,2023-11-21T10:42:00
1713,99996,2024-01-08T19:03:00
1713,145849,2024-09-05T05:02:00
1713,125219,2023-12-14T22:15:00
1713,134053,2024-04-10T19:32:00
1713,187603,2024-07-20T14:51:00
1713,189791,2024-01-05T11:06:00
1715,1197,2023-02-08T14:30:00
1716,71114,2024-10-13T22:17:00
1716,163200,2024-06-13T14:25:00
1716,181229,2024-02-24T22:30:00
1716,452,2023-03-11T21:22:00
1716,3676,2024-04-15T15:04:00
1716,163328,2023-06-17T10:57:00
1716,59795,2024-07-06T08:55:00
1716,184815,2024-01-02T15:23:00
1717,95744,2024-07-06T11:34:00
1717,4397,2023-12-19T19:16:00
1717,64897,2023-04-11T03:19:00
1717,158350,2024-10-27T22:38:00
1718,6451,2023-03-10T12:05:00
1718,121847,2024-01-23T15:42:00
1719,194026,2024-05-24T02:26:00
1719,99996,2023-03-27T00:32:00
1719,98056,2024-12-07T01:42:00
1719,148184,2024-06-01T21:29:00
1719,6749,2023-04-06T16:30:00
1719,1376,2024-12-13T12:11:00
1719,1030,2024-10-08T17:36:00
1719,135856,2024-07-10T15:52:00
1719,195263,2023-02-27T20:21:00
1720,1740,2024-04-15T11:00:00
1720,196303,2024-02-12T12:07:00
1725,32625,2024-05-12T22:55:00
1725,3847,2023-09-06T17:06:00
1725,98114,2024-03-14T08:45:00
1725,203735,2023-01-27T23:58:00
1726,598,2023-02-17T05:21:00
1726,78442,2024-12-13T22:02:00
1726,86635,2023-01-24T21:40:00
1726,203441,2024-10-26T11:33:00
1726,138428,2023-02-01T09:00:00
1726,98695,2024-11-15T11:44:00
1726,203222,2024-09-08T01:28:00
1727,176805,2024-03-02T16:09:00
1727,162152,2023-07-27T00:10:00
1727,4664,2024-12-11T17:59:00
1727,171421,2024-03-25T11:22:00
1727,8855,2024-04-24T16:17:00
1730,148486,2023-10-22T20:33:00
1730,161262,2024-07-19T18:39:00
1730,146313,2024-09-12T12:21:00
1730,27788,2023-04-27T10:08:00
1730,120252,2023-08-01T20:28:00
1732,167296,2024-08-02T01:18:00
1732,206010,2024-04-17T03:48:00
1733,162128,2024-02-26T09:11:00
1733,164089,2024-01-26T02:35:00
1733,5598,2024-02-17T02:44:00
1733,122657,2023-10-20T03:17:00
1734,267,2024-11-08T22:27:00
1734,7208,2023-05-15T15:27:00
1734,107747,2023-01-26T11:19:00
1734,1163,2024-01-13T10:42:00
1734,4400,2023-09-02T11:12:00
1734,130213,2024-08-08T20:52:00
1734,124881,2024-07-04T14:56:00
1734,132022,2024-12-12T23:17:00
1734,76277,2023-11-17T19:15:00
1735,74431,2023-09-27T16:21:00
1735,160545,2024-01-27T16:07:00
1735,99677,2023-04-08T08:50:00
1735,51520,2023-02-04T08:52:00
1736,160545,2024-02-03T02:54:00
1736,173011,2023-10-02T11:00:00
1736,27018,2023-09-14T02:56:00
1738,78585,2024-12-18T00:49:00
1738,8695,2024-05-18T23:07:00
1738,204288,2024-02-12T05:11:00
1738,187039,2023-11-07T07:59:00
1738,148184,2024-06-16T11:58:00
1738,206010,2023-02-15T01:49:00
1738,131118,2024-07-06T17:41:00
1738,7107,2024-09-10T08:47:00
1739,3488,2024-02-15T09:24:00
1739,118800,2024-05-04T04:06:00
1739,146760,2024-07-14T09:39:00
1739,173227,2024-07-22T05:11:00
1739,104504,2024-08-04T14:20:00
1739,171731,2023-01-09T22:25:00
1739,115779,2023-08-18T20:14:00
1740,121296,2024-10-22T20:26:00
1740,121913,2023-01-23T08:10:00
1740,4397,2023-08-10T03:24:00
1740,26146,2023-12-08T05:03:00
1740,122958,2023-07-20T14:38:00
1740,109203,2024-10-26T12:18:00
1740,44255,2024-09-17T16:10:00
1740,7122,2024-12-14T04:04:00
1740,114429,2024-12-11T00:47:00
1742,149252,2024-05-02T23:02:00
1743,146760,2023-01-09T02:27:00
1746,44255,2024-10-03T09:11:00
1746,80097,2023-03-27T04:41:00
1746,6391,2023-07-26T12:00:00
1746,90947,2023-05-18T20:37:00
1746,2732,2024-06-05T02:46:00
1746,160070,2023-06-09T21:55:00
1746,135087,2024-04-05T16:11:00
1746,86802,2024-04-10T14:35:00
1746,8459,2024-10-25T07:19:00
1747,92968,2024-10-11T08:42:00
1747,32196,2024-02-05T14:00:00
1747,157903,2023-04-11T03:28:00
1747,123258,2024-08-23T06:22:00
1748,169456,2024-09-27T23:32:00
1750,89137,2023-06-20T02:42:00
1750,164063,2024-12-23T00:22:00
1750,131341,2024-03-04T06:01:00
1751,3111,2024-01-17T07:56:00
1751,94314,2024-10-21T22:40:00
1751,154142,2023-08-16T14:26:00
1752,171093,2024-10-26T06:39:00
1752,2318,2023-01-28T06:18:00
1752,94531,2023-11-04T06:49:00
1752,144192,2023-07-12T07:24:00
1754,26813,2024-06-26T13:28:00
1754,7986,2024-09-11T10:42:00
1754,184815,2023-07-24T14:26:00
1754,2640,2024-01-18T17:36:00
1754,50158,2024-09-13T14:11:00
1754,161161,2024-12-13T17:17:00
1755,168760,2024-09-26T01:59:00
1755,164089,2023-10-19T16:40:00
1755,4205,2023-09-16T08:07:00
1755,168214,2023-12-04T17:39:00
1755,123391,2023-10-01T17:09:00
1755,169154,2024-03-02T09:47:00
1755,122476,2023-11-03T22:52:00
1755,34540,2024-05-05T15:28:00
1755,48043,2023-04-24T20:29:00
1755,2732,2023-02-03T15:29:00
1756,203954,2023-07-05T06:21:00
1756,153368,2023-08-23T10:16:00
1756,172185,2024-07-02T04:38:00
1756,6391,2024-11-21T07:39:00
1759,187961,2023-09-22T21:24:00
1759,160444,2024-06-08T21:00:00
1759,119208,2023-11-07T22:05:00
1759,84372,2023-02-28T20:40:00
1759,174705,2024-01-09T15:39:00
1759,133712,2024-06-25T11:05:00
1759,161674,2024-05-12T20:41:00
1759,179389,2024-07-09T04:23:00
1759,146984,2023-07-03T18:29:00
1761,81142,2023-12-24T22:21:00
1761,179389,2024-02-01T16:53:00
1761,100838,2023-01-12T08:46:00
1762,26470,2023-10-23T00:12:00
1762,184815,2023-05-10T19:27:00
1762,149723,2024-02-25T07:21:00
1762,138820,2023-08-05T18:40:00
1762,165871,2023-04-02T15:34:00
1762,161262,2023-01-10T08:56:00
1762,145626,2024-06-22T02:29:00
1762,114396,2024-04-07T03:44:00
1762,31664,2024-07-26T22:47:00
1763,1197,2024-05-03T12:57:00
1764,168216,2023-04-05T02:39:00
1764,75981,2024-12-18T05:45:00
1764,129445,2024-05-02T12:35:00
1764,141524,2023-09-28T22:31:00
1764,121731,2023-05-07T10:38:00
1764,25764,2023-03-05T11:24:00
1764,200148,2023-11-20T14:00:00
1764,98695,2024-03-26T12:38:00
1764,90907,2023-05-23T05:04:00
1767,165871,2023-07-18T14:54:00
1767,139725,2024-05-20T14:35:00
1767,184869,2023-08-15T10:38:00
1767,154454,2024-12-16T07:13:00
1767,99243,2024-07-02T10:34:00
1767,170555,2024-06-14T11:36:00
1767,2435,2024-01-13T21:41:00
1767,75981,2024-05-23T13:22:00
1767,202940,2023-04-19T13:24:00
1769,156663,2023-09-13T20:25:00
1769,199886,2023-12-10T04:35:00
1769,162152,2023-03-13T04:49:00
1770,188551,2024-04-28T11:37:00
1770,165229,2023-01-05T05:30:00
1770,66773,2024-03-06T09:09:00
1770,165329,2023-09-25T12:57:00
1771,98056,2024-07-23T05:13:00
1771,133751,2023-08-11T21:47:00
1771,88682,2023-02-23T09:30:00
1771,34540,2024-05-05T12:57:00
1771,3045,2023-03-24T18:31:00
1771,203435,2023-11-08T01:10:00
1771,164616,2024-02-12T16:36:00
1771,105952,2024-01-06T01:48:00
1771,169154,2023-11-01T23:08:00
1772,149646,2024-09-10T12:54:00
1773,43684,2024-03-20T02:37:00
1773,123391,2024-02-22T16:57:00
1773,4342,2024-06-08T19:36:00
1775,164167,2024-12-02T06:15:00
1776,188885,2024-02-13T20:07:00
1776,67894,2023-06-25T18:10:00
1776,130648,2023-10-01T05:41:00
1776,174621,2024-03-11T03:20:00
1776,195185,2024-05-03T01:51:00
1776,163170,2024-09-25T20:16:00
1777,133535,2023-08-26T13:05:00
1777,95744,2023-03-18T22:41:00
1777,156911,2023-08-17T03:14:00
1777,145849,2024-12-09T19:37:00
1777,186279,2024-11-20T04:22:00
1777,155705,2024-11-27T23:51:00
1779,148634,2024-08-17T19:44:00
1779,133199,2023-02-07T14:53:00
1779,148755,2023-03-28T18:56:00
1779,166482,2024-03-17T18:06:00
1779,4615,2023-11-11T18:13:00
1779,129532,2024-09-02T19:09:00
1779,1163,2024-08-01T20:08:00
1779,2415,2023-02-13T21:17:00
1779,65780,2024-12-01T19:32:00
1779,42053,2024-12-21T06:06:00
1780,131310,2023-01-28T03:38:00
1780,199267,2023-08-08T17:14:00
1780,160070,2023-08-02T02:48:00
1780,116929,2023-05-12T05:44:00
1780,184981,2023-02-07T03:54:00
1781,80348,2024-10-12T05:41:00
1782,102677,2024-09-26T11:13:00
1785,141588,2024-12-07T02:18:00
1785,40226,2024-08-14T23:52:00
1785,143689,2023-04-27T00:07:00
1785,135856,2023-04-22T14:55:00
1786,173265,2024-09-20T01:38:00
1786,208120,2024-04-21T17:54:00
1786,67894,2023-02-06T21:09:00
1786,191293,2024-10-25T16:15:00
1786,204288,2023-04-10T12:26:00
1786,189791,2023-11-27T05:06:00
1786,75962,2024-04-14T03:25:00
1786,122009,2024-09-03T14:23:00
1786,206010,2024-03-03T18:00:00
1786,77721,2024-05-13T22:01:00
1787,107432,2024-03-21T17:01:00
1787,201074,2023-02-27T22:21:00
1787,193801,2023-08-02T00:43:00
1787,1263,2024-11-20T08:04:00
1787,3278,2024-04-09T06:40:00
1788,128287,2023-02-02T09:52:00
1790,26738,2023-01-10T02:45:00
1790,126136,2024-08-02T12:45:00
1790,180191,2023-04-03T07:40:00
1790,187879,2024-12-08T23:52:00
1790,26641,2023-08-06T22:54:00
1791,160561,2023-06-07T08:59:00
1791,179899,2023-03-05T13:38:00
1791,164167,2024-08-13T03:56:00
1791,80748,2024-01-05T07:03:00
1792,136846,2023-08-24T01:32:00
1792,174689,2024-08-23T09:08:00
1792,198469,2023-04-26T04:24:00
1792,127453,2023-05-26T16:02:00
1792,1263,2024-09-19T19:49:00
1792,131788,2024-04-28T06:34:00
1792,122216,2024-03-05T06:34:00
1792,139505,2024-09-22T22:07:00
1792,53004,2024-08-05T10:37:00
1792,187879,2023-07-17T23:15:00
1794,136174,2023-07-24T19:56:00
1794,166269,2024-03-07T10:31:00
1794,181229,2023-09-16T11:59:00
1794,6451,2024-06-22T10:22:00
1794,151501,2023-08-12T16:42:00
1795,83225,2023-03-13T06:20:00
1795,121626,2024-07-17T22:02:00
1795,151082,2024-09-03T15:57:00
1795,116604,2023-07-10T03:59:00
1796,3847,2023-06-06T13:14:00
1796,171093,2023-12-12T08:31:00
1796,163200,2024-05-03T03:15:00
1796,195519,2024-08-19T20:22:00
1796,5544,2024-02-03T18:28:00
1796,153726,2024-02-09T12:45:00
1796,4531,2023-12-18T22:53:00
1797,193773,2024-12-12T21:36:00
1797,50158,2023-12-25T07:04:00
1797,7025,2024-01-02T18:52:00
1802,137427,2023-04-02T12:32:00
1802,157182,2023-12-18T14:45:00
1802,146832,2024-09-27T10:59:00
1802,71114,2024-11-10T13:48:00
1802,144192,2023-05-28T21:04:00
1802,54997,2024-02-15T13:41:00
1802,208443,2024-11-22T11:19:00
1802,202103,2024-06-18T13:39:00
1802,7093,2024-04-24T14:13:00
1802,87049,2023-06-09T23:29:00
1803,121626,2024-05-12T05:30:00
1803,93535,2024-09-16T22:23:00
1803,122009,2024-10-02T19:59:00
1805,5147,2023-11-13T15:29:00
1805,165329,2023-03-15T10:48:00
1805,178821,2024-10-16T05:14:00
1805,114172,2023-08-15T02:31:00
1805,80768,2023-04-16T10:15:00
1805,204584,2023-01-16T23:25:00
1805,204126,2023-02-08T22:12:00
1805,126134,2023-01-10T09:07:00
1805,155304,2024-12-27T21:54:00
1805,208259,2023-05-14T04:31:00
1807,134053,2024-05-04T03:15:00
1807,68874,2023-06-28T22:34:00
1807,6073,2024-03-10T22:42:00
1807,147172,2024-03-05T03:40:00
1807,175147,2024-03-20T06:38:00
1807,102972,2024-04-19T12:35:00
1807,4435,2024-10-12T07:34:00
1807,135599,2023-01-19T17:32:00
1807,144914,2023-12-12T07:53:00
1808,71705,2023-06-23T18:56:00
1808,171421,2024-02-08T02:57:00
1809,26090,2024-04-12T18:52:00
1809,118736,2023-12-07T08:05:00
1809,63237,2024-08-12T05:33:00
1810,206403,2023-07-01T03:35:00
1810,171729,2023-12-02T09:04:00
1810,116489,2024-07-05T03:39:00
1810,122958,2024-03-09T04:02:00
1810,107430,2024-08-14T15:52:00
1810,208259,2024-02-11T07:30:00
1811,149104,2024-05-11T19:00:00
1811,27731,2023-04-20T19:17:00
1811,42053,2023-11-06T00:05:00
1811,43684,2024-09-25T02:02:00
1811,149646,2024-02-27T17:18:00
1811,3847,2023-05-01T23:46:00
1811,175997,2024-12-21T00:14:00
1811,140435,2024-07-12T04:41:00
1813,66773,2023-05-21T01:24:00
1813,164616,2023-03-04T07:30:00
1813,204126,2023-10-05T19:28:00
1813,208120,2024-05-08T17:31:00
1813,71114,2023-12-17T06:39:00
1813,187961,2023-08-17T01:22:00
1813,148994,2023-11-17T22:15:00
1814,149072,2024-03-25T03:05:00
1814,154984,2023-07-11T01:40:00
1814,168568,2024-02-20T18:54:00
1814,194694,2023-08-19T02:45:00
1815,144212,2023-04-25T19:48:00
1816,2263,2023-06-20T23:39:00
1816,194670,2024-10-27T13:19:00
1816,113585,2023-06-04T11:08:00
1816,189791,2023-10-13T02:14:00
1816,185579,2024-10-04T03:41:00
1816,71902,2023-10-05T23:04:00
1816,26205,2024-09-12T09:27:00
1816,83,2023-06-10T06:56:00
1816,156663,2024-07-28T19:51:00
1817,26641,2024-11-03T12:17:00
1817,174689,2023-04-01T23:44:00
1817,92641,2024-12-02T15:42:00
1818,8459,2024-12-13T23:13:00
1818,5544,2023-04-21T19:33:00
1818,202950,2023-06-19T19:00:00
1818,144442,2023-11-18T22:48:00
1818,144770,2023-09-01T20:31:00
1818,201656,2023-03-03T12:11:00
1818,113492,2023-10-23T04:06:00
1818,156821,2024-07-28T00:50:00
1820,89607,2023-11-27T14:25:00
1821,156420,2023-02-18T21:18:00
1821,161674,2023-09-09T22:41:00
1821,148994,2024-02-15T20:40:00
1821,147172,2023-04-07T08:40:00
1821,201074,2024-02-09T06:45:00
1822,190473,2024-02-08T18:19:00
1822,125029,2023-09-14T05:14:00
1822,196495,2023-08-26T02:16:00
1822,122928,2024-11-17T16:51:00
1822,3170,2023-03-23T03:28:00
1822,149678,2024-08-08T18:54:00
1824,64897,2023-07-21T00:41:00
1826,1163,2023-07-05T20:43:00
1826,6391,2023-11-04T07:06:00
1826,96799,2024-07-03T05:51:00
1826,125435,2024-12-03T18:12:00
1826,59306,2023-08-28T13:20:00
1826,146188,2024-05-08T21:20:00
1826,8459,2023-04-14T10:22:00
1826,2435,2023-07-06T22:46:00
1826,156280,2023-05-18T05:24:00
1826,93535,2024-04-26T19:00:00
1827,168216,2024-06-18T04:50:00
1827,71114,2023-07-18T23:29:00
1827,123258,2023-10-19T22:22:00
1828,153436,2024-12-03T00:36:00
1828,150340,2023-11-13T18:36:00
1828,197065,2023-11-12T09:12:00
1828,6703,2024-12-23T09:16:00
1828,168216,2023-04-23T07:41:00
1828,98402,2024-07-08T06:57:00
1828,195519,2024-08-06T23:44:00
1830,62237,2023-04-01T16:16:00
1830,170695,2024-07-16T05:32:00
1830,1263,2023-03-22T00:00:00
1830,177745,2023-08-28T05:17:00
1832,66686,2023-10-03T15:20:00
1832,202559,2023-12-11T01:32:00
1833,78442,2024-03-10T18:01:00
1833,60135,2023-03-15T18:12:00
1833,148184,2023-07-10T02:40:00
1833,187611,2024-06-27T20:43:00
1833,123246,2024-03-20T10:09:00
1833,133272,2024-01-04T03:57:00
1833,167610,2023-07-06T04:24:00
1833,202950,2024-01-16T10:46:00
1833,59974,2024-09-11T14:04:00
1834,680,2023-01-28T17:12:00
1834,40226,2023-06-16T04:01:00
1834,169154,2024-01-16T01:50:00
1835,171519,2023-12-15T18:31:00
1835,45642,2023-01-17T02:28:00
1835,191293,2024-07-28T22:03:00
1835,5379,2024-08-05T14:46:00
1835,26205,2024-08-27T08:48:00
1835,100042,2024-09-24T13:12:00
1835,155308,2024-10-28T01:06:00
1835,141203,2023-09-24T23:07:00
1835,163545,2024-07-17T11:20:00
1837,186511,2024-05-28T09:13:00
1837,2496,2024-04-14T20:27:00
1837,118470,2024-06-05T15:27:00
1837,8459,2024-05-10T02:41:00
1839,61475,2023-04-25T20:43:00
1839,121300,2023-07-22T14:33:00
1839,172235,2023-05-16T00:20:00
1839,90460,2023-03-28T21:56:00
1839,171421,2023-07-21T14:21:00
1839,77721,2024-01-12T19:41:00
1840,148062,2023-01-10T05:32:00
1840,26738,2023-08-09T19:33:00
1840,47634,2024-08-26T09:55:00
1840,103614,2024-06-05T08:41:00
1841,3485,2023-07-01T04:03:00
1841,147198,2023-05-03T12:31:00
1841,191293,2024-08-28T14:43:00
1841,131310,2024-10-25T21:22:00
1841,206403,2023-01-18T14:05:00
1841,157903,2024-12-11T22:02:00
1841,175983,2023-07-21T00:48:00
1841,144552,2024-07-26T09:57:00
1841,144838,2023-09-05T14:31:00
1841,134615,2023-12-28T15:39:00
1842,117590,2023-10-05T16:41:00
1842,205635,2023-06-14T00:26:00
1842,7281,2024-02-22T15:17:00
1842,26181,2024-02-09T09:46:00
1842,162128,2023-11-10T19:09:00
1842,131460,2023-05-03T20:01:00
1842,153897,2023-02-19T00:45:00
1842,165229,2024-01-13T19:34:00
1842,71705,2023-06-21T15:29:00
1844,205957,2024-04-13T08:42:00
1844,26676,2024-08-27T23:05:00
1844,173757,2023-06-24T00:24:00
1844,146832,2023-10-03T00:53:00
1844,117348,2024-07-12T20:30:00
1846,155308,2024-04-01T18:27:00
1846,135087,2023-12-06T00:46:00
1846,1714,2023-09-27T08:15:00
1849,131788,2024-07-16T21:30:00
1849,189225,2023-01-13T16:53:00
1851,149466,2024-03-19T16:13:00
1851,121300,2024-09-15T15:19:00
1851,101938,2024-04-15T14:21:00
1851,176393,2024-03-01T03:18:00
1851,1612,2024-05-17T10:18:00
1851,912,2024-02-01T23:17:00
1851,83225,2023-11-08T02:59:00
1851,153897,2024-06-15T01:53:00
1851,89137,2023-04-10T19:59:00
1851,164927,2024-11-13T16:50:00
1852,151641,2024-01-10T08:34:00
1852,155493,2023-01-16T06:39:00
1852,199267,2023-03-10T08:07:00
1852,151082,2024-08-09T08:06:00
1852,187879,2023-02-24T18:18:00
1852,73145,2023-08-22T18:37:00
1852,123816,2023-09-18T01:03:00
1852,161302,2023-02-16T09:03:00
1852,142268,2024-10-20T03:38:00
1852,90064,2023-01-26T05:04:00
1854,83664,2024-04-12T04:32:00
1854,189291,2023-02-03T03:27:00
1856,86781,2023-01-18T23:29:00
1856,76082,2023-03-26T13:33:00
1856,26317,2023-11-22T08:00:00
1856,122657,2024-01-24T20:27:00
1856,3488,2023-07-13T09:04:00
1856,99925,2023-06-09T19:45:00
1857,129731,2023-03-19T12:36:00
1857,59306,2024-12-04T06:26:00
1857,202089,2024-01-18T00:42:00
1857,139909,2024-11-20T05:49:00
1857,189687,2024-10-03T14:42:00
1857,2136,2023-07-06T19:54:00
1857,3483,2023-08-09T17:35:00
1857,148184,2023-04-15T03:02:00
1857,114642,2023-05-07T07:02:00
1857,110223,2023-06-13T04:41:00
1858,31664,2024-05-02T21:32:00
1858,208259,2024-12-04T22:46:00
1859,49817,2024-03-13T01:49:00
1859,44255,2023-03-02T20:17:00
1859,202940,2023-08-07T01:14:00
1860,114429,2024-04-02T12:08:00
1862,150308,2023-07-07T01:34:00
1862,204236,2023-05-19T16:05:00
1863,117348,2024-02-21T06:01:00
1863,203527,2023-05-01T01:17:00
1863,148634,2024-08-27T02:41:00
1863,169528,2023-12-01T13:31:00
1864,206010,2023-01-13T16:37:00
1864,190553,2023-02-19T14:37:00
1864,26139,2023-11-11T13:55:00
1864,82055,2023-05-21T05:43:00
1865,99677,2023-02-03T03:55:00
1865,163625,2024-09-12T03:08:00
1865,139978,2024-05-16T09:55:00
1865,26686,2023-01-01T02:14:00
1865,965,2024-11-24T01:45:00
1865,148184,2023-05-15T10:26:00
1865,60133,2023-03-21T11:35:00
1865,76277,2023-12-18T01:02:00
1867,141515,2023-02-27T20:10:00
1867,133712,2024-07-14T02:42:00
1867,175183,2023-05-04T16:05:00
1867,72261,2024-01-04T19:21:00
1867,67927,2024-07-02T07:54:00
1867,93535,2023-08-18T01:52:00
1868,148634,2023-01-05T11:20:00
1868,26119,2024-11-10T09:14:00
1868,203435,2023-06-17T16:11:00
1872,166269,2024-02-02T02:54:00
1872,186279,2023-08-22T23:46:00
1872,3677,2024-04-25T04:35:00
1872,68874,2023-04-19T13:57:00
1872,131118,2024-12-28T09:23:00
1873,68915,2024-06-28T11:56:00
1873,113989,2023-05-18T20:53:00
1873,80348,2024-01-09T04:04:00
1873,160444,2023-12-02T15:38:00
1873,6098,2024-09-21T18:52:00
1873,83225,2024-07-23T12:27:00
1873,161262,2024-11-04T03:58:00
1873,77,2024-01-05T04:13:00
1873,70571,2024-09-10T20:06:00
1874,151641,2023-08-20T19:39:00
1874,180801,2023-10-21T03:46:00
1878,146188,2024-06-11T11:48:00
1878,6901,2023-09-28T17:36:00
1878,180801,2023-09-01T11:43:00
1878,164927,2023-11-28T08:32:00
1878,116283,2023-03-09T12:52:00
1880,191,2024-01-06T15:55:00
1880,90947,2023-02-24T18:39:00
1880,6067,2023-08-04T19:04:00
1880,161674,2024-01-10T07:24:00
1880,177813,2024-05-01T11:54:00
1880,201414,2023-06-12T22:27:00
1880,150308,2023-10-10T23:49:00
1880,146694,2024-01-03T06:46:00
1880,69521,2023-02-10T23:27:00
1881,168016,2024-09-13T01:30:00
1881,8693,2023-12-20T16:34:00
1881,83664,2023-04-02T18:43:00
1881,7995,2023-09-10T03:45:00
1881,151501,2023-04-17T15:07:00
1881,26813,2023-07-09T04:47:00
1881,165907,2023-06-12T09:15:00
1884,1029,2024-02-11T23:52:00
1884,4615,2023-09-04T17:28:00
1884,108571,2024-03-17T01:25:00
1884,155705,2023-04-16T20:37:00
1884,189687,2024-05-01T05:29:00
1884,172677,2023-04-12T21:37:00
1884,142170,2024-09-04T23:48:00
1884,176397,2024-12-14T01:30:00
1885,92641,2023-05-21T14:10:00
1886,5379,2023-08-17T10:15:00
1886,93455,2023-08-20T10:17:00
1886,123735,2024-02-04T06:49:00
1886,158400,2024-07-08T21:35:00
1886,200604,2024-04-19T10:11:00
1886,33424,2024-03-25T16:22:00
1886,5147,2023-10-25T22:50:00
1886,139909,2024-08-01T14:38:00
1889,66506,2023-05-23T06:26:00
1889,131341,2024-09-04T20:03:00
1890,116929,2023-04-09T00:35:00
1890,160684,2023-02-03T11:33:00
1891,150864,2023-08-06T23:51:00
1891,147194,2024-08-05T18:18:00
1891,170695,2024-04-14T13:24:00
1891,164616,2024-07-27T10:06:00
1891,25996,2023-01-25T03:11:00
1891,131417,2023-01-14T19:10:00
1891,194456,2024-05-15T06:29:00
1891,8668,2024-02-11T03:32:00
1892,201656,2024-01-24T04:48:00
1892,97828,2024-03-10T07:04:00
1892,103139,2023-07-28T00:32:00
1892,203527,2023-11-05T13:43:00
1892,2415,2023-03-10T21:08:00
1892,81673,2024-07-19T12:36:00
1892,3647,2024-12-04T20:45:00
1892,56616,2024-12-05T08:03:00
1892,131009,2023-04-05T13:42:00
1893,75962,2024-01-18T09:23:00
1893,201656,2024-05-28T07:51:00
1893,108936,2023-07-09T18:14:00
1894,204184,2024-02-24T21:48:00
1894,4205,2024-08-17T00:37:00
1894,188103,2023-01-16T22:27:00
1894,75981,2023-12-27T05:57:00
1894,151617,2023-12-24T13:21:00
1894,195369,2024-05-14T19:50:00
1894,1740,2023-12-26T06:22:00
1895,202455,2024-05-03T20:51:00
1895,204126,2024-07-24T11:26:00
1895,148038,2024-04-16T03:29:00
1895,53004,2023-02-21T02:08:00
1896,163170,2023-12-03T14:36:00
1896,50158,2023-06-12T21:24:00
1896,53849,2023-01-02T23:24:00
1896,175183,2023-01-11T10:44:00
1896,187483,2024-06-03T04:25:00
1896,181229,2023-05-21T19:28:00
1898,188659,2023-04-12T03:37:00
1898,2570,2023-11-22T19:41:00
1898,176843,2023-05-27T15:07:00
1898,118788,2023-04-10T14:24:00
1898,182941,2023-12-14T20:17:00
1900,194536,2024-05-24T23:59:00
1900,3485,2023-05-02T00:11:00
1900,68242,2024-03-12T21:30:00
1900,1415,2024-11-05T21:04:00
1900,4917,2023-10-01T21:05:00
1901,138428,2024-07-25T01:11:00
1901,52922,2024-06-16T02:25:00
1901,67894,2023-03-18T08:24:00
1901,97828,2024-02-23T19:33:00
1901,105446,2024-10-06T22:00:00
1901,133541,2024-12-09T13:25:00
1901,156919,2024-08-23T23:21:00
1902,158441,2024-06-14T18:48:00
1902,98402,2024-05-09T14:57:00
1902,131009,2023-12-13T12:03:00
1905,320,2024-01-21T22:39:00
1905,128015,2023-11-09T04:48:00
1908,160545,2024-01-13T22:38:00
1908,47404,2024-03-13T16:49:00
1908,203483,2024-06-05T09:40:00
1908,4849,2024-06-22T20:42:00
1909,161161,2024-02-01T07:45:00
1909,142020,2024-12-11T17:53:00
1910,98056,2023-07-26T01:31:00
1911,92756,2024-04-14T04:59:00
1911,5873,2023-09-25T23:10:00
1911,52938,2024-01-15T03:22:00
1911,171101,2023-06-27T12:02:00
1911,26144,2024-04-13T00:46:00
1911,86717,2024-06-28T10:19:00
1911,187025,2024-01-20T10:10:00
1911,1468,2024-12-10T21:30:00
1911,173011,2023-05-23T11:51:00
1911,59306,2023-01-05T19:45:00
1913,2176,2024-07-07T21:21:00
1913,1163,2024-11-10T00:24:00
1913,128287,2023-06-17T15:43:00
1913,115779,2024-07-20T03:07:00
1913,156420,2023-03-06T15:44:00
1913,59795,2024-11-02T10:05:00
1915,81831,2023-08-05T08:15:00
1915,168400,2024-01-15T21:05:00
1915,134963,2024-10-09T13:34:00
1915,146832,2024-01-13T02:17:00
1915,176843,2023-02-17T11:40:00
1915,104504,2024-06-11T07:35:00
1915,141588,2023-05-25T04:38:00
1915,141281,2024-03-15T00:37:00
1915,197987,2023-03-19T04:18:00
1916,145849,2023-04-21T17:48:00
1916,156280,2023-07-07T07:25:00
1916,148222,2023-05-11T10:44:00
1916,53849,2024-06-17T23:59:00
1916,109353,2024-08-03T11:48:00
1916,198009,2024-03-04T10:41:00
1916,144192,2023-10-25T07:02:00
1916,8693,2023-12-27T17:44:00
1917,150864,2024-09-16T22:27:00
1917,66785,2024-11-01T17:19:00
1917,99925,2024-02-12T09:43:00
1917,143547,2023-08-18T05:40:00
1917,2820,2024-10-06T04:06:00
1917,202103,2023-01-07T14:49:00
1917,202940,2023-12-25T04:10:00
1917,94531,2024-12-24T09:16:00
1918,191293,2024-05-10T23:51:00
1918,1197,2023-01-05T02:54:00
1918,182849,2023-05-08T07:02:00
1919,194070,2024-01-13T00:50:00
1922,139950,2023-04-15T04:50:00
1922,121847,2023-06-24T15:29:00
1922,26676,2024-05-15T15:56:00
1922,202697,2023-11-10T14:01:00
1922,123816,2024-11-01T10:40:00
1923,168568,2023-12-03T04:24:00
1923,2136,2024-07-08T22:31:00
1923,152395,2023-07-17T04:16:00
1923,110763,2023-07-18T17:01:00
1923,203735,2023-05-18T19:39:00
1923,164495,2024-01-23T11:12:00
1923,1029,2024-07-10T03:39:00
1923,132022,2023-02-20T17:06:00
1923,27376,2023-02-14T13:22:00
1926,6486,2023-06-20T20:47:00
1926,200740,2023-03-20T08:28:00
1926,172235,2023-07-24T22:35:00
1926,55080,2024-05-07T20:48:00
1926,6749,2023-10-07T23:35:00
1926,65780,2023-05-19T01:41:00
1927,121277,2023-06-16T09:46:00
1927,203735,2023-07-14T22:53:00
1927,148038,2024-09-12T21:09:00
1927,2820,2023-05-16T16:17:00
1927,1526,2024-05-12T06:40:00
1927,85538,2024-04-19T07:07:00
1929,90537,2024-08-13T15:49:00
1929,105470,2023-03-27T12:02:00
1929,3111,2024-06-23T23:46:00
1930,107430,2024-10-04T22:53:00
1930,199988,2023-04-14T18:17:00
1930,122928,2024-11-27T06:29:00
1930,207624,2024-07-05T11:46:00
1932,154262,2023-07-27T13:46:00
1932,6469,2023-10-08T05:14:00
1932,151145,2024-06-11T00:12:00
1932,53849,2023-03-20T04:35:00
1932,105084,2023-05-11T17:15:00
1932,195519,2023-03-22T02:25:00
1932,98056,2023-09-17T05:53:00
1932,133541,2024-05-16T15:28:00
1932,205982,2023-10-18T12:54:00
1932,26813,2024-02-24T16:28:00
1933,26317,2023-02-08T08:50:00
1933,107430,2024-09-02T12:50:00
1933,125029,2023-09-05T10:49:00
1933,133029,2023-02-05T05:49:00
1933,1855,2023-05-22T03:49:00
1933,7369,2024-06-28T16:56:00
1933,186279,2023-03-04T19:04:00
1933,153368,2024-03-03T19:53:00
1933,154270,2023-12-19T07:46:00
1933,69521,2023-11-25T23:13:00
1934,158400,2023-08-16T20:27:00
1934,71999,2023-08-08T21:32:00
1934,4917,2024-01-23T14:45:00
1934,73145,2023-06-04T13:23:00
1934,139909,2023-07-14T18:16:00
1934,202559,2024-10-14T02:22:00
1934,153424,2024-06-16T21:37:00
1934,6073,2024-07-28T00:50:00
1934,147952,2023-06-10T22:18:00
1936,6391,2023-03-13T21:32:00
1936,197707,2023-01-15T11:34:00
1936,168334,2024-12-10T05:49:00
1936,163545,2024-09-28T14:20:00
1937,180801,2023-10-19T14:00:00
1937,95744,2023-06-04T14:26:00
1937,204584,2024-06-13T15:01:00
1937,71114,2023-02-08T15:29:00
1937,120490,2023-09-15T07:02:00
1937,122741,2024-07-11T19:31:00
1938,66506,2024-05-03T11:25:00
1938,173011,2023-02-08T16:45:00
1938,6901,2024-04-16T04:23:00
1938,173713,2024-08-14T03:13:00
1938,122928,2024-03-10T02:09:00
1938,176393,2023-05-21T22:37:00
1939,7369,2023-03-18T02:40:00
1939,62237,2024-11-25T10:26:00
1939,180833,2024-03-26T23:28:00
1939,156919,2024-04-22T12:34:00
1939,51520,2023-08-21T14:58:00
1940,67983,2024-01-08T22:14:00
1940,135087,2023-05-26T08:34:00
1940,174621,2023-02-11T15:29:00
1941,235,2024-09-24T04:00:00
1941,158441,2023-05-12T05:21:00
1941,2263,2023-04-18T11:19:00
1942,72261,2024-08-10T22:16:00
1942,5086,2023-06-02T03:27:00
1942,147952,2024-01-15T04:05:00
1942,172677,2024-03-01T14:06:00
1942,188489,2023-11-26T12:00:00
1942,6486,2024-09-15T09:42:00
1943,71902,2023-06-26T13:51:00
1943,80655,2023-11-17T23:50:00
1943,93455,2024-02-15T20:15:00
1943,187879,2024-06-06T18:12:00
1945,43684,2023-04-15T21:53:00
1946,108936,2023-04-20T08:11:00
1946,118736,2023-08-03T08:50:00
1946,127847,2023-04-21T04:57:00
1946,81142,2023-08-19T17:12:00
1946,152812,2024-07-09T07:37:00
1946,1263,2023-01-11T12:17:00
1946,116487,2024-01-16T07:21:00
1946,121277,2024-09-28T22:20:00
1946,202455,2023-05-15T03:03:00
1947,100017,2023-10-14T16:10:00
1947,123391,2024-02-11T11:16:00
1948,195519,2024-09-12T04:40:00
1948,197707,2024-10-04T10:59:00
1948,27603,2024-10-22T18:02:00
1948,127453,2024-09-05T13:58:00
1948,141515,2023-12-04T03:13:00
1948,879,2023-10-14T06:42:00
1948,5278,2024-06-16T20:26:00
1950,104843,2024-08-04T04:15:00
1950,184869,2023-09-02T00:42:00
1950,129707,2023-03-08T07:12:00
1950,122476,2024-10-05T20:48:00
1950,202950,2023-06-17T03:55:00
1950,187025,2023-11-06T22:00:00
1950,55691,2024-03-24T19:15:00
1950,131310,2023-11-23T04:29:00
1951,144552,2024-01-13T02:11:00
1951,202697,2024-12-13T13:47:00
1951,164495,2023-08-20T02:49:00
1951,148994,2024-05-28T22:48:00
1951,109353,2024-12-11T05:30:00
1951,3768,2024-09-28T05:27:00
1951,150308,2023-06-25T10:22:00
1951,801,2024-08-22T05:00:00
1951,147934,2023-10-14T00:08:00
1953,2435,2023-11-02T03:07:00
1953,197707,2024-12-22T05:11:00
1953,1714,2023-07-06T08:24:00
1953,3647,2024-03-08T13:20:00
1953,3770,2023-09-09T07:05:00
1953,122476,2023-08-17T09:02:00
1954,168334,2023-02-20T18:18:00
1954,3473,2024-02-11T12:04:00
1954,6722,2023-11-10T16:27:00
1954,7283,2023-01-19T06:53:00
1954,109203,2023-02-28T20:33:00
1954,3676,2024-10-24T04:55:00
1954,192637,2023-10-12T00:47:00
1954,4387,2023-09-04T13:03:00
1954,114642,2024-12-08T04:36:00
1955,25996,2023-12-28T06:27:00
1955,134294,2023-12-14T09:27:00
1955,26686,2024-03-20T16:11:00
1955,3380,2024-12-28T14:43:00
1955,186511,2023-05-22T09:19:00
1955,199267,2024-02-13T13:59:00
1955,92968,2023-02-23T15:53:00
1955,125259,2023-04-17T09:14:00
1955,2820,2024-09-27T15:03:00
1956,4620,2023-08-09T13:22:00
1956,168760,2023-01-15T09:19:00
1956,205168,2024-03-07T14:08:00
1956,68833,2024-10-26T10:15:00
1956,134657,2023-10-17T06:58:00
1956,154067,2023-09-27T03:00:00
1956,134957,2024-08-14T18:24:00
1956,55343,2024-05-27T15:14:00
1956,55691,2023-05-18T20:54:00
1956,801,2023-01-13T00:04:00
1957,164927,2024-08-12T01:55:00
1957,2207,2024-11-21T08:22:00
1957,165907,2024-09-26T19:20:00
1957,150070,2024-09-13T07:08:00
1959,26797,2023-02-22T11:06:00
1959,83225,2024-11-22T04:56:00
1959,6098,2024-07-10T03:30:00
1959,135382,2023-09-16T04:45:00
1960,116927,2024-07-06T08:06:00
1961,151641,2024-10-27T13:29:00
1961,151447,2023-07-25T07:40:00
1961,53849,2023-04-07T19:18:00
1962,89137,2024-08-20T03:07:00
1962,103139,2024-11-19T15:21:00
1962,7369,2024-12-26T15:20:00
1962,144212,2023-03-20T18:33:00
1962,150974,2023-01-01T13:17:00
1965,83374,2023-08-09T21:18:00
1965,173713,2023-08-15T02:19:00
1965,131310,2024-10-08T23:25:00
1965,107747,2023-01-13T15:03:00
1966,156280,2024-06-19T01:22:00
1966,176397,2023-05-01T20:48:00
1966,3768,2023-08-22T05:54:00
1966,141550,2023-12-13T19:40:00
1966,2496,2023-07-23T06:54:00
1966,6082,2023-06-13T22:56:00
1966,3278,2024-12-19T13:41:00
1966,79610,2024-01-13T05:35:00
1967,2493,2024-06-11T19:44:00
1967,3485,2023-07-25T18:28:00
1967,3551,2024-11-20T14:36:00
1968,8387,2023-05-22T04:43:00
1969,184019,2024-06-21T20:55:00
1969,114642,2024-05-17T07:29:00
1970,148038,2024-07-22T12:30:00
1970,80097,2024-05-23T13:28:00
1970,133199,2023-07-20T05:01:00
1970,66773,2024-12-18T05:57:00
1970,146832,2023-08-15T23:00:00
1970,154598,2024-11-12T22:25:00
1970,196533,2024-08-14T21:14:00
1970,109203,2023-10-23T03:53:00
1970,179899,2023-03-11T18:03:00
1971,25764,2023-09-22T16:16:00
1971,2207,2023-11-01T08:12:00
1971,127494,2023-03-22T13:02:00
1971,2404,2023-07-28T01:37:00
1974,147952,2023-08-26T18:12:00
1974,94531,2024-08-23T03:52:00
1974,62237,2024-04-21T08:52:00
1975,26205,2023-11-24T09:07:00
1975,88452,2024-04-03T13:07:00
1975,198635,2023-09-09T21:39:00
1975,3770,2023-03-08T08:26:00
1975,160070,2024-06-12T23:34:00
1975,82370,2023-05-20T19:44:00
1975,3380,2024-05-26T23:06:00
1975,204684,2024-06-15T22:37:00
1976,149104,2024-11-06T09:20:00
1978,61931,2024-11-27T16:52:00
1978,186661,2024-09-04T00:29:00
1978,194416,2023-09-26T11:23:00
1978,203483,2024-12-10T21:50:00
1978,121194,2024-12-27T04:25:00
1978,134053,2023-11-21T07:19:00
1978,194536,2024-04-01T22:13:00
1978,113989,2024-10-19T12:26:00
1978,26205,2024-10-12T23:27:00
1978,129990,2024-11-11T06:43:00
1979,77721,2024-07-22T11:19:00
1979,6293,2023-01-13T05:22:00
1979,103139,2024-03-22T03:02:00
1979,142262,2023-04-18T19:17:00
1979,147172,2024-06-25T14:38:00
1979,191,2024-09-28T12:26:00
1979,122657,2023-09-11T21:58:00
1979,2732,2023-04-04T05:49:00
1979,133199,2024-04-07T17:37:00
1979,132868,2024-09-21T22:04:00
1980,189031,2023-01-11T22:21:00
1980,84372,2024-03-06T22:27:00
1980,97828,2024-08-18T04:25:00
1980,201414,2023-07-27T01:31:00
1980,126719,2023-09-06T20:35:00
1980,89549,2023-06-08T20:59:00
1980,99996,2024-01-15T22:58:00
1981,109793,2024-10-12T15:04:00
1981,123391,2024-11-15T23:16:00
1981,148212,2023-01-11T21:32:00
1981,93022,2024-02-19T23:58:00
1981,136174,2024-12-22T18:06:00
1981,92740,2024-01-06T22:46:00
1982,6366,2024-01-11T14:14:00
1982,148994,2023-08-20T15:35:00
1982,84989,2023-07-10T04:34:00
1982,188213,2023-02-08T10:56:00
1982,130874,2024-05-28T07:10:00
1984,145875,2024-07-04T03:31:00
1984,96110,2024-06-27T11:06:00
1984,72628,2024-09-11T13:03:00
1985,2136,2023-11-14T08:02:00
1985,5544,2024-04-24T02:25:00
1985,195519,2023-04-14T15:20:00
1985,124829,2023-02-08T05:57:00
1985,130152,2023-03-28T11:07:00
1985,150308,2024-03-03T02:41:00
1985,98695,2024-10-03T05:06:00
1985,188103,2024-01-03T21:32:00
1985,144906,2024-12-14T23:06:00
1985,1155,2023-12-06T21:26:00
1986,120234,2024-06-15T04:08:00
1986,128886,2024-12-03T11:08:00
1986,172677,2023-09-22T06:44:00
1986,3551,2024-01-27T13:01:00
1986,45030,2023-03-09T13:57:00
1986,122928,2024-09-02T07:19:00
1986,205982,2023-03-25T14:55:00
1986,80655,2023-08-15T05:46:00
1986,164685,2024-01-14T09:45:00
1991,7093,2024-10-21T11:04:00
1991,99925,2023-01-13T02:15:00
1992,4849,2023-08-03T12:57:00
1992,1484,2024-12-05T00:28:00
1992,27731,2024-04-21T12:38:00
1992,4291,2024-02-02T11:44:00
1993,6486,2024-08-01T08:10:00
1993,99677,2023-11-07T21:29:00
1995,128884,2024-05-07T21:16:00
1995,122928,2023-06-20T22:43:00
1995,135599,2023-10-16T18:42:00
1995,7122,2024-02-04T11:23:00
1995,188885,2023-09-28T09:33:00
1997,124881,2024-07-02T12:42:00
1997,135856,2024-08-20T18:33:00
1998,208259,2024-12-11T08:29:00
1998,144442,2023-12-22T07:11:00
1998,173713,2023-05-22T06:52:00
1998,160561,2023-05-01T00:33:00
1998,192401,2024-08-08T03:55:00
2000,154067,2023-02-25T21:08:00
2000,43684,2023-06-03T21:13:00
2000,7025,2023-06-04T21:13:00
2000,82055,2024-06-18T11:45:00
2000,160187,2023-08-26T18:49:00
2000,6903,2024-08-11T02:17:00
